open,high,low,close,volume
137.45401188473625,237.36408184666985,86.49991554949852,163.8144568372174,4668
195.07143064099162,233.29120962314033,59.22559977993558,145.9292453534193,3624
173.19939418114052,217.615391250286,67.33198471849431,196.4498524863941,2075
159.86584841970367,260.7266670101488,83.16403184289092,121.89784509842382,2026
115.60186404424365,247.66241605086287,74.10446722622399,158.78564159989406,3124
115.59945203362027,286.57009923240037,86.92855193174469,170.02100149902225,2670
105.80836121681995,203.21095804820584,98.06039506114298,182.55644893453817,2861
186.6176145774935,264.3867927555126,55.827334385759876,140.6971030428007,3629
160.1115011743209,276.2948878511561,85.47838581990305,168.69219076574814,4745
170.80725777960456,275.9486569188307,61.51720778160573,130.32014713842827,3655
102.05844942958025,288.6073967095525,70.72383637037846,143.54760923618204,2039
196.99098521619942,272.9033742829494,51.64313628975699,189.56271312033994,3277
183.24426408004217,292.7810061647696,56.795369114634944,194.99076093309543,1903
121.23391106782762,233.26565998208915,65.98886445244499,171.88173469272647,3964
118.18249672071006,250.3209416751543,67.09929026439924,137.4351890776185,1888
118.34045098534338,201.40796632828906,94.9792608231048,182.0057789974664,2290
130.42422429595376,200.69575873032912,87.09064546332576,102.58670817254202,2329
152.4756431632238,224.01266204515198,98.60914840935206,110.2745910539421,4926
143.1945018642116,210.08071971390854,79.95357551676203,166.13737363753611,2029
129.1229140198042,226.02113679357535,62.0856866045659,129.12485752700576,2133
161.18528947223794,217.70432945283974,66.38275149608214,195.1386218400478,1142
113.94938606520418,202.85200248386482,65.99179616459836,143.60606120923046,2930
129.2144648535218,290.9304146406049,66.32471638316258,142.9364820389177,2690
136.63618432936917,200.82231313888914,83.64820865559079,167.80795101909314,1206
145.6069984217036,273.60821443370855,76.5403964045208,176.75685623061895,3476
178.51759613930136,215.21478869195164,69.27120890433221,147.55587381251365,1165
119.96737821583598,291.22296219995997,57.45448843643583,121.40009017117242,3307
151.42344384136118,289.2795939589886,51.10695814710729,177.33086427256217,2997
159.24145688620425,265.3901146369257,60.94173387938463,132.03512748736276,4756
104.64504127199977,267.2234149800605,55.37357019843407,117.51107692938575,1393
160.75448519014384,200.53391419696885,89.27225154261197,163.16401899250133,1120
117.05241236872915,298.4871566113602,55.62489789069427,109.04536669903504,3997
106.50515929852796,287.7832603575814,86.2114118653418,197.1352675086055,1412
194.88855372533334,289.5106225730092,69.28293448880413,163.2397264412137,4211
196.56320330745592,265.9244537050872,53.6689194871888,198.58955209217558,2975
180.8397348116461,234.47869286545364,90.63650247157929,133.8893423478636,3215
130.46137691733708,289.3648649090481,78.98152851183067,197.1205161190398,4155
109.76721140063839,229.15169281511925,61.78807564317865,114.55622477286235,1420
168.4233026512157,256.2711543342203,94.7340587166334,104.06947723470284,2729
144.01524937396013,209.97309723438823,52.262915693527574,103.29840604546025,3835
112.20382348447788,292.19556301327503,60.09098040988815,146.4870370599227,1267
149.51769101112703,214.07704577712133,87.60234639029305,108.30041974785948,3085
103.43885211152184,222.48968057304072,85.46889651549446,151.21678841676018,3973
190.9320402078782,255.8134158128215,64.4635846862239,132.75005035089004,4374
125.8779981600017,276.4093000212981,53.101243767639154,133.56289924741156,3385
166.2522284353982,261.9351305936299,92.90390361124719,163.560899654517,2777
131.1711076089411,223.21339128001563,65.68488190349512,116.30980061516202,3377
152.0068021177811,200.09430425274903,59.78567074641326,176.6553370339731,1198
154.67102793432798,275.71505803074393,75.80309111804885,158.20309197786347,3857
118.4854455525527,298.5207325911094,95.51135996412236,191.4944628847511,1004
196.95846277645586,280.99131203060904,52.17732889216877,136.48406537675234,2455
177.51328233611144,246.02066181566153,88.29020440154439,198.27149920671255,1988
193.9498941564189,290.37672613991066,78.62366139693545,157.58276467140232,2394
189.4827350427649,240.98476731183501,71.27245582759085,197.3401956187534,1894
159.78999788110852,252.49340842434674,87.20402220525301,102.70606540471154,2890
192.18742350231167,247.71297673956832,98.29122122208162,172.7976322412388,3150
108.84925020519195,244.76238726655248,61.46031055813455,181.66215242927365,3482
119.59828624191452,277.51907692939056,57.18236825360598,105.31732866764875,2931
104.5227288910538,252.67689072694918,95.64408726113484,157.89696640162458,1649
132.53303307632643,231.6717122025216,83.44765387286517,180.19422935894482,2828
138.8677289689482,225.81581676584784,71.89930107809829,156.10387252230728,3428
127.13490317738959,203.77473169674334,78.66297851321416,106.38135904054667,3113
182.87375091519294,258.3195161883046,87.2806952588122,169.34472408983115,1578
135.67533266935894,222.99614154010342,88.65159493528586,106.05969146733086,3317
128.09345096873807,214.8133922016383,95.99470904094824,181.74688950164386,1046
154.26960831582485,265.3829963827678,71.34213944478114,104.30341833066944,3963
114.09242249747626,268.12092578215487,64.67054550096975,113.73973810103708,1364
180.21969807540398,275.2154892257666,81.9832133394921,127.51075905232685,4952
107.45506436797709,250.35768963385914,70.78639496397652,163.33647922608,4251
198.68869366005174,289.40546052038866,79.7299226974489,197.6359099631306,3115
177.22447692966574,293.6342753398228,70.99928992279752,111.78228526199344,4186
119.87156815341724,280.7370939792489,57.64978933390872,114.27076692139184,4097
100.55221171236025,263.5593482008187,73.47133758294792,136.88703967009803,4630
181.54614284548342,230.37209535911887,84.54589109705164,183.62191377553202,3254
170.6857343847617,298.29449216202215,89.96419038338249,146.72309527508142,1072
172.90071680409875,227.41361671919384,74.66631383982734,132.16106002558217,2282
177.12703466859458,220.26569219904312,58.261894510520044,156.12038322088614,4457
107.40446517340904,244.21541137865827,70.73438548247158,126.052319744575,3022
135.84657285442725,205.68405707123884,89.31469644208491,140.1159907247521,3077
111.58690595251298,297.84944646717906,70.64296353085365,133.2605149232042,4492
186.31034258755935,258.84335564164246,84.82653968021111,180.4141022414646,2026
162.3298126827558,255.69520916641753,75.36068408390449,192.42557264380008,2544
133.08980248526493,265.579627989972,62.06115625546983,175.95721921569117,2543
106.35583502860237,249.70236477772067,89.80752540115373,143.90835760299836,1520
131.09823217156622,203.20635170945417,54.21067270353435,150.43349774966637,3935
132.5183322026747,261.23112888403966,76.24451413775753,112.50736939294357,1400
172.9606178338064,271.61738769564306,60.444551712170245,174.68647111345376,2687
163.75574713552132,241.6749060624053,53.35328142706878,159.64756793950443,2991
188.72127425763267,275.7295572071193,75.14669685416244,190.24399961374365,3036
147.22149251619493,222.70012993384205,74.97810779674617,120.06111435751532,1653
111.95942459383016,222.1276591066184,85.34504508378603,175.97261219326123,1949
171.3244787222995,216.1416987687574,87.23753465259524,168.46716617191896,1847
176.07850486168974,237.19947597891618,86.38957443464484,126.58455338097522,4345
156.12771975694963,284.7012035389084,70.47793664583776,166.7378639540825,2495
177.09671799545612,282.7912062149064,81.58448936132812,192.43733805766496,1934
149.37955963643907,238.28242079635038,78.84726213219801,191.8435987667119,2395
152.2732829381994,258.91187359802365,71.07808780584598,171.96265745161412,3478
142.75410183585495,272.0816316474916,79.86063470929966,104.80731125340601,1538
102.54191267440952,224.1206774628023,97.36239383531313,187.22643373201615,4419
110.78914269933044,216.8141085894747,59.64468718406887,165.777860700454,1070
103.14291856867342,297.2095993212311,95.28860478927632,131.04342531827345,2505
163.64104112637804,261.75573132096184,52.67277569915992,118.72503617056992,2754
131.43559810763267,298.1415721833664,65.41946064508303,111.6203862997317,2825
150.85706911647029,233.7755987132229,64.40726243057641,105.0236899257761,1255
190.7566473926093,270.30316999741314,81.31825539404528,175.41032479507564,4174
124.92922291488749,222.26036365412378,56.56124758886452,123.58429989432753,3194
141.03829230356297,226.1200171273913,94.11738059198768,102.4252936043255,1901
175.55511385430486,251.1902121269624,91.42757042325206,139.72706518419892,1669
122.87981654916224,231.9618125508071,82.60329098426388,148.26070805923388,2883
107.6979909828793,216.76215638405844,72.92069158960989,116.92302309001269,1139
128.9751452913768,226.2880701989326,96.64780210710393,104.40483361625498,3702
116.12212872540044,203.57483944658645,91.5373277360278,118.91254830980688,3668
192.9697652342573,270.44236214774867,74.96575740406224,167.91027618365743,2446
180.8120379564417,249.21166570858617,85.09366772271557,108.22436772512064,3918
163.34037565104234,209.42430664045256,78.34649760898424,155.5037030556994,4903
187.14605901877178,217.16939931284912,79.39711191941322,114.64119879081667,1063
180.36720768991145,210.2534538112644,66.54880347187355,119.56891735804194,2294
118.65700588860358,261.25928082758765,73.10423023124484,139.30778832666988,2721
189.25589984899779,209.42103636124938,53.90607153948721,110.08253360537313,1867
153.93422419156508,275.4282333035216,67.86743458322962,117.32035027822128,3882
180.74401551640625,202.05109193203913,84.7914257681076,134.8952411451354,1512
189.60912999234932,224.9375787995892,97.66080152530932,132.96690054983668,2030
131.80034749718638,289.06666758919073,98.15320563815101,174.92714856757317,2416
111.00519245276767,271.8531318122246,77.78614345624459,107.47823051264244,4072
122.79351625419417,207.29683329256878,80.33111259047911,186.04507356663436,4332
142.71077886262563,282.11261044851796,59.28605927504837,181.62321707394548,3094
181.80147659224932,249.3035121540205,84.76540540467653,176.59916396919385,1867
186.07305832563435,284.6783027168829,53.53293963371931,130.93723624631326,1777
100.69521305311908,260.07397744503936,64.23428428997222,182.28817855407874,2025
151.07473025775658,268.18330320328585,83.41816736427211,118.28020802892809,3582
141.74110031487788,299.35015603957083,65.51550657717446,112.44092058550282,1358
122.21078104707303,223.23355459240182,52.49234370572272,104.49563334894873,2500
111.98653673336828,262.39455747613886,91.59352046754819,193.9310363005576,2938
133.7615171403628,246.03213900573985,65.51650035672816,130.80108977052737,2445
194.2909703912519,203.94519529226915,53.15526124293392,191.7617880177906,1814
132.32029320207553,201.4470641502865,53.73940822514326,127.26135615193297,1595
151.8790621743366,211.92285778178586,62.58793993943768,190.75659593363497,3251
170.30189588951777,264.9091740538548,58.900797361076314,190.39290528460884,1970
136.3629602379294,256.7163087913392,88.71500588900754,192.3676045010713,1226
197.17820827209607,255.34295611637276,66.08420233335173,149.61534392841938,3995
196.24472949421113,203.185676252826,90.23478925199163,186.59462867988918,4835
125.17822958253642,246.9302996360007,58.69229989115764,195.076589616732,1816
149.72485058923854,292.46228178425287,74.64395897720419,132.46169418971795,2990
130.08783098167697,239.75918693106468,84.40185667765644,141.8874405682555,3198
128.48404943774676,262.4922469788456,82.59954269329273,171.9240187335744,4318
103.68869473545328,277.98186756231433,80.05647049651344,130.03598217233008,2841
160.95643339798968,278.39252791418875,96.24108009655849,175.3809308912659,3064
150.26790232288616,251.92800823952714,61.426257385337216,107.3892145213534,3351
105.14787512499893,285.79519454023364,74.68596022310527,152.3498384288542,2912
127.86464642366114,239.1378093363747,94.19962750362043,112.23134840837452,2537
190.82658859666537,288.86932147847983,53.89468827975785,129.33234764366765,4268
123.95618906669725,224.02271663955452,52.79441341265376,125.8625392486472,2469
114.4894872091223,228.02164069905712,61.66511437791457,183.8932073562666,2364
148.9452760277563,205.31206241990012,81.65106097690092,119.35172554061975,3828
198.56504541106005,279.5581836542283,62.99398132249034,180.84479201591188,2084
124.20552715115004,241.70552362327055,59.51199419043995,179.3960345907922,1266
167.21355474058785,222.91166139113992,72.9401157679146,149.88830555572298,2120
176.16196153287177,223.17902776165798,80.67990343847057,123.38432555961296,2306
123.76375439923997,290.1399941229233,62.427885350837016,122.68963399562227,2270
172.82163486118594,283.3916600461037,65.0345593361871,146.49246471158477,1034
136.77831327192533,255.3530885357183,80.6779652405757,100.88090073935163,1785
163.23058305935794,261.6110800415721,97.28692109947264,153.1350754611366,4540
163.35297107608946,247.4325570550291,83.73708637190441,195.27795257670556,1067
153.57746840747586,239.16665428788087,89.145207179228,115.47068818625965,1188
109.02897700544082,291.5476881218332,68.34050473777344,157.33456214756035,1040
183.5302495589238,212.5612703520302,63.612717969223304,196.17786886444568,1607
132.0780064971736,241.84467897162278,72.71338716013113,186.05221394916003,1682
118.65185103998542,234.45619079878753,90.35664143558368,185.03801163813404,1944
104.0775141554764,249.81507202511483,72.81498208952779,182.18499303961892,3954
159.0892943188242,245.7631874545175,92.33627043949305,130.90236060561855,4138
167.75643618422822,251.88895316510815,99.43859903475635,189.0616831266812,1946
101.65878289278561,213.9918977226994,53.60133328651682,194.13403512331712,2331
151.2093058299281,251.3141501513277,52.270507804185186,149.57924232990393,4190
122.6495775197938,224.24188138872108,57.47948514566809,135.45710472594587,1852
164.51727904094497,218.43313489881913,69.21848378671731,141.42290156058561,4754
117.43664290049915,206.4834218786191,56.552110457271624,133.42064418312657,4257
169.0937738102466,276.2652558756141,93.5332238809378,121.241844202454,1973
138.67353463005372,242.74419208565598,51.15731255135319,161.84484702528894,4141
193.67299887367346,262.66436833117587,65.78963581679113,156.2596886245323,4058
113.75209441459933,272.7593343304743,59.234731474710266,146.25850710392757,1756
134.10663510502584,267.93166653135535,96.57696650787662,109.58453866848318,4996
111.34735212405892,247.05007190896822,83.4740502445014,179.68929647059997,2694
192.4693618278563,238.789852895173,95.60151282256872,117.49335627507892,4054
187.7339353380981,237.59599096406637,98.61643551551967,111.45620433960481,2307
125.79416277151556,264.00487969300565,74.85491218386846,162.30713954829474,2642
165.9984046034179,249.47943549418733,61.71595540240131,139.86443612377232,2969
181.7222200201216,284.91322479885105,59.68643930982947,105.98084753523295,3595
155.52008115994624,287.4701984326712,61.14594308429203,135.5568354961058,2371
152.96505783560065,217.05603780065184,85.42966538110014,177.1780352284963,3962
124.18522909004517,213.62336515457255,52.02228640615004,161.52492052170976,2218
109.31027678058992,263.04009260359993,52.56805365163574,136.2786022986997,2803
189.72157579533268,230.12257480622793,80.4071471191575,119.18047916345881,1483
190.04180571633304,201.85707187650988,82.10285733687033,163.17956208047733,3007
163.31014572732678,288.8642669362955,83.263146216123,188.75553009463553,1587
133.90297910487007,222.69007672438082,68.59402522942956,164.62727180159138,4351
134.92095746126608,292.92806516858093,90.29724443570765,181.29038546502244,4904
172.59556788702395,271.74344508782536,76.68122938633088,152.1527838554371,2371
189.71102599525773,276.2653489911484,55.27328150047097,171.7971106741029,4663
188.70864242651174,220.14614957931605,89.85496535336726,189.62267737783523,4988
177.98755458576238,223.4194425616813,97.65338931352292,177.31789782586551,4549
164.20316461542876,252.12677538240658,53.00181565011793,190.98539533981457,2121
108.41399649950489,217.20998526498622,69.56756693502899,143.11396021160598,1281
116.16287140946137,230.54316926830322,74.37580224173738,190.42202551270566,1629
189.85541885270794,232.14624779478044,57.32353800391585,162.15672344817077,3466
160.642905965959,215.96299332527641,93.38544738914385,187.00487660816935,1222
100.91970516166296,220.51828333951607,64.2074822445022,103.93765304378354,4323
110.14715428660321,278.85518420082565,89.15042699690801,165.7852381913536,1079
166.3501769108056,216.71958545472683,83.54972410141579,184.79750788778986,1825
100.50615838462187,202.84573918439224,79.90229112335118,117.42020336431997,3729
116.08080514174986,262.9354942628938,59.60714243482772,166.1786933464923,3460
154.8733789366586,297.598311939245,61.03517602754528,182.49547142166313,4740
169.18951976926934,233.12138146231214,52.36742023732847,128.7949369632637,4464
165.19612595026007,211.86557031962522,62.03562148911332,140.5246327906392,3381
122.42693094605598,257.03873253675306,67.27218047302571,156.95177184992195,3936
171.2179221347536,290.6354211095646,91.65726519312128,151.9167688884562,2351
123.72490874968001,278.4061779828479,68.31963333574026,103.91893930371356,2025
132.53996981592678,262.2515868412716,87.73108913828032,109.86720980854135,2226
174.64914051180241,231.50564966075993,71.97211406477437,110.04665793043613,3305
164.96328990472148,254.188017327622,89.24341559969443,126.2267905499175,3810
184.9223410494178,209.12448413042554,98.81358002185199,124.58641128024493,4438
165.76128923003432,267.894542428067,61.992077902879004,174.22223837867995,4217
156.83086033354715,272.50960188976507,93.11708059819381,157.27443860161446,1836
109.36747678280925,296.5031622909919,81.09120431528873,176.39760846452413,3043
136.77158030594336,226.03973587450716,90.86471307943273,106.98960574108702,4449
126.52023676817254,201.84564190430225,82.57929511339026,148.52142374716007,2464
124.39896433790835,254.56084644271505,71.19747536370751,132.37755792652695,1454
197.30105547524454,270.6790504396814,61.40374697208952,184.99393107557464,4478
139.30977246667604,279.0407475882988,53.50176126655825,170.77891569099035,2810
189.20465551771133,219.37389330248106,76.77591822303584,186.92584708267964,3066
163.1138625997263,226.17528690370236,99.51630472634328,104.642712240606,4001
179.48113035416486,251.25909252672963,86.9020902507103,172.08234895666004,2903
150.2637093105192,233.06008099700017,66.36727706995083,154.0008352159578,1978
157.6903884626359,286.0511486587445,91.36024000433676,182.50000290155657,1432
149.2517693818864,247.37601537387204,88.44920000882033,150.7160590925821,2452
119.52429877980445,279.9578644102003,64.08178966767284,154.0209077901909,1251
172.2452115261505,258.06197604823535,50.715374489711735,105.17673809420651,3023
128.07723624408558,277.3090141617112,55.90813192669748,166.85228650359667,1795
102.43159664314538,233.26729865303238,93.86530951560289,127.31398756050501,4914
164.54722959071677,283.14166219303115,91.82815176524359,101.96939221788205,4633
117.7110679407049,227.45723155510217,64.76045004391813,106.643716250603,3954
194.04585843529145,254.60988080032908,64.25977131422101,195.72856089660257,2846
195.39285770025873,221.40071131738742,89.64324935512356,134.6077289579847,3696
191.48643902204486,247.55265216261932,96.8868734947711,186.8075628621159,3957
137.01587002554444,231.81752095087032,88.95686283987999,195.9677234069256,3785
101.54566165288674,226.67034306372142,80.27893385153807,194.32671888373227,1220
192.83185625877252,296.6985018028038,62.133567516590226,188.17252406994203,3160
142.81841483173145,216.00741054867305,76.28739570476303,189.4843912461301,4220
196.66548190436697,278.73258374573953,61.67559292966323,128.90080443409516,1559
196.3619977089253,298.4164959483215,90.40057100483868,115.14698902603583,2081
185.300945546736,201.9901483740078,69.34805397588687,163.92625620879238,3244
129.44488920695858,269.9027414042095,91.68486084970131,148.8105591868824,4808
138.50977286019253,225.29118055562873,69.08046089913626,109.8746718695171,4720
185.1136671516857,204.04878243283045,91.20747025999457,167.7541316022411,4778
131.69220051562777,240.2889578956631,66.6658907582621,156.28600074847733,2741
116.94927466860925,293.5217810170875,72.00663523088349,186.30674008104393,4089
155.68012624583503,201.17650943669977,80.77442096713287,160.91837956883987,1779
193.61547741607808,258.7885691929782,53.51438070149593,157.39461797217535,3262
169.6029796674973,250.13964785953243,97.41035309077321,144.0751723332628,4789
157.00611700893649,287.33841643710474,78.68028930619016,146.27870698888702,1635
109.71764937707685,208.40017145206258,75.39100073454011,195.4381226979116,2039
161.50072266991697,268.152602988665,91.9696985559956,113.84460094002394,3724
199.00538501042632,268.01096984332776,93.28813649484138,144.62188185821873,3707
114.0084015236524,266.9080016862283,76.1130202264508,165.58272339268427,4859
151.83296523637367,294.2334494935037,96.36311628968187,143.30106455903996,4470
187.73730719279553,282.30875290068803,53.23688830382403,128.32156270407577,3280
174.07686177542044,204.1972726243506,55.66128961256088,128.7357370762855,3072
169.7015740995268,247.1082850704513,79.83941150072201,123.36560462577157,2424
170.24840839871092,239.79530562013335,67.70329308967919,134.39032005830896,2803
135.94911512197552,231.0147221090802,73.21125830945994,187.1674775583567,2388
129.35918442644933,245.13367251540973,66.40396089485833,150.52245503229952,3985
180.93611554785136,238.41941849259774,70.23626557224678,124.02387280778184,4366
181.01133946791808,243.23338998786653,91.13231735731497,138.45267170265325,4066
186.70723185801037,297.92618656086427,79.67380999271523,110.58304120785681,4508
191.32405525564712,208.86329747495807,99.8672274641749,190.4035739738738,3118
151.13423988609378,292.223086983873,89.34395989104814,140.8197832091432,4783
150.15162946871996,248.02367134710266,63.68331270509133,198.03912045930758,2582
179.82951789667752,262.37422454995414,63.21725588633481,134.75387732625194,3072
164.99639307777653,283.0182966617694,66.79491350585036,183.63560472271212,4796
170.19668772577035,236.04630291492555,92.16297403238713,125.63853132914532,4445
179.5792669436101,243.0421908087967,51.36438253252828,107.61528933776022,4616
189.00053418175662,240.9518480278714,61.509063943562886,103.17333616738007,1457
133.79951568515358,237.47310225357597,95.24592101721335,160.61684266447836,4285
137.5582952639944,292.5529321646895,81.9948218041626,131.15736716735893,1210
109.3981939840869,282.8929891193012,61.34235477505282,144.35198804758284,3588
157.8280140996174,210.89999898629762,60.95724841162902,181.86470356007953,3818
103.59422737967421,210.8123352477096,93.13090508797153,124.81080856948022,2062
146.55980181324603,242.7869514852991,94.68787541385232,130.86524767349133,4331
154.26446347075768,209.8657376732809,62.806554548105765,184.53361850586674,1676
128.65412521282843,261.909309527112,71.02551790382661,149.2762273343504,3142
159.08332605690106,214.3691607261734,91.72978693141586,182.76651670524876,2413
103.05002499390494,252.2373263966801,88.55037193049426,137.44760034663165,3267
103.73481887492144,200.72199470037177,90.69580532830423,139.83699808271086,1905
182.26005606596584,231.65963484126468,75.91990953939845,116.71383617782563,2291
136.01906414112628,267.71907236726554,95.57745241525865,191.63458535949664,2517
112.70605126518848,248.40389402278484,66.29757719772176,189.67836940126097,2653
152.22432600548044,297.8269485998988,57.8336067173759,198.42170145647736,2089
176.99935530986107,287.41037960662106,85.43661662824323,140.24471271697115,2410
121.58210274968431,235.90707790431512,76.96772080034482,181.8614941758642,3240
162.28904758190004,204.54865414722747,92.72928844047405,141.49537316721185,4391
108.5347464993768,284.5626300115019,54.05796245623575,145.4298788920973,4618
105.16817211686077,291.12343103146713,92.18462017190333,182.99993935948245,4991
153.1354631568148,282.0627393419037,64.6647326604411,117.73667708863996,3222
154.06351216101064,212.7949940919765,82.74278335840916,122.03109344617523,1111
163.74299014982066,299.79151344122874,52.00643945391279,131.4728240395815,4379
172.60913337226617,225.85842215527737,80.47906481518004,178.81790325000577,4873
197.58520794625346,272.42049128083704,85.86358445936679,137.26515493680827,4411
151.63003483011954,290.80348763357216,68.43751072528102,135.81682082807617,4151
132.2956472941246,223.56871143307094,60.770535263107014,199.8816345255242,4549
179.51861947687036,290.8258554677066,76.88153383017725,138.38061430994793,3158
127.08322512620742,230.9481579194867,91.65954022178232,124.7770536315587,2510
143.8971420705636,297.6413222384056,66.17736791483254,162.32136782009434,2944
107.84563813422659,228.12600203804746,62.62346487606398,180.1879951955001,3500
102.53507434154575,295.34358247578353,63.94676543188439,106.96078337231593,1412
196.2648414677925,205.35446508926748,97.45660764583323,161.8892231138475,3651
183.59801205122056,270.9272011669813,67.96384578822799,103.57354558802247,1959
169.5974206093698,253.21111338370036,50.18021199441436,152.6332350979518,1185
140.89529444142698,247.78770771227306,89.08406039798098,125.69915637578092,2576
117.32943200708458,222.349431425584,84.9637397667695,130.66416976731858,4158
115.6437042671086,270.5595789776492,56.42841323014844,146.70959639823826,4295
125.02428981645953,219.08094914463072,99.24521245674563,192.7107460745587,1050
154.92266647061206,255.28417959847684,80.40311426525557,171.06673065878766,4197
171.45959227000623,225.3245363040251,75.03897454703008,193.68455962844962,2169
166.01973767177313,295.56213797813564,69.11096338114456,165.99710045586778,4112
127.99338969459428,202.86311938356528,94.93363777818189,100.71077470878596,1354
195.4865280663194,219.97282801112365,62.19817407092816,126.55851973476776,4516
173.78969166957685,224.23106063874476,64.28844501099509,190.5772577720374,3410
155.43540525114008,241.40678257678164,56.120540334328346,164.34455209677446,3583
161.1720746234352,223.27302418700535,87.955954779213,198.16472365702748,4886
141.960006242779,249.13490902687852,79.77746402029267,115.59640192182957,2307
124.77309895011575,287.2465523258539,80.45330846272492,129.67478331065195,1035
135.59726786512616,271.20634214091706,60.92352155097318,136.23676595170363,1276
175.7846110464369,257.9961980535111,82.55841945635419,132.65578181673106,2719
101.43934886297559,208.90031779826796,88.2729223623432,125.19915301498807,2348
111.60726405069163,269.39921083892756,67.89442653628447,144.34657157567779,4737
104.60026420217528,216.64142843109397,90.0673571980856,164.22981233693713,4057
104.07288023189702,278.6367385961698,67.43952942660104,131.1256922886696,3229
185.5460584011007,225.00567585101533,87.90692307546439,107.96999233142557,3518
170.36578593800238,241.70487283209008,51.68650537288595,170.85325268931632,2835
147.41738290873252,235.0470202317928,77.55823007368264,145.90165557812685,3464
109.78341606510014,285.8813914674857,98.47632803199433,155.6482306090063,4737
149.16158751168325,212.6544458713408,99.06223003411954,145.5400657163915,1888
147.34717707805657,256.5644882384789,64.08762891708703,189.035750345491,4221
117.32018699100152,214.20616094430622,72.06995455401777,155.874499716638,1403
143.3851649237973,270.47958361321867,53.14889539933165,192.32768398517499,1513
139.85047343973736,290.5078127794481,93.66706538022999,151.05753415560002,4880
161.58500980522166,243.46076538672534,78.4286076570107,129.25881622402818,3613
163.50936508676438,248.80922602649758,69.25503394702585,135.54425871761964,3488
104.53040097720445,292.7422836482762,55.638527924457655,152.21292935847856,4985
137.46126146264712,252.0991388649357,97.33836427484445,152.99894378050087,4972
162.58599157142365,248.7598438049561,76.51095239104968,168.7337701548949,2269
150.31362585800878,257.83291027043043,64.14639645414519,122.44948721866308,4039
185.64898411883223,268.9229736362952,67.51075650657548,165.88428999655017,2069
165.8693631618945,210.68833750870314,63.534859046107385,177.85880083807524,3122
116.29344270814298,282.11105277415163,80.09049044284903,167.659198946699,2172
107.05687474004299,243.55050274532593,96.4981787890255,148.18281098175908,3453
164.24192782063156,207.23485098974857,92.83469016632822,199.1680651116834,3050
102.65113105416218,278.6182669198213,73.01904377129887,140.48131591292162,2032
158.57755812734632,237.6949971686272,91.32496811505038,110.65906145798292,1513
194.02302414249576,210.0367495095054,71.15527406381649,182.1504215407343,4309
157.5474177875879,263.37790395432506,62.6153570379319,121.22012188804182,3587
138.8169926206522,288.0131353433642,99.1707557633214,171.3285572902442,1289
164.32882184423534,288.77535094139864,65.19437839854109,117.89762827151259,3228
145.82528904915165,295.7663474808973,66.18621154934542,101.68773908579394,4386
154.5616789315935,286.7705459766688,99.48464338932611,115.97986037890257,3313
194.14648087765252,200.21409193454753,56.69637465828274,137.69886965758218,1082
138.61026378007742,238.02411664133902,88.02669940048474,110.66182471297984,2884
196.11905638239142,281.8542579905503,96.79063792413632,119.7679084235682,4836
190.53506419560637,236.62530059984744,75.58974971377093,176.4626277684393,3305
119.57911347892964,260.15485063797064,50.126088085141,176.98836079771309,2583
106.93613008751655,260.6316947374532,68.75294720565532,181.7488227190977,2669
110.07780013774267,236.5025304038823,55.578449619241354,184.11552365475924,2835
101.82218256515498,290.44739272812876,70.80938304668479,142.04358946137555,1949
109.44429607559285,250.32283453861174,89.50133808211424,186.75496606935286,3246
168.3006773416357,246.4784205937501,71.93557744419002,152.5936875014043,2315
107.1188648460229,299.7513745661896,71.59625606729612,147.05971169360083,1647
131.89756302937613,249.35003640726165,77.83947384594234,171.85363289957758,4154
184.48753109694547,217.83982519285811,79.084529237384,121.38184113599073,1265
102.32719357358259,251.3069422863438,92.81481543994857,178.94973768274718,4488
181.44684825889357,281.401673551993,65.41777196144757,142.9465826566203,4044
128.18547747734,277.68603268982815,91.0835632184008,112.72954140037604,3917
111.81648276216562,278.8581765108471,78.29668743460236,111.93119135169675,3778
169.67371653641507,270.80237839979117,65.02647748585736,116.49067438467002,1860
162.8942846779884,225.42178290666882,64.75630220030385,189.05727342437825,1018
187.7472013527053,286.2084085840231,68.05687585528622,199.09378222590476,4601
173.50710438038857,289.3443465376265,81.13466213099878,135.69737992012836,1370
180.34809303848488,219.4152696618549,61.54058656799746,129.21438522052975,4762
128.20345725713065,213.0455636551394,96.01667808361337,121.87709725943373,4094
117.74395437797229,297.5604968589112,78.74562920889502,182.38164771672456,4456
175.06147516408583,286.8323963650368,96.00078884980033,120.92074824188761,2850
180.6834739267264,289.32361472099467,52.32021792895773,192.40901299302698,4827
199.0505142000673,288.6376384624395,67.13056852307366,166.73503789712828,1618
141.26176769114267,254.16868240337283,51.14038303438115,189.71277916691946,1642
137.20180857927832,264.64017366658,63.61259075489849,155.40098543941463,2545
177.6412960741997,254.53628521336418,93.10032361342941,169.06798621824967,3426
134.0803540253018,205.1206349190329,51.83048579211004,161.94581006577076,2734
193.07573256035647,274.5503085352773,71.80735499578725,183.1195456323797,1816
185.8412751843012,250.53320333358803,55.87835352366139,183.5860811185881,3871
142.89940273750184,264.770907479023,70.84203296301838,158.97929998451252,3137
175.08710677914974,250.26398049755352,91.94257921321886,163.25076493297723,3191
175.45428740846825,249.1811322322456,81.15355167012595,192.187592049783,2830
110.31238688359326,217.17891094777667,86.83781726657116,192.98664839649695,3668
190.25529066795667,227.87137151411488,67.45520577247905,166.42497838951817,1863
150.52523724478573,215.8852691943956,97.21988475050708,100.77542781731636,1203
182.64574661077415,219.56662956253425,85.46310468897501,110.4411214753941,4627
132.00496010306117,297.29773804203046,71.08994096422654,185.79425317744162,4591
189.55232284962005,215.31134457721984,71.32324001135274,108.47141163708015,4463
138.92016787341632,226.92704243052077,95.93420889716488,121.35191808550664,4372
101.08376514802984,259.0589657738585,78.82023467176958,123.05466802216517,2930
190.53819764192636,261.0178576236642,85.31896049515208,160.02347697799047,2528
109.12866767861335,215.39741297438292,70.85176122565854,157.66327978837643,3912
131.9313637590415,279.3717425785212,61.184638238235706,128.94175234204002,3200
195.0061967050805,278.5202867912825,86.17796459972092,120.76113655684429,1528
195.0607146937556,223.7317704203891,80.3911886070694,176.45320298574757,1338
157.34378881232863,228.86663026754604,75.06714402123896,193.5456155605976,3796
163.18372121697993,293.7987865459497,81.20104699972319,105.28056799164386,4583
144.84455219783197,282.5671445979478,60.414279303211686,113.31804627048628,2974
129.32107716980644,269.7797033062524,89.69693532659781,164.21639887057074,4406
132.8664545369916,208.22332215106005,97.40814025101528,180.44414516714255,2532
167.25184560770384,241.8264080902576,94.55515720838514,179.11886687763996,2079
175.237452943768,255.9301872076827,66.07178726535085,171.96831530826893,1555
179.15790437258485,218.7411287983777,70.30028866410379,188.7427954498092,4892
178.96181427945538,244.82265821082245,90.42011498987806,121.73488795708128,3800
109.12061030486903,260.102587748869,79.75585654123019,110.7290946491947,1930
149.44203047025815,232.73766801153994,77.39572218383246,161.53629700913683,3598
105.75587600166443,278.0944818950487,96.33209837667226,182.22758915234323,2153
154.95288823237354,284.04495816388055,76.80124804885254,158.20435784805733,1097
144.1530501373377,232.36094694340707,75.7469339793655,196.2997487458906,1792
188.77041827582997,283.8657154492457,52.10092956331798,179.55644613917895,3469
135.09150125520787,210.3576566103015,53.47084792950688,170.0791800909261,1079
111.70670164276059,283.77290986226564,50.37101539403251,106.02572908717336,1287
114.29916820528359,215.27504316676166,95.66221128918168,110.77422387316821,3894
176.15106317174724,208.2927152509726,70.41933300088503,178.48376325911943,2769
161.8218063316261,264.1775404441011,73.42806880667062,119.82379255770293,4917
110.11226761227903,247.19373657552944,92.2693473796231,102.88351760789905,3216
108.41068061149974,290.7890600412833,80.4623155187889,191.07606857469648,4150
170.096913145912,236.31891960908493,80.47507981952906,189.0805373701234,1070
107.27630063641935,228.71522634376288,64.82672146774063,121.84838272314919,1262
182.18600592903562,250.07349061441982,91.69541869622597,178.02062580729546,1711
170.62422271564964,245.59461857686614,58.29149880197469,104.7979661211655,3770
108.13487806418998,234.44280462171884,52.65747960864739,128.5058003823263,3577
108.48377140851919,269.37412986983287,59.58016787592662,162.3666908256625,1784
198.66395785011753,275.9561833913908,63.38686093872823,176.31789961583854,1209
137.42707957561203,285.29839690301367,64.11555289271034,101.03991887881895,3164
137.06421470668909,297.2856604710343,83.52567993093838,132.6208613273744,3663
181.27995672575025,226.66561921325044,60.89122936643218,121.4345560063674,4148
194.72485773838588,271.6093482489962,83.83291522474923,199.87804057487236,1314
198.6001063822871,239.42582354957452,54.556608661689985,167.0982232385235,3058
175.33781852589416,267.7081971951108,57.36012305489545,140.56714528797437,4964
137.62595855309158,247.59816903492202,75.44107242454974,107.5652601980685,2074
108.35007166986688,299.3773102767932,96.09479012883213,159.86702575069637,2030
177.7146915927437,272.890213579075,92.9783794405557,164.17014709360643,2946
155.8404249735805,295.24913004343244,98.43767212214016,181.64059275031352,1954
142.42220092469762,283.49695494811857,82.52395326390854,128.85768529193635,2572
190.6354385094736,290.2901011163371,83.79074332080461,198.14280804800964,1260
111.11974823061513,281.4419197214675,81.2511499465746,143.94657393139494,4645
149.26251042908592,245.91591303759114,81.14094614290987,129.59437546594935,2535
101.13536447674191,225.17884533468845,57.356017253379235,134.84493340014578,1199
146.86606419941262,237.0320175450522,77.18694780819644,151.9586052967124,3377
105.63032756818373,202.02362326399503,69.30339667258629,193.67015645071274,1089
111.8817916268072,252.39931674646672,72.12686078886468,173.51587979194005,1590
111.75262467771049,250.50578002704088,76.18002865296187,157.71096494637823,3102
164.92103021160636,252.5250464830488,56.41980859011258,116.28103879798618,2935
174.60448792654233,297.40312249720637,67.97438669260599,114.93533108908717,2244
158.33687650971598,291.14540034548395,53.17247804383018,150.2196913813564,1091
196.21725484745417,216.1712778330108,98.98340652111995,172.87087046016492,4657
137.4870579523704,236.88825215558893,55.926401441006306,175.10121727551103,3103
128.57120862818607,242.39561794632618,62.92623692724773,122.59143838762584,4815
186.85991281894604,236.0532917851648,94.56464633516987,110.00995128472533,4250
122.35958385194526,279.8495963603913,74.13550231195708,138.44609892537895,2965
196.32225394406112,252.40376698675868,56.78186007603151,191.81725432440743,1060
101.21544746898164,257.2099816971625,69.21152690196745,154.53672526693822,2895
196.9878826707639,285.30135589879256,55.79339970956929,132.00997668317743,3164
104.3159911950576,280.59281534153587,60.01079985422509,132.36376683391217,1589
189.11431136980713,213.22115228202998,52.601492347492254,113.2087045222185,1235
152.77011090863,271.3914584083634,71.911374727455,147.32237361061578,3080
199.29647961193004,243.54361289020355,90.33180608626299,179.13626785148384,4638
107.37965647353988,229.46489030625006,79.29845893499478,196.85586915273413,4314
155.38542844013207,205.00188209021863,80.31726527423058,150.15949999579755,1785
196.9302535619099,248.7249560345451,60.02920150416202,116.72149158426885,4979
152.3097844170149,235.54366807245313,67.19469216261832,168.29503998028645,2097
162.93986381352624,225.15130396764008,92.2621051920416,175.67913427452953,1020
169.57486889846172,269.46717295969574,54.39280921632573,107.16997494231022,2888
145.45410647677733,276.9485387315587,92.89653268342668,185.0139129631229,4784
162.75580800840635,224.47895190294247,74.18450131323928,182.93223899958573,2177
158.43143119231001,204.94474366793472,91.85737156625586,147.2541054039118,2277
190.11580104909888,284.8752700565235,65.90032096972001,156.04225186158683,2230
104.54463803414579,200.99597412043033,66.94214757915104,171.3408063710919,4220
128.09631895922303,293.7112493921472,87.58024341615715,167.67481250628595,3965
195.04114840765587,262.7619873982706,89.24980866961101,101.65359781932091,4766
189.02637838909163,232.18466352013203,61.482233899507335,112.24353038484858,1301
145.5656752785713,224.64779095767364,98.64356624109527,116.25905557812457,3344
162.01325978015367,200.9005664264475,54.224505212241446,175.56758890720988,4562
127.73811829811326,223.54714170108772,53.42514815510654,144.008356289238,1772
118.81211597237613,213.77283015171412,79.77521076430514,154.5502626386825,2067
146.36984049399823,261.2166220723146,86.13703838858108,177.26874368954842,4215
135.33522280260527,216.65455885938013,98.0443064612487,134.09822690640908,4315
158.3656111850872,252.86298375366192,70.24728903994307,174.8890227318773,1418
107.77346369649848,259.0116422344471,51.26457044948165,144.22992746295597,2540
197.43948076661667,229.80416983469144,80.14481697232034,137.71801877742067,1061
198.62107444796027,203.50649490187186,64.4848010299386,133.303726405474,1857
169.81617140197451,203.7253880614196,71.64735605977012,196.4944815492383,1537
153.60963663441203,202.63473321939176,74.42347411249676,177.1973410708979,2340
130.95276162863277,273.9124667136546,53.22563053690169,102.01959407735293,2458
181.37950197069486,231.80097048142983,74.29908922820513,195.74154865182015,2860
168.47311725538793,279.6300185967664,71.31598334021574,177.54396297266732,1695
116.26169393448913,243.1732823842849,85.62721326432967,114.91747144542556,1817
191.09271844938425,245.29981008299637,82.28329556061723,107.63381254113172,2404
182.25372429231692,251.28826025095736,59.26078590752805,130.81940936594535,4107
194.9799913291924,271.3031456375104,60.30694591051985,162.41815293460618,1919
172.57195083883602,227.3502865829707,62.550308938718665,161.65466891494674,1974
161.341519593579,212.15873495335268,58.94752201485886,127.58501251492206,1541
141.8243036290619,255.60573351914616,82.86065998342336,144.56749786574179,4652
193.2728483354013,232.69776232427392,99.72150896001352,121.18901557137355,4303
186.60638895004084,244.24913136680374,82.60541702579684,105.05786851667375,2711
104.52186701061893,264.6946708337305,80.33407730956456,151.69704674268786,1789
102.6366974497252,249.41257411412707,70.49639666755363,134.69911342520382,3080
137.64633668780496,262.0278817100843,65.62901294298804,154.288243229793,1580
181.0553330781833,254.42000021136278,95.55368784532396,194.65073224704517,3041
198.72761293149443,273.9796371936099,98.45009370710764,114.33703116953211,1351
115.04168911035282,270.59366177116203,74.8388087793864,100.19620183109554,3302
159.4130715352135,253.41898918086193,64.51002477532788,107.68782132821252,2073
138.08908566310214,267.8903020859707,88.50611038348839,146.2708296101629,3031
196.99143978146031,287.3559602272613,56.62283954334392,170.69320298023234,4094
184.21189231357087,243.22712877881685,88.27941188218408,158.0763603317189,2277
183.83287047111378,241.27630727487937,90.94741871556693,149.4894607373747,4465
146.86931597949703,276.424562085238,56.24519723135837,135.39631310924125,2699
141.48195023376653,258.2553837041994,98.84307343982819,130.99741715315008,4953
127.34070719307063,207.10067802225885,99.27561451942393,137.628617510498,1272
105.6375496650927,289.21120156910814,96.83597396636756,161.16349540090712,3740
186.47223762550533,203.07831022376402,74.80174047031322,116.77539558655363,2882
181.29010091300776,274.8396356209743,62.303707113841426,177.13620830546256,1249
199.97176732861305,275.8794142704313,79.10046404409565,157.52532400931102,2260
199.66368370739053,295.311108528193,70.99669192357179,126.91563776114276,3951
155.54317056026275,205.41344084023208,60.29743223585986,150.11529628112837,1231
176.89874151805105,259.68568607844907,71.18382048089238,196.27786876851664,3475
194.47657298824282,242.7840570627053,83.19449178387953,102.0491529145194,1956
184.96473906774116,233.0632954859542,53.545665539299556,119.95226409012292,1633
124.73481017431976,209.03185602990732,66.67090007230082,144.8380239903278,1241
145.05441353100935,256.26541196713094,50.88974450064126,163.8439721779828,3181
112.9159415151495,247.90407256746136,87.47477527308378,121.22282662854852,2094
195.40510272587224,210.45544581510242,82.03456338083504,193.14039483761962,4929
160.617463445088,261.2489507097083,53.13360673509829,164.25720124246422,4536
122.86428055034628,273.79531202529387,98.2368779800984,187.74319489564306,4492
167.17006844058568,276.72783010536483,51.131077856355034,132.93179302503185,4381
161.81282404578957,290.53731882624277,79.49803232380444,182.89539343066295,2023
135.81627180328405,240.9470741888777,88.81837308995279,137.82192168994462,2302
111.3557592199629,295.3072768622137,89.39481565223615,125.27517724612049,1218
167.15731955927996,286.5429405082686,51.71425677966019,191.1655339163793,1696
152.03077009037932,229.6501571023939,95.32075663202195,109.22184756788545,1306
177.2318391735639,215.92830373494584,95.9225835963561,194.28887960564043,3023
152.01635011119933,243.53893961280136,78.06951865771863,145.85152058676056,1313
185.218150031854,240.18987079559668,74.1041599443573,199.26254734858617,4474
155.19068387744855,257.57193053312045,52.243373153129994,153.9594653735029,3970
156.09379715353862,258.3386232327748,78.09770712549343,175.74881720823032,2752
187.66536026583452,274.9986984379975,70.46895408851154,100.7071016338004,4559
140.3482866212397,250.988994820561,88.6403203704328,149.6666819960165,2816
113.40152284506408,210.48226409407656,70.19417834430439,173.74534716181154,2428
102.8782676313339,285.8291335553106,84.17904166623549,178.2827019958449,2402
175.51372556736192,230.9764583185187,55.07040731187654,115.8048582601598,1280
162.03095513534646,297.1297460306592,56.647613538298344,141.89709503827788,2660
170.40797680992236,211.786010867977,56.98550953245792,141.9071958119339,4762
121.29641615089108,295.82511722325034,52.27627498998717,110.36408084990559,4398
113.63714755867697,209.1011806882517,77.06644296349019,144.30455076914666,1034
101.4544665667882,223.10361379470595,89.6983863021818,180.70929586960054,3117
135.0587558806597,204.65799420865415,80.5205601846833,130.0180737618987,1359
158.9917686854633,270.5113146638995,78.74774427764281,143.25745218938832,2713
139.22440450997323,285.02987365717917,84.03119642013682,196.09586850621426,2934
143.7474922023729,243.40710818159803,66.98226615360073,103.17080758915623,1407
190.41586944937484,292.852207504243,68.09770358241144,159.1521767895356,2584
134.82554670233003,259.02990717555997,65.71350491104613,174.34360917776291,1579
151.39894891598107,263.00071354465234,85.60544664267877,176.08824340311784,3566
178.3653012741143,284.541920170077,58.08201678353871,171.59380248840444,1605
139.654278232127,229.6800205051839,50.65126401564622,172.64514434684364,2407
162.20867002278735,235.42657213276257,79.80982233612463,105.90126656730499,3128
186.23637087467452,290.59519191946447,97.11906823671026,153.4136619136333,4509
194.95206236576422,290.0963496038764,80.47039584981523,178.2969071657256,3297
114.7073480929038,297.6482776200871,89.14608264704475,109.40650490373295,4109
192.65876251614944,290.1838316441671,83.6395354733015,101.20499223868678,4933
149.2116293079538,212.7372036033361,74.87183267615082,181.4561831599658,3092
125.82443882989584,282.37242861369873,85.9196200891923,171.2294387566489,4430
145.91357562382615,240.9838478109594,91.2052061927611,141.22064169144426,1136
198.0032575285477,299.0801355945938,61.2365822085849,194.0396432574172,3870
149.26180939928696,247.2280964328801,66.80652402415728,176.65980946514713,1978
132.87516102875082,255.38360825022207,61.18628662516419,196.78609416065774,1819
163.34008543167258,252.97749152567985,72.60864777952204,192.93152595474675,2484
124.0145618778193,232.1737029858278,94.25322754583337,148.1293602979307,3414
107.5863328108664,207.5022088892918,67.26035504176662,175.4708978643566,4376
112.88797219106492,289.56512304019185,68.72334445652767,166.9191388807639,3276
112.80458389577724,280.2675812526287,93.01836173359659,181.14452100924916,3230
115.19026935122943,213.95267805596694,75.76871653723376,178.7688402250992,1466
113.88271726494102,277.6768271350073,76.77244998237173,115.32319700332268,1837
164.08747448032148,262.584666605061,93.04006016661064,123.37355318085463,3251
118.18800843991448,240.91437879176223,74.52633685127367,126.57315771775674,1974
134.56672833238633,225.40211490955627,84.07787673146976,181.84985592170105,1622
189.6788409906012,285.97287835022325,54.28223329370304,181.0741703929189,2922
147.39616402628724,270.0188259294053,58.93158565634427,149.5335346939442,2091
166.75577385210272,254.77399094691367,70.21881003581228,158.08322592519212,3916
117.23198712016298,260.9568533898464,74.74195339099374,182.69221529684,3597
119.22890188086708,209.1066182082181,98.28668506181148,131.2593600677743,2733
104.08686162664789,247.3919760911192,98.5325816523895,105.01787769163633,4376
116.89350630721646,219.3700292785702,92.55985437393808,148.2596438279167,3651
127.85903390319586,220.83836790088253,65.77994176427873,191.37171438486718,2799
117.70104842767468,266.13039622868666,98.20141454162199,179.0468260960073,3802
108.87025337570556,291.1256151834288,84.46704323381063,136.66173031084858,3675
112.06358711006008,240.37566104783465,69.64700639087002,106.47713604828367,2015
146.07787680327257,220.77492730121904,85.08374584923831,163.691950538251,3142
120.63337184057926,264.8746937236654,50.82613648932633,183.449079587052,2748
136.42698610480755,287.1187046350318,57.30773411371068,166.49485664546387,4317
150.34172708548567,274.8318801122491,91.48428557781838,142.50746647630197,1684
169.03948286293652,286.8757230536587,82.27868184365856,112.33536131790713,3844
103.93121398410989,253.65546710107992,68.2097350645942,191.07742441373549,4150
179.94103989090428,275.1876244369191,75.03333201113594,127.59583257533829,2456
162.79003894909079,214.00645593589365,95.25710748228835,122.42870364929593,4351
108.17590319488718,234.82746153631916,81.57890547395434,181.59766656096542,4732
187.35786241067774,238.95491644815223,69.90746419671652,198.1219938723857,1368
192.08724005318132,251.12957462460346,56.01633286987675,166.01602587447604,3326
106.10779598548638,292.90763602568234,64.68734008127805,162.48104890245506,1350
127.68776481472037,287.42965602221744,98.91701163982917,131.94308692210626,2249
180.62012797930612,213.45254922891846,71.86815314258888,102.04134506851294,4995
174.82596903836583,217.27896518824633,73.59197319224305,119.17978658227096,2951
118.45210193563773,235.76405495889114,74.92990161985077,158.4430436556572,3453
120.93493233367103,229.0743865890674,94.20520114741055,115.13164618160455,3493
137.0472102791382,261.47709531562623,80.19641421926549,188.38358069313273,3370
148.45229851910213,290.2776047764545,84.6838518225961,118.81446878528851,3677
161.8254771530296,296.2291541672587,69.4706771274552,152.21044530119016,3120
136.89136395697724,265.3602952535226,51.45438092944872,151.2013245768795,1517
146.2534716133148,283.8159201401087,96.54864571214222,160.39456301296505,2344
174.74709381337567,252.5202200230797,97.45638404582033,132.7434069718039,1021
103.66832028905979,220.83269468600398,97.45765266740256,187.35342010653153,1178
125.24369443440207,252.46884120934774,97.18435433233583,144.43015359750694,3755
171.33495858845524,255.5082601437651,90.76209705347804,170.01535787365742,2132
189.52068376871995,274.2457564213556,84.22980250581634,163.59108609667032,4443
151.16774421156663,221.98829897073492,92.22549591336428,111.71560831197033,4768
153.21134852653157,236.83103820867316,80.02731195005181,162.26393527026113,2479
110.71720113397761,236.40274692145664,56.71848069460118,155.0702677981096,2590
144.74123668234546,295.9439595741165,69.56090825207104,189.8604063255906,2252
153.2617266455023,244.3944960326719,98.56474559864688,188.08766364849032,1937
124.24705036347297,275.5093967298146,67.55689067978281,115.09547874116464,4066
126.9243230949381,275.0811381374439,93.39139568656847,108.16851455866077,3995
137.72841631046225,226.55441848032413,54.66057353874348,129.45922192108688,1530
102.00711977777263,257.1869689371732,66.70919211877347,198.66128566843088,3411
132.20791655831783,289.4302893318648,67.54766623636898,102.15737764063168,2920
121.14480069965447,247.51977194569494,52.580127155449006,167.28922395728767,3472
132.74973521779145,294.51175073425463,55.95471650933775,160.8513733840977,1958
111.97621318192512,221.44582293241615,59.65826055608855,164.65782804578168,4287
189.0527280739895,207.41591057740308,91.89077954050565,121.82858897707415,2071
159.35924535540488,289.14538731447493,53.17009949699032,122.67173457998499,2488
167.91023191444896,284.76811979622164,64.93504506721936,143.06420821738246,1671
178.91712386073382,299.25898759338446,50.50875012946337,109.58578070669563,2933
149.84421989290573,267.9393488112426,84.78138727015124,107.46132090189403,2296
108.69202880874236,293.6687926667149,81.015154502169,108.83594534860973,2631
153.71065418185478,282.6949025084111,82.24911310265709,157.29791713062576,3016
158.6841118020879,284.4426333120087,68.71913923573094,139.77418568978936,2053
174.543947418433,256.9141570454268,60.413391063378455,129.36167806572735,2656
143.16595462296794,238.23645979167108,86.01601066430166,131.58193796513055,4060
112.75803027955638,293.4558072543282,90.55589363703476,120.72833058490737,1878
128.37759057987245,243.21171756158944,56.930074904910086,141.1505335321935,3994
136.3082296398635,253.88193672496692,74.34147139687107,120.30580691999674,4937
164.59172413316014,244.61143071251877,62.435784098943124,169.80460422993326,4035
157.07783046689119,256.4818313960197,58.405343060306684,112.39325126539362,4261
135.60967258978462,247.0505078992327,86.71626567474996,194.82420845808463,3199
198.65152487929797,204.79675585794757,76.90484677364185,108.98189401272822,2399
160.57748193568872,288.20481860076984,60.80926661893339,194.3460714279876,3302
123.72267917359945,244.43938189157697,65.50000056057725,183.32949715204066,3750
110.17824726204037,258.89436485073486,98.33268356638712,168.07121206133803,3701
115.28591391843321,213.9187802757987,92.43397823542783,191.23016555654834,1757
124.59577283845081,200.3387847982639,93.99733714365641,113.92187935173769,4105
116.06813732595558,224.5290093643643,73.0006048540354,117.63147741869153,1186
118.65670240513057,270.45860321333504,81.19036319604375,125.21525920588158,1878
128.5095168693847,209.91945301128786,68.83838701022057,124.48115267658909,2472
117.33735952947548,290.8887440386468,53.885598784444525,131.084827092716,4157
189.67654246264252,221.50225693561845,70.05346553283913,157.56308982730934,1672
108.02337456616422,220.4593614291776,79.69903766035723,102.81726113051046,1875
152.45113895702548,218.15079616214956,64.35721353840657,138.22725950399757,1117
141.03968269896615,201.39817129713649,92.39752873637079,124.63851278925965,4694
198.23786169086065,277.18054684782345,57.55500795872993,160.6629848052722,2081
111.20389021680523,287.50345312452583,68.35645447184599,198.51693310515356,4089
139.78555990457417,261.4162702616199,56.245195266210146,151.76546121833726,4950
196.9470433275369,218.81999816798623,70.24160669926127,142.56852391184339,1870
186.55071258939802,228.52779969408797,51.98306524871352,136.8243545145116,4211
181.70720709492798,247.59266973649633,63.62746975308227,178.49492188798575,3505
125.79028270449399,295.4345951623301,70.03676275568418,107.19809316507269,1705
117.08875873900658,224.7351371817743,73.90826816383458,195.97705144601215,3689
166.86432199244308,273.1645903919888,77.1848179237571,141.79178859880454,4013
192.93759891275857,243.94482232929204,63.749556489495944,131.37007258251128,3259
155.67628930139298,229.78473483600217,76.15206673074361,197.40681163997013,1485
157.16126894699,245.59159370221138,75.45023107810299,193.58788632431998,4867
127.99790936602841,207.12067175412326,65.80890254381042,164.19341397657212,4191
176.94929331919369,279.86873709303626,91.51001653282391,101.85073748504013,3938
118.70437485575233,224.3301927982967,77.28205632967826,174.85349762065718,2577
132.36792364042435,272.5412123192971,66.61348593732725,133.55574000420012,2026
142.54364386164167,206.83483714481946,97.36692560403883,138.8280230854261,2967
150.7610378684455,295.5098556165686,92.25562065355805,115.87421289773886,2252
124.24097324150802,219.30149854056987,99.12939057759004,152.34580838648992,2252
111.48368247392035,288.274207620708,84.61169373227104,174.45525962037664,4049
161.06200424416326,280.9473209615434,68.91114527530235,127.30111180930685,1984
128.86305532402557,296.7859924081416,64.04303333395062,193.8732908043375,1342
158.12382214226122,247.78906609457496,83.16589218372405,119.47368560029543,4212
115.43627152742023,272.73972938459514,99.04082912476518,106.62623405944333,4128
148.11401018548173,237.0710657037784,81.33575400519244,164.43638733499012,2239
153.25894325515858,218.43682380196938,94.08074704949192,184.9318731880047,2666
105.18235368224269,244.3075932933449,66.45517155238844,195.31328593075122,2137
133.66042781939205,216.5749015388455,70.34768912371278,176.71710105165187,2726
113.44146769389742,298.2044622786384,95.31376197946767,119.96500115060724,2778
106.33749704727677,209.62464911407164,87.84333509789094,197.76611848037305,1293
198.99602323899452,258.92117234526205,99.0705160183953,191.94358760288426,4898
132.2353844974723,262.6463855254056,88.7382104866121,116.31674227624475,1027
180.9874445854635,253.80795428740544,72.42578536091159,155.87858269153244,4609
125.46406547637639,266.2185885711834,76.55340099111815,155.55174259309788,2619
168.1502722223929,211.6180775011891,95.02577462315683,144.2534778129471,3906
176.02278598896865,255.5018524205291,77.5823368049024,198.42813302596886,2344
159.56387406078443,228.72125711273617,62.76986870822226,105.96222371802212,4913
147.15761885501584,294.01760633010565,71.78099063849747,162.72089084435845,4785
141.18409141472685,276.2071653439726,75.8157994424559,120.530362267881,1572
134.88682665429954,297.2514482159743,54.83599167755648,152.73312047309597,4768
192.9529144247826,203.75560697401895,87.18813371264451,177.97407717875188,4829
183.0619407787729,228.51331751807086,55.46769666774865,124.67268031685464,4584
196.50269106665127,219.5422586638349,70.24588566844028,139.33595464831484,1927
112.42972234855448,201.11545873118305,90.23112207702022,195.0768074280399,2778
173.08674752036444,224.23257302463213,73.37851808066485,176.14807377203095,4103
193.83404568210378,267.8775983520429,92.1007759859254,157.27231845118357,2770
118.12330661656601,223.10889221345684,67.09406610280575,122.19973878067168,2434
106.64962673667775,250.9003445482618,97.88181469992176,142.53054374775832,3444
174.1120649290059,288.78181149649987,60.47342159026178,177.40613190499226,4088
157.4473113179912,269.37579203490753,51.91320724946507,182.0543078109976,4995
184.1828776758272,239.4629069906032,93.62132714952094,124.46061981423989,3648
113.97723766262895,237.24689389121085,87.61013579752041,166.20602104170192,2075
179.52673118598904,245.57358140084847,61.59919185336864,109.50029921234,1369
120.16273200477445,217.70414410599062,99.2370803568337,102.32123074504645,1163
116.36559428657046,263.4000767415988,75.11400646342639,154.86739234330213,2326
116.4265797930993,236.41528191046055,97.55327200720816,122.43798542804288,3497
181.45747202313822,285.2365349262044,75.25143856934997,107.89120312421329,4999
166.51972206962,275.65526600578164,73.59372933856454,172.982831289523,3591
152.30654247691194,261.051316409216,72.45692685722325,149.7974588364645,3757
135.88304841235026,236.4202222649516,66.74376380664751,179.62770109584505,4573
187.72005408131082,220.99318316734843,76.68507485882759,166.3944239680557,1350
139.24451074226354,277.6151864105623,72.62773309742839,172.980493991549,3426
181.65994394715773,248.64090989910864,51.837343831177705,130.73605812959,2462
143.91349085702183,222.47500381773574,63.02176167117513,126.32758256832363,1200
137.69444294249075,219.5174615040006,60.65614000527792,160.08748920952613,4178
146.26797856696064,216.5400904501359,93.37178011605333,120.00821403980844,3552
130.1377874164142,277.7161196205595,79.94349886134208,181.54121156320213,4059
174.7609380176251,222.89871853003118,88.18415502248638,152.29201689742385,4455
150.27203900924792,252.66422635251973,97.84130188746403,122.6989932347761,4919
123.22126951468172,245.15463609730566,82.20196362632049,162.51682323299084,4928
189.95745732745684,257.96108992282836,99.13049957023722,194.50357350836177,4367
138.38912213732112,287.7154900371194,65.58820258260648,108.2094726590774,2051
154.35528611139887,286.77473900817307,59.313359115644694,110.93452073135029,1336
190.6472110964547,245.10760718248596,70.16549439964558,184.38391468633398,1286
162.42379959139922,201.53662507347232,73.5399707467904,110.95937745668736,3678
111.6898040708364,242.6443805714303,94.76807714262925,103.93753693529878,4414
193.9832123613475,260.61935374241403,77.99702195183382,134.7930581046473,2054
162.77080530714179,255.77647590980618,64.60904997090086,146.67058849215977,3713
133.4905614657086,265.13361058002056,87.13171414337604,156.944443669069,2795
113.92720726633873,215.40757324730833,75.29159685695355,150.730023256425,4558
179.4025189270296,264.65350987807324,58.10659726375851,191.31845626581134,2642
162.00727559285136,218.2651618743772,78.84098937956261,176.86681003916374,4322
153.34610919763216,275.0523980696749,95.5697268403642,198.38102558617106,2386
189.38925830509578,233.908761326268,92.13113087379101,147.64554232253224,1106
178.8597211224531,270.9895433381454,79.34049863176655,108.4329609839179,3553
115.16748797327512,204.7865598906107,68.8541586942494,195.55306429428748,4513
131.1722067795548,240.78600255909134,54.34893755321056,100.41131615890974,1116
124.84891398144657,270.50345222633325,73.48244616658118,177.60960138390482,2268
174.3946292572677,222.68705163314942,87.60397187647897,103.12820307716794,3126
103.35324347357793,279.52870447972225,68.01368598665053,176.12141906516385,1740
156.98896848713164,263.0779733104932,61.77234127758322,193.79389398480544,4557
176.24586857406905,258.75617721497986,96.56898596354768,138.92602973310468,1022
187.67656367617496,235.3548854204337,91.07778502289962,124.09648512197177,4268
134.20817487159076,248.24514703811175,81.91378097100724,122.62791525118308,1360
182.12573046720127,259.7349300977853,56.83916719602597,149.17176441502033,1699
111.06317369552072,247.24621139148906,57.24544202030865,117.08870357567915,2450
184.6452291734518,269.831332394056,55.160979572788946,167.2923630659712,1216
112.74886623319824,243.36969331069596,80.81483334463717,136.83523574883748,4037
139.72872905603674,220.22731817420305,55.7781398236668,132.3109492403259,4830
179.72953657795534,221.3933782801047,92.13135994313166,146.1285576256457,2689
114.99174273487738,200.5803768842941,99.64825009096612,154.2587502439752,3754
122.92513952326415,230.09577155586726,68.31740923543326,114.19302622587958,1627
172.2252568393066,274.89176404785195,72.68349234835487,170.77633637968432,4267
172.00365365460743,279.41627088376094,85.58335884928394,188.29470999053262,1566
164.11476328852973,220.246754209575,96.8576503162883,127.79869162011818,4758
169.39484444671,295.90439968714077,94.70468867781926,118.03909018294848,3490
154.27244433475963,250.24027934801268,52.87959143749243,176.05054237190637,3020
125.17990589069527,291.69787490185024,58.453590127838254,118.35417237656495,4530
134.56959935039194,270.6765281861631,87.7298599278896,104.12551603629566,3506
118.15977168014257,272.24334230224133,84.44465540162236,161.9243220382779,4555
190.84505613336285,208.50436213060712,56.660929702006165,123.97514163053502,3191
158.33917947661206,221.99911268969308,75.10322910007838,117.18104089285598,1313
140.085141676364,200.88148332944726,89.04073155426478,198.16027417145062,3922
146.20058036441327,271.61276404767375,60.93903411313468,129.18649833997276,1728
194.72833396118153,234.443828842851,93.56438178673332,190.34432902155356,4328
115.33514031160801,278.6652516076347,52.6485887410184,117.82187658886043,3686
158.62298320167972,233.89362199370262,89.1097542534037,181.8977132062435,1473
150.5888678884466,281.9333752298861,80.79094498949351,150.20188730484819,1684
161.14542354346477,213.0698253748313,65.75996733271745,107.85947691159953,1605
101.81101838208406,217.33731567575083,86.04662741709556,173.36052936435723,4570
187.21239089441514,234.08765395839364,89.11828975755799,189.20733717347798,3949
193.21182824836126,240.84873888822733,96.69494856519847,116.30169903355215,2242
156.51331835892088,234.87028108429783,68.38873360771318,172.55902423361755,2587
169.6650823876892,276.364703252322,84.30083679899775,144.50525190731238,4602
192.24993811772958,209.69513926267146,80.13081384673454,175.38704532567183,2381
170.72386343133985,235.1217019638488,76.26030347285442,171.39279481853058,4308
115.25390429142614,283.7239999515459,94.5208237077519,102.66002304630054,4754
157.6288360166813,206.6797077262172,50.158365706920016,117.87210359671552,1274
160.6715046382856,294.23435076713577,64.10558030517988,147.10272429322742,4878
142.4130671302386,298.6316842272013,76.91386197724151,193.35941719120802,2899
173.6444235624723,208.856817382508,58.91466308182762,134.20734567548016,4743
193.43670147690148,229.1272522255737,95.39332668663792,162.88734702801818,1751
192.55685129067763,237.2400666035356,82.37975588065078,101.20837455144289,4648
145.0839371404132,277.6391368652726,73.8941497315995,171.1126921546944,3264
111.32380458407553,259.5926812116734,90.73508795333274,160.30682627528046,2582
198.48411989623344,264.4365700492567,72.54430957325519,171.5394746615766,4468
183.88980864459342,275.7509822818506,77.93265059650048,190.4660613024945,4145
112.46626812032669,211.79789994370256,50.13754977769605,114.649893311781,3001
192.08418826173724,283.3209456910262,68.28502650975368,126.15895960080671,1675
186.98963620621282,270.5619804180144,56.93952361754849,199.5780892168142,1709
151.88380571260723,257.734172519637,84.48443403311455,115.62839585096269,1922
159.12754357449293,288.9735334783057,73.95134794878669,172.06270065260264,4399
139.90027038701302,270.0306353883807,65.08787786251153,172.50759105109017,1407
105.47616388220314,220.16999626310255,73.39161696858712,168.29937462355696,1147
133.5197241645901,242.97453810756667,60.48149439756731,122.74405893145777,2109
180.28534485980114,249.40428669357334,96.25433162430703,121.51340632138707,4592
100.46320230046028,205.52176267504058,52.69863162754565,166.6341068034788,1502
133.3499171691144,295.46375133600554,93.27085176480603,118.6250184459216,2788
139.81686935909434,212.85772607968784,75.56793943666754,166.15633317405374,3279
153.7395602937923,269.74612672267267,80.94732480694086,149.25282820253182,4959
191.98556164127604,250.62310360908802,65.1302810454352,138.6628867649384,3545
134.63459943659612,202.56322498844227,98.33488083971606,130.02323493779457,3470
134.69532018962278,292.47474758643614,64.09254792597449,194.75769333231165,2490
173.75012481097485,285.18368088189334,79.44389985701521,150.80936577427877,3294
145.22179408898072,252.42579279038355,99.67083525535645,156.1251962510962,2393
122.4604822939982,222.89423361394452,94.05471981917229,194.92560846867855,4584
145.24395161326933,212.16228906800941,76.8164912643053,165.3877318097134,4850
114.08570203797998,236.33924794321265,99.5187261483606,195.78529277568276,1104
117.63869865062233,225.54282810460904,85.06849308663072,110.63667405226985,3281
149.83677727394797,250.66912010062987,60.43502080709047,184.6639631772404,2481
141.8925449504548,296.6409296123429,70.27981052179032,133.54146280230907,2280
191.48459010681,257.49534932296416,66.72466670057756,181.04875250703412,3522
136.2393899116633,288.9931055890098,67.20068541355946,185.56366241949786,2616
158.05883502780435,265.0878837495777,88.02282196799331,127.14878861425558,4706
163.22642879195303,247.52465265872004,79.21314636363968,140.8830616515479,4051
101.30944565883337,285.4607562733371,51.90463557947643,172.60143543149042,2195
166.35373720167107,247.13681101729975,93.8724241825488,109.90556308969707,4890
117.80359668697514,286.86281705103613,64.83980702400822,175.553353433934,2296
196.1070317469455,229.15767695757654,99.85374384565719,111.0472926054744,4942
114.8662727753113,212.88130737629882,97.70953651673929,191.4455732268058,1758
141.46241237270237,285.53144643629383,97.02653583409827,127.63392932963535,1874
108.53496680786438,258.74151637926667,90.55638020319869,157.55993468673557,4959
199.68742518459473,288.909239824896,61.030666584177126,111.71535000762728,4265
150.21950103312426,293.7827206992383,76.6316372014391,126.94931546624787,1111
159.53850173200436,205.3628390371449,61.21513134124873,140.39550434871055,3070
106.70764773884275,250.09693018588683,62.98377277944746,148.70488766830144,3984
174.99604703991778,237.49645490745291,80.54758847181387,100.00674976465744,4965
120.99055930955858,262.5858397070117,52.04167726765317,188.86557623804686,3362
189.80542894407137,279.35911972023234,98.47292834103538,100.7674809558877,1201
120.51396404820072,228.0590215974369,95.93365862889823,177.3684562994425,4572
119.06877206636665,255.67983843731716,69.03837860788599,147.0578912356371,1617
103.65496678480949,270.87285799048993,75.77112240034566,152.38800249013764,3653
147.2066945109999,213.4431082835734,73.30597096338795,120.8265479334541,1994
156.48411332626165,281.4066905951267,94.1099889308735,160.73683503457042,1024
106.57086394283523,260.6109599852973,84.43009381580555,153.7231909169452,1656
177.55276166950105,294.9537437113652,63.905562371217826,116.42364066202954,2531
145.32888347480275,233.95289191306932,72.34206272326485,123.81190013492191,2389
152.439026932758,210.81459423371987,71.44829878433819,106.69036290124572,1530
144.07627469382282,250.65012010369253,97.96675841419594,106.62835720894526,4793
140.0763060875326,208.5810771709439,58.76554552573198,101.37757859524265,2617
155.9640331308218,296.9526523324007,54.47881686472145,122.04743254830838,1045
115.52402459307125,203.86849582571915,94.0309416080845,167.96612273970555,2058
118.1928130495271,275.3503901107308,94.83429947529353,131.62153881423563,3249
186.17856210135173,252.5102398142244,93.58695439560825,134.27342698673766,2558
194.61154621336328,236.86206524982887,75.54884578127782,113.19053932554448,1364
137.3309316279753,206.58421645086545,82.98722141347302,157.547066765642,3517
127.07446731435537,262.2166924173608,78.1681523780492,134.21436415467372,4371
164.39995432390157,258.52203293909554,53.47239130272005,167.63168034302146,3824
140.87341710980962,228.08832730675996,79.79174484503612,174.14594688425535,3463
102.53863556603449,291.0221701410312,50.680707362805045,158.4692875248382,2369
115.61525973661904,230.41100073428368,66.24937047785431,127.60695368120363,2372
171.59722288473975,244.9725410592106,96.61462879365835,150.86077993372544,3746
165.89239419101514,254.37624559186557,65.20226348179038,125.19308046823033,3857
102.70959925034835,210.0231878176286,96.99133213221239,190.2912835353918,3237
122.19721619329495,293.21617192136324,62.506697857462214,176.6385750082557,4474
123.10747965880714,237.45361524510412,65.72811202307662,149.30059060055663,4823
167.18927435987285,208.07792138743437,81.42037482192768,196.54571431781466,1348
101.97105377543642,238.72911736753298,88.08134863946475,154.6755446730188,1372
110.41085819845739,260.0202547092581,75.06938840024421,132.85354769569483,2662
179.99160853731894,251.36526718213295,94.10578435970777,109.54673007940471,4576
117.85446620543337,269.4541974037274,52.012021080530964,154.37456448134137,4362
165.27461078518746,205.54839420679107,96.10974193171853,186.04166115813456,4975
123.81827810467266,228.45406102720563,59.8153899947704,186.67187281564486,1984
109.94413927593452,281.92305768401025,94.2119372542328,160.45670666827485,1986
124.3172190999454,207.9893687791361,70.04315897431903,139.34383632342127,3158
172.22669318556592,285.54859546959574,91.63785279355189,165.02963080906798,2578
185.56964681062857,209.18960920771062,83.58327749018476,176.21403545590397,2526
183.02198645669915,283.44542148916963,58.7970816239131,141.1624784394126,4372
139.71835296184548,236.07884010787268,95.90237849407242,147.62541692149253,3693
166.80851365706462,261.22090632572156,62.27586952442299,168.0616307377943,2036
120.4984295415821,215.28871156479983,62.20700593474996,187.66526061027463,1522
129.31477302610134,206.61687217251807,90.70894483186902,179.10103781422748,4173
189.63358185211197,221.5938204020135,55.29366277862605,102.23913693203487,2989
101.3001923510736,212.78538179086956,61.10179531852302,112.43723437845878,3244
108.5508530854468,231.24058976796317,75.18387867105312,185.2778180285522,2414
120.78862551460273,251.43832465110202,91.52385143433122,183.38228280450335,3102
102.65322038738198,258.87594635650095,57.37419873686338,138.88067831487092,3230
118.14354350897973,278.9868107379743,77.38341172561732,158.42779223576656,2042
158.30415609696922,265.62398932483586,85.56202959014698,190.58449824286464,1362
142.1424550592498,260.8758325129553,93.02976123579757,191.15586810070965,4845
189.2671711076975,241.17820274857746,96.77827801011098,178.30928457608908,3520
181.7443561738441,247.38084349601388,89.23199572344663,120.9588938359679,1008
134.1817351697876,241.4520829390181,82.64141991110009,173.0282807353945,3707
125.94234334312925,284.2166030061383,71.6810042656383,110.10984323470566,3072
137.96924081672668,223.00004525484,55.60550770942098,189.39384594545692,2329
159.02949425148077,200.57209315419647,85.48685962627607,114.91488035787145,4655
126.80636408228763,265.1319897226239,99.63686522377435,166.23486401114508,2457
162.4148907849134,220.24621836388314,86.838029736605,161.02432742523487,3020
140.94116521912406,289.0115136309809,50.83555468688631,177.6899655879583,2445
155.204718085198,285.9046329706656,74.81299890209193,155.15775023584555,4905
143.61265291353166,207.6727371928206,80.73233162414519,105.95665753757322,2080
129.44657595419176,210.63884054140775,84.48371005514215,170.5846254044149,4605
194.84533069621568,249.5171592246666,85.98629178003543,138.3154558835268,1823
176.36057941597608,260.9222662769355,77.9054220608262,132.02850012191098,4619
114.01131757664525,227.49083374822408,61.16801663671201,199.1673549533735,4250
186.84679758979127,271.67977166993705,97.11003307382734,159.03997659597277,3115
148.74311982495135,259.49160209188716,84.83332338318309,171.07190732694113,4567
189.45522268940914,232.48241097485547,61.84200184347047,152.63261369356485,2024
179.98552559473154,202.53714880423155,66.11609161351365,176.9972645951653,1047
142.52135044692335,275.01502812985177,96.09638353151848,175.20727354999752,2440
102.24693083201174,221.4753665825083,94.37425933536679,165.71461156801604,4735
126.8677359384946,283.44737434626285,70.25732191790448,199.77430614437768,1944
154.16342146608667,242.02902600542552,51.91536109957255,145.97935340831378,4268
163.34782198261473,257.70774426317655,52.42486844469691,170.6192348298155,4641
125.78876854332023,287.2948730409002,64.19591454591945,179.77779628049183,4119
113.93560740728242,286.36230009199534,81.45611096694998,137.60347095945443,2976
183.4930236799299,237.15195752435733,79.20973176672808,145.71750275536186,2983
198.44021807035523,220.88888927148432,81.69138934719713,196.91672663905854,1354
152.56901823026857,277.51460777285945,85.86414859660533,103.2291017126608,4305
117.16792858483035,243.3080203602131,50.95161267963692,133.52956539609144,4057
127.2307326519369,219.2041993559004,55.25427975862215,148.62129623386699,1436
101.83906765474667,290.442534231715,67.97417259136063,100.14649930691903,1699
191.4298806560499,219.81041942410874,57.74299987607909,189.91271010066117,2917
111.77510828901411,202.5807168191231,53.76600212722771,128.62444002121586,3673
157.65164755142536,202.027997376742,82.04821979986659,125.77048321094443,1089
127.4055220687206,262.23153564542645,90.76682387455494,182.03261953537418,1368
155.41780025157934,266.16750607175305,87.63133287171412,127.79832285024753,3986
165.14203883518644,231.1041705056984,90.85198893045896,165.76225939020225,2192
182.97418037072015,232.00109892470635,83.29282720289386,182.15031439019592,2386
120.64212717606031,233.94939150599427,86.76726609071011,179.24768477103726,4993
101.09958286584805,268.01585467588785,63.588938710415064,178.1950737425929,4002
113.68856300688073,205.81337910268286,99.65040181420821,108.86375698652348,2896
190.00186418481053,292.91163526913255,59.15828272469436,107.98469675723642,4248
187.38900775625154,222.25210441774465,60.72469371946912,130.67700357373874,3547
159.74131021703084,299.96732052420924,64.44609159079235,103.59478811960177,1703
160.05168604336535,217.1522693787187,98.76662150532894,150.04297365192645,3180
166.50366745462554,277.15464573123774,99.4144294676953,139.47820662702182,3219
117.53712786234496,222.3412544929625,89.74468748532487,155.7025912543149,2553
191.44119459249598,208.0846801643254,81.45287992798168,129.87885386696905,3810
141.8770524892073,287.4933324350649,76.00312875923066,148.5754002990427,3488
138.31385282494975,285.8751259190892,98.53104228434228,133.4744765859054,4032
151.89177052828376,240.35703924496013,84.78114014291238,119.52080922233085,1111
104.69659667750551,270.2396142540427,97.23650641630151,164.93666811378148,2063
116.62833687560794,255.7065932683917,65.82753997388119,167.34359014991853,1101
173.80336164263704,285.2956113673749,66.68873961347828,182.923169274975,2392
108.27986679251265,231.50559693186545,92.73622970592177,187.4751783153725,2197
160.3152109466388,252.36723999989852,57.49274602926472,170.44619043679154,4897
124.5349109681321,248.53723712045505,97.2963930648038,168.7498086697512,1340
138.92956140419767,235.39058262568588,75.37371773317038,105.66756653364725,1919
128.86937367706997,289.14550645563725,96.32069392918488,110.97792414581716,2947
135.56727164649493,216.58779246625355,66.83963943629065,181.25627103908732,3861
171.90459051842456,214.95086395206962,85.79794520696984,123.29512616236315,1195
129.7121715623175,257.69095353227516,74.14375609863448,135.5565060217083,2607
156.64046402968972,265.7494229984942,81.34018151227366,114.52973536758768,2205
147.60504021990997,219.46192543245652,75.21862465695762,119.5151968574919,4824
166.3671165362648,239.0717442254624,98.35578086856808,177.54172353702063,2824
193.68297393247582,294.65638429787435,84.60526989069587,126.18596195155382,4394
173.25720972102505,224.6617422690674,62.565948431315775,144.903496626419,2136
121.49403785907568,266.8360702117394,95.48384609525422,115.16713730592393,4923
103.11831350612847,274.0149393697591,64.70148690775522,167.79299063160988,2698
126.22640442998251,244.81286994651595,68.58025496504281,172.82697341334762,2574
159.50779307002549,293.7525986759583,55.10618490101067,136.1692317898714,4306
105.14258134842504,273.66567352187906,94.99832598980953,178.47466461227506,1504
149.63662472012362,245.7924579860898,64.30560116139316,123.99066519221265,2966
159.68428489168892,256.9335201776094,62.94588089656912,169.19038621001562,4142
133.4243890816961,269.2613443425101,96.0131298997477,172.9964581420454,3266
177.09122037458218,259.21901804292185,90.27634312025167,196.86573777887764,2540
110.65982531337718,287.8697583826076,57.05394607596872,123.23216651867162,2776
107.51377817358087,235.68886622804013,88.46622519518404,109.37104800427528,3212
172.81887562036033,229.9885740055805,95.65165490268953,126.30354222897866,4584
149.54913162061985,221.38388894952644,53.92556091053719,112.2862196582119,3428
168.8402396427736,203.7782968064595,91.26074974522865,116.96943084943096,2207
143.48273386037462,204.30139643800553,77.3710025936528,133.41145118559746,2926
124.64020332391068,287.00551931092826,83.45987246894003,141.39907467220007,3416
181.91023176742,267.8393146405907,74.64271694524685,190.37242257513796,4519
179.94158789689794,266.0532415436486,84.89015424526393,119.56157715000211,3055
169.46964708544266,261.4642818934886,51.70489308333766,197.1758975921216,4691
127.21451372299627,284.92191446941047,88.13533616116419,181.01532098961718,2405
159.0230666869087,248.02669256656276,51.66718489294792,188.1471389893441,4453
136.0973896940027,287.04108285583004,72.76499238736717,192.94439897402435,3013
109.15820733266341,235.9445026182239,57.54824965651474,175.32411971411207,1447
191.73135754622427,292.67075043390906,91.17871386756536,178.8779831617061,2720
113.68186309189613,269.865698008124,65.68304545878343,143.78182966056195,4867
195.02373538208025,225.71771360244273,72.70467723021662,151.0450234676244,2177
144.60057729579557,256.4084921688625,71.43753706491557,193.24854267666342,1033
118.51329288386196,253.30305614882556,88.62509828423532,137.82559115526493,1496
154.1900947378358,213.7898821730334,74.05721798979877,104.19470730642072,3911
187.29458358764083,259.1242905750614,89.4479167505173,176.27543854747728,3069
173.2224886409561,231.4785623716958,53.675413840133764,157.31575117175186,2403
180.65611478614497,205.23487668096024,59.579698395149755,181.48759623433116,4219
165.87833667107174,294.8656157706565,77.57671248231803,107.55512666109621,4981
169.22765645178526,264.14903690642876,97.35441623763475,162.12319904757896,3710
184.91956515653192,287.6918931870847,53.73789233608902,124.7705887990758,2602
124.96680088591859,267.6056005013253,52.154210807843214,190.32685944944842,2938
148.94249636431405,235.69836921401128,57.82753374639278,110.99099397417457,1589
122.12094418196023,251.26880723288116,82.05765644300783,184.3069272725063,4815
198.76680079966468,267.5746760347177,69.94964583351236,108.85542519719104,2574
194.40593396866132,296.02523252014373,91.2776189708843,102.50973554969981,1676
103.9426811368506,225.36694591216965,53.59665757406829,123.50594300419223,2122
170.55751725156884,287.49770586241175,59.820704340735055,133.30445409266838,4712
192.52483174156657,292.40778052942693,65.00132027324479,162.6528771811871,3042
118.05753451273335,267.0415514658956,81.33650433443927,113.17245973610538,4602
156.79452305526294,293.1266627401338,84.25863451507736,143.7329933591075,3318
191.54882975880417,239.78785874773683,56.21016469818869,120.42636021028737,3008
103.39459785857989,295.3016176040443,97.19023544958698,185.53033215470634,1000
169.742026724684,270.2782877165975,67.05220675951045,104.49665079513049,3334
129.7349007372551,204.20057674188118,85.65843815001415,135.59377266885213,3020
192.43961953765304,290.6872831819053,76.21038594738494,163.1374079969109,4251
197.10582451653676,248.44728090331927,61.137905677355334,191.30881780519388,1938
194.4266489113434,246.0326984777833,92.31141615577056,186.7993422693895,2279
147.42142166574638,256.64666059796343,90.9119014095965,189.51919995171636,4245
186.20426509893133,214.9384546771228,69.80359269583451,106.2853293682982,1853
184.45493985350703,246.91660485673987,79.43037928469278,184.09232614634595,1049
131.91004732432557,283.1127216717746,62.89128479679699,177.9912578544119,2555
182.89154741506775,201.54824591375154,84.49258143731507,190.2431649275619,3664
103.70076347154927,227.29171603243714,65.45134063102157,131.15762672580013,3237
159.62698784820532,200.24545864438443,92.20393671911174,191.17651062733665,2774
123.0008837287703,241.57113091498485,60.86925521386372,140.26410850864477,4114
112.05668857772788,272.8315510493735,50.74017114092321,163.40996855257998,4588
107.69532016292092,279.87718291146285,63.42540209839592,142.41789912069981,3807
169.62887758781397,294.51897611270067,59.55262432297434,142.76484305156512,1065
133.9874963768066,260.85046129707865,75.41432198624622,154.66370187949016,3443
172.47667715287616,225.46268666528954,60.18516458282882,135.59267096208225,2274
106.53563407989424,292.4147949136699,88.15949353597475,179.27369942692357,1127
131.52903378306104,277.5315753880376,62.0685319002002,163.3638735415239,3744
153.94912923753373,257.44284830031444,85.34840899563278,168.97557615389456,1187
179.07231648389637,269.5640215718936,78.9235461506862,123.10348002217636,2206
131.875250293207,292.4316355007429,99.31249282359423,196.95752884813925,2606
162.5891376437009,271.2394028472922,99.99504885046159,166.01760977729654,1577
188.5977748236187,236.8374507584734,93.4763041658665,119.71958645303917,3888
161.58631881823047,271.3028202289097,87.99916846493755,175.0490243471034,1761
123.29594747536338,204.02781627353878,69.32282070002869,117.37141032076227,1666
102.44007815565381,238.64155618305813,87.66383635656518,106.33848962995084,4483
187.00988739009298,240.63230318455794,97.83377685397454,152.75533961458342,1932
102.12694108503871,216.68382344208348,51.168878769772206,155.3523954162347,3126
187.47016726841994,202.30854805517703,76.89573500988695,118.89655747315986,2042
152.8937134027212,213.33812366377427,60.89991521942173,134.8378944292159,4549
193.90676985128962,265.4621495797055,77.89381579344251,194.57692956786968,2970
179.87832357736653,280.2288816363688,73.32235448794455,128.500323208749,4852
199.79341105333373,298.8203492726974,78.78842907761421,115.55680607653687,1044
135.07118154517102,234.63635031084942,77.54811107093622,199.2561958665454,4845
176.7188288931127,259.9379222261102,98.0053519584281,130.23055363804667,2245
140.1930913609242,293.7144966815122,77.60930544673681,168.02536731460788,3176
147.98756203039088,216.70417813381528,92.31160440624336,123.15601814392664,1617
162.75054632183702,271.7645586342743,65.99101434004233,155.01211969863894,1762
187.36771141863386,275.4978733149163,71.90503443955245,138.62819866096154,2656
198.4083469199295,208.89755358693384,73.5206738022405,196.15792611591885,4301
176.82734138645182,286.1249385183065,63.936402166768985,143.28058745504876,1792
141.7766782167334,281.3105047110844,68.98951307389777,158.41741841817242,2250
142.13570022770702,203.34030065774346,79.92565397333877,194.47662659001472,4993
173.75823015888915,209.10844148800516,79.00938816522662,198.9234299937955,3444
123.87771457683023,204.91268938918523,81.82176722867402,110.16583640049964,3322
111.04741131313946,233.47435317993623,67.59089577100706,183.4320712042389,1137
135.46221576407765,250.92889906799263,65.79157475765285,138.21164941872487,4244
128.72389916540817,253.23477279546287,80.58089413770816,159.48287062056127,2350
129.63081204559901,226.76667597694427,56.64308742137625,137.50480789552455,3830
123.36077510499099,291.1596886560274,62.651577176607,140.11162056547923,3262
104.20931896363619,236.8262789871913,52.10638684764976,115.88575359851116,3275
101.78739347334138,204.55501559653524,53.630542629804005,157.2766458427866,3154
198.77223897360315,230.02271115413865,62.16916396303044,154.67159459447248,3206
142.77731337358622,253.11094225441553,50.97646401484595,118.93557885383998,2917
138.43266471596817,240.8221822588232,62.270529604373074,154.17304293339413,2159
167.964728269307,227.38425190992592,82.7488161531013,197.3101882631086,4834
121.82538878650641,213.13232497643173,53.05535392344665,171.44085958537897,3077
194.99611839502253,281.91645000962296,71.83683388973205,148.0982559583352,2121
178.6345014415552,299.61452421241916,95.65543934597747,191.60839855813754,1608
108.94110023122595,232.9542133523882,89.56424144627005,157.53143565053057,1768
141.75807757849284,238.1621044176604,65.27187511474287,113.50479987278034,1783
187.9118307562165,261.8037524676957,96.24027395958235,154.75096478124564,3929
194.473202229141,271.84414747355413,66.48232483738624,118.09731153658677,4594
146.74015112498697,239.20295348035913,53.62577481687813,176.75048387476744,3970
161.34113892107078,290.4929516981815,99.70279783840567,196.71742142947085,3389
116.70339460920752,256.0003989228918,93.5011263594586,136.08185845433303,1167
199.11686261369766,245.0390076405931,73.29663916505461,143.49178801251946,4282
123.16717013834435,264.66727531599054,83.3188262096202,142.149646683863,1683
194.27317741351257,295.2803848249173,83.56140389283351,128.5299975794882,4909
164.96466489923685,279.45522944217055,59.72411153652302,179.4179964878631,3679
160.77367948788591,204.00131305351243,60.00243165768161,161.7728332746996,4256
151.26885110165085,233.23099107399597,73.47903516759129,106.40515568565596,3479
123.06698117177586,247.05446849512228,95.5786570068849,183.88063350231357,4495
117.65280320055084,231.45175722091054,50.49968874292854,118.70882311532073,1038
122.04862090701754,270.0187560830457,89.12528179746796,197.9151161709121,1979
118.64382621442545,282.6269149862581,52.876339185732704,137.66631390025657,3434
177.95844735667532,273.1345095185271,73.91110574415589,161.6449647150324,3816
135.012525916673,298.93332868282755,81.89364165367382,107.78236188960304,1790
105.78426765633964,227.2547647893029,84.33796335412325,134.46632746883566,1741
196.91026301408112,287.49894950244214,52.92396318079557,180.23539573607815,2474
188.37858849634256,276.66226651744864,70.93018086919841,147.72084919532585,4186
192.7752283195213,236.21787575581462,79.19186302511623,190.4603483544023,3448
199.49078226464354,273.4124543656969,53.30227686530035,157.51384410508072,4375
117.38952492194873,210.40759564182468,56.754727829765486,192.85721953957477,4674
139.62420189026588,278.93334823405525,83.18244947520193,198.2609907012556,4380
175.82384757040913,253.23306025871025,76.08190982953258,145.38945595182759,4644
169.6020618053792,229.2290172709253,58.09143306341453,156.5156572577808,2126
115.3895906339855,265.577730178418,76.76196684573668,183.492064325127,2750
181.58331249906178,264.1619998714409,95.6346186722208,122.1533005535813,1101
122.44405718366608,220.94862227195998,50.77937923876819,186.16295737811095,2930
122.3817614822623,203.03974148115262,82.13168867429273,159.19201403772695,1654
153.69744228934135,243.36225869016738,53.6825217302671,172.55001353845256,4161
159.2939934841703,256.95118693444215,50.32247214823504,107.98540226634452,4189
158.0086207837811,287.6605278370598,57.53272443303169,176.61876834534036,4210
109.14868373977549,292.82167956475945,71.14533159269597,131.07869045736584,3950
187.74608626303802,252.88052181567664,90.11719994909765,180.5232276849842,2326
126.5600042588706,275.3803483768545,64.08927483022794,150.9152538302707,1751
112.95149212828042,243.9303272327997,81.28366061943794,127.46143348156332,4719
188.87480798689774,274.6082156572893,70.55783189776534,195.2759697021654,2540
195.56514982297534,220.4801524939167,61.7165895983004,176.50623977114992,2232
186.21276172654507,237.10647348035315,75.71235571414293,198.5686073873647,3134
180.9516074724878,263.42279988136147,89.87322451863116,136.4469898412204,2985
165.5241980639022,201.8157965607079,91.62461850280721,164.92196335416386,1858
155.0857370609139,272.2461310338954,92.32597659386184,161.15886778637267,1318
108.69867599114102,283.5535501268167,66.92789062774897,168.7556741068803,4860
140.84532130706987,239.91416610939515,89.67280323578765,103.83165660413309,1966
137.2688517012314,244.79424171771643,60.60892275544539,129.1719323877374,3934
125.97537837603262,285.1282212216531,86.92125506214416,190.93375737908073,1632
172.3420113688585,277.56546353260336,97.41922131363083,142.38200548722267,4316
149.5875735078771,228.8149489033375,50.68719173454786,196.06436790815474,4941
108.1046215907648,232.3976106561539,72.0181965589399,121.35031726449758,2113
122.01832019498113,267.8878232390597,82.38854942070023,199.74239734810894,4549
168.32587636595957,256.3198092448161,85.08878852437765,169.75809089595322,3699
107.61308594903002,216.22295710964968,58.80438791346011,177.63934240664878,4183
185.12069140487688,230.99299092291665,98.60916376192964,139.68611722025358,4978
149.51465270139744,289.9983276878654,80.76326839854865,190.7008121260621,1949
148.0586577326648,268.8174436722263,58.21703006141339,154.54629009586222,3000
159.24077846595176,298.5974317685519,51.02612558562576,168.0938380224635,2417
182.4680965925149,276.70125299807694,89.1632099394888,109.4808271336286,2910
134.7809207902193,294.19744321435905,53.98523697227296,163.16807008928936,1239
167.80161525590637,221.61885738704754,57.052546053511826,187.90789882621567,4343
156.5731963995791,277.14848748169254,78.74150134278453,117.8283228215988,3190
126.70282701694214,202.02175201477974,80.17527517248098,173.7725934634846,4001
187.8629986355158,267.0760021711534,84.34435592961992,102.54007589946545,2742
179.7426021606928,246.92822781202415,69.67570063318104,192.6203016562519,1118
165.84518346584255,234.67600719200686,88.69493344834115,198.29171160311864,1595
185.05817290942417,286.2404352293089,98.71792998079442,135.41800667980945,4971
186.72942009598023,285.4267692657531,63.55474715399415,110.70738497153349,3015
170.83629767150347,202.23017048986435,85.1514308268973,165.85763681631448,2274
183.70133283636721,260.95051224494307,96.42343261975785,102.9834514147479,4349
169.74714616692836,236.78322243209564,84.31433813085214,148.24862812971867,1162
168.01407717603004,241.56610015004492,84.05547493221297,127.17791751378866,1653
161.86113782151844,283.2040739218776,61.18862845426033,147.33390539528767,1349
175.27166395576413,230.98397715276784,76.75651001598465,101.8275514738357,1030
115.86051052930736,294.304881063762,78.12614218022901,105.16121830707064,3505
188.08707591989284,217.96338263721407,85.00647812279763,101.59758288433824,4909
187.1843527745232,266.2722423368178,99.84107249480914,161.9131870047114,3138
102.92472830345591,267.21050670137646,51.682191127188105,156.00929176752084,3175
182.58167505647629,225.21951614279183,53.26163306337434,123.31579985366045,3826
112.88698674734452,232.4750608967202,53.89750347154594,164.66431289040213,4619
133.5118854259142,283.47984925799403,87.14895672444784,188.4207256894975,1969
174.3508256291608,276.18052549549526,56.81768975553788,127.73221010261136,1847
116.07598960483082,232.90958803147595,81.12259372451726,183.19938078789875,1791
181.7967024119062,253.39565469349338,66.23344389467292,166.25091360021815,4796
183.2134177957742,206.16802962530954,72.86599781053555,103.38204431729832,1508
150.74677337608364,220.87458823986293,60.78315799087069,137.51498958294346,3983
100.63858717168335,248.5820558860399,93.30532806522712,150.77572158590172,1744
128.70381331749127,208.59737352792115,79.30751620815133,173.16991899547213,1739
161.69269183757422,284.3332354891937,97.22816317911264,128.71305582534168,2904
198.11861780274234,271.80062101076476,78.72981248521648,198.27301048579324,4881
163.18135270166684,294.3633670648495,56.19540152984733,168.45397405050858,3038
125.98035810641598,269.3466905964027,58.54352169192377,137.28136771643605,1236
163.40057030996113,294.0401372262186,99.45369881839235,109.7025039077112,3006
153.99853797158556,255.4512555690965,86.27825986654338,118.136776027081,2556
177.98453951511436,260.0218611061969,52.46393750145448,148.76077600551565,4679
110.69806388269583,297.6971054626261,85.18905025173325,149.46953549583668,2012
176.10279025020282,264.212914686426,70.60865234048057,176.77187648213535,4024
154.12665786761102,203.07865688607467,65.36041934115953,172.61766255722523,4070
196.29920038589947,272.3802776630523,57.703039686526715,120.12730385178173,2074
134.1872166038686,290.54686921374156,91.99519772782828,159.4956620558265,2872
163.2621893133948,279.5580249794327,53.192068949455034,102.06218007428883,2846
193.20281055100173,258.38332726254225,64.49177311898201,139.85473993843334,1468
110.25097279906792,267.1303513093516,65.31914469128522,176.41052405716056,2915
193.72284872364511,299.0191789251672,58.04526419817502,139.95085932871666,1387
168.78857223008134,209.06620885093383,75.4092441643435,183.55962398014242,4133
106.78370591051718,266.72448286332394,50.585131340544635,197.61552901252816,2366
130.09635669468162,228.3397694570594,65.04877577052045,160.72126026993658,4224
170.81720886452814,264.009039658617,96.68147220165321,114.50040763417566,1735
106.73506014687717,260.76235758839385,65.52647846710029,137.96772079054108,1653
158.21704601762733,215.34568321081622,68.02296935533758,100.94833550683752,3088
134.58830569529567,220.67466457402392,73.65825241170359,160.27259238407527,2509
162.0915517767477,262.16295780432137,78.08466874257374,182.15685009737982,1952
104.57420338125128,212.82299473037742,90.4354322410372,162.9940078923043,4749
187.15368061523765,226.5180875130323,59.51606115780088,178.60862291834496,2725
197.3488969177397,283.5245547738002,93.58731885962786,179.99039272758867,3856
196.88778552856917,232.70915060016387,87.87746785719446,185.10125762174636,2580
174.96518317429246,248.80601562696629,86.13251673307776,126.66637829975542,4791
113.0086240130632,294.11403351458404,54.34022868573176,187.1268522820422,1381
175.82631959290225,222.71490888369462,51.082034498729236,165.4093998463491,1095
102.45869164588015,238.96260173580103,79.7006350454042,128.9725556594487,1911
102.21235515289973,260.6457775543546,93.15669812615806,198.72947149962613,1786
132.3610219149541,275.5338929503972,79.2220732070318,195.01823937316692,1292
148.86431904046657,290.16533867127055,60.66174327227654,157.44409832063994,4306
177.0407417807793,291.54729875735154,54.52599489746066,184.32083783995637,1340
168.32953766065052,277.6640074372623,84.97982264088675,126.14944887198718,1718
144.59027063767485,222.83308365933104,86.08851386589048,141.603699661089,4004
127.36266662816658,202.48093300425657,58.62658503435543,118.39717607438337,3585
199.7124500157711,238.37739303556236,51.409515774826815,152.0102642629248,2373
142.6181302235973,214.15488509878233,70.41417566115985,149.60014300716654,3919
145.13870243296753,271.0387647438298,79.1359351066511,121.28132259615664,4278
116.36238211916691,266.1130586825717,85.30012047835956,167.28016937160976,1959
179.48095487499293,204.3971641621455,90.49725045764514,111.77902955254126,4562
169.36822257814885,283.6593779130951,80.52687136533662,106.16914510697111,3428
122.07696127887604,224.87432662911823,55.54403042992425,138.4904968662386,4212
108.23810456158427,243.22270754910423,84.12908360712075,140.9824777784705,3906
168.0499302074713,266.79337354557424,99.2088321447441,131.97406065264863,3646
165.45112142811354,242.94187868522533,95.2792292298702,125.79466375782505,3977
127.32595269982093,244.12878027999434,93.58344546347564,133.87763450095304,2914
195.08635622504102,206.56279953357404,65.10850766791704,116.3375573952103,4681
115.10578917809002,240.14435492600037,87.53940882270004,140.34524691328772,4094
143.2334801042602,276.48478932199833,92.55517229825728,190.46033735174439,3809
194.3615920167599,291.5176337186598,83.91631023156316,122.44268812088383,3411
141.97273169261223,241.34971370633718,62.52808782839902,168.44511043503502,4833
163.85259476640857,242.35858268790787,97.69169859374792,114.17845103978394,4219
139.75943979627942,270.2627106323652,72.54097057293379,135.39066240102306,3613
127.421520234867,294.27720011052764,56.49027793329397,132.11747805452563,1968
198.39776479598282,226.70609402393603,55.4888947528696,193.70293944083278,3874
140.9334006315043,244.01442065379368,82.37594936495229,142.79820558018088,2939
189.40992036791346,279.5973243552301,71.88548232083696,169.0465943781384,3030
122.99546058910862,260.96935693740386,54.72419375894818,160.24628089713292,2574
121.31047040250833,211.05863439639546,87.01822860780473,114.10300752847614,1504
103.11340828845114,262.77327355622657,89.96625836293099,193.95404510306184,2869
165.16668253758849,218.67462845973267,86.27078153932257,134.5869291855763,3032
136.85263437237612,251.0215934078404,60.11304388420065,104.47583557836498,3265
186.4358249839637,252.91032676604385,84.48877279980347,130.04437068441877,2882
147.32099066915572,287.6203362224985,50.536140144719255,133.5633725882326,3529
196.81934279147217,246.24942740124382,65.25560698392046,109.27453273787272,4487
118.55255157031212,227.9442422235894,69.94107657037719,161.9977406379943,3984
186.86231679556107,223.09663482160315,91.76234744427508,134.67642055415453,3796
177.65968527917417,287.42518766843364,69.51971865347022,162.9134606330971,2348
177.0921844644052,217.10108544182285,50.563472309469915,100.67405635890671,1835
184.47832281168877,242.58685608831436,67.61732059140047,198.20483989907524,4926
176.10239909429987,218.7173114926947,74.94620491796437,117.05163585446816,4860
162.62203216314154,277.3304040114375,97.45023933363868,165.93309867049362,4808
113.12448776823877,247.4372639974619,97.05171518947724,171.57843032795154,1488
103.2526179491252,235.1143690556812,59.04370191107058,117.16083497474762,2431
192.0847847815687,236.10996406264667,59.25732708697258,111.17122821024185,4215
161.6650314520738,285.22142067229794,58.16907282322752,115.25771918448086,3847
179.65372909761763,255.37739542944382,89.44609662070516,124.68182558449445,3258
148.152235151255,271.78678511312637,50.301102018420316,116.82321179929087,3713
111.73081889623944,289.70385162506847,56.35885990959387,167.39994269560816,1258
112.51857922025505,290.1741676040642,76.89798158220495,142.08332037260672,2250
168.55652872289716,232.85090543378632,62.37810334433828,153.77915945153632,3022
143.03058948994627,295.2451263146385,54.6178229119631,104.73367888091583,2617
120.05247267003367,202.48758820146054,67.99390061669172,186.12489631007233,4960
149.1594546741437,237.68355610161657,63.71038025301224,117.05715532061922,3419
106.42089370751341,289.57988575088416,75.55521532571423,136.01523314550883,2414
158.19714019143987,227.46368798169829,98.9616796915098,107.1901639827767,1991
126.89934044350977,227.30814503213185,56.21523184074592,113.67931346483297,3135
179.75591006371883,230.26222850818885,68.63633524170471,166.57994099756615,1399
131.03619589235737,261.23133848469223,96.59925089362373,169.25870022556887,1308
145.52201490818013,243.83327756143538,93.84365217469113,167.6965484625352,1003
101.16205399081007,272.67348363533426,69.71355173921403,155.2136787846022,2196
107.24468877945588,289.4910642564666,84.94766322598682,195.25216640119066,2567
139.24935564066848,267.41993749428605,54.39285067906728,150.71771607685764,4817
147.99388347171237,220.44667201975756,85.62705277718075,144.94120292964465,3273
160.00205481193038,293.2681902360502,98.64288647423707,124.75455657171435,3386
129.16625787093034,226.44928733474785,76.87440764170958,109.88495292666126,2229
169.49818861265425,214.98942953281582,74.92451135172071,154.81549299661788,2125
186.01223971892045,208.9967278860961,59.36593098509552,131.4890186692828,3105
177.98509888933498,256.33837406661655,81.68940994536459,152.40253831905153,2804
103.96188253483571,211.37624624806517,79.52186403894575,120.61190782604797,2173
148.0506947257829,213.87758841126308,82.59665297378753,183.81726722079114,4323
110.49301784181749,230.00304805954966,51.30416433423609,199.9697209659069,4550
124.20450158625275,228.1653009684464,77.43617441745369,132.24035101206493,3603
198.66625932671465,260.4239510332142,79.74674217486864,184.23276072603298,4499
114.24955429015132,281.67452794726813,60.376506770640106,187.29861363924073,2565
149.8888153451356,276.1349656202892,60.4166428744268,199.60737887570798,1918
161.8155734318119,226.24844547164767,63.810908425547495,134.27201297779794,1523
170.24649705441038,224.531049798598,85.58607958636188,175.60413937141055,4562
155.96486834869143,296.57915301069676,80.31330317661858,122.88090036419854,1525
100.97708474191836,200.82362415919602,92.28813230589023,162.47960012921433,2315
132.6461308243992,287.97205330602156,64.78292859215492,170.48425694728377,4116
151.77116433847115,219.9728519122405,95.60340299441592,174.11206925350965,4271
108.78664991448333,294.7284323089768,87.18530809916791,120.71721685844616,1023
135.06269312091808,234.23072848275197,69.75058350068485,184.87255704961947,3810
103.32031087913666,244.0351773893252,54.7631032812728,142.09718603925418,2654
107.85784971550207,270.7120613944381,62.84918312437412,121.63695177345551,4458
139.6923276201596,258.76690514732604,97.83841086074251,154.25310883719015,2613
113.27157540430603,231.79393297068228,65.51816879420397,186.3357129606942,4506
156.7540848261558,255.38309158678234,66.49504800745322,196.70879097781136,1241
168.94649691372658,273.0706884362886,59.479446554885854,174.82078217278743,1202
180.0586699109083,204.23349459024922,90.34253005693827,100.56228862713624,1236
120.01502442448101,201.11993052557042,63.78221151211387,113.47007604659561,1950
116.74825822590698,245.80669390728912,66.51291241844278,107.62739864388658,4069
110.45678403344003,213.18366178035143,70.71740542158133,110.12137429938848,1293
163.64302495436368,266.4344291464714,71.6864139887305,138.30349560197752,4419
170.64757264869013,221.40524562274342,70.56703952075108,133.8493314828628,2110
103.1586144825642,243.28511067956708,75.18718476873643,111.36849812683101,1209
193.62122462436898,219.7670936874269,90.72564398082017,188.2235351614249,1787
105.19712836514724,254.84835857491245,90.9642520371011,161.54275763323602,2632
154.12963353010704,211.60534593845688,89.91565668816735,179.6463308956449,4073
170.90605194509163,202.31068527874802,55.056241955824376,137.1549388855431,3276
187.09691237460856,205.11316381066973,89.9839401637407,141.02360162875678,1409
171.40869321324277,295.425844151531,56.01258867432884,131.7621210536728,4314
180.17280830697916,214.2286218610936,56.2361885026129,143.8426612098491,3817
133.94501925428062,270.84782531368353,97.39313858174805,161.03772623550537,1962
181.4825113746512,206.79262042228262,90.96989223527706,149.29840078402415,2491
108.01148463846752,210.8160352235182,77.62052334340044,183.79170061884503,1457
189.48166560605276,250.88762514093347,93.7485102238931,190.01391686098242,3601
154.75923761537362,246.48709301543437,99.46823212759314,146.96838533675992,3260
181.72977699624937,295.15803094398694,80.53210333158887,123.97479803486495,2831
145.23182845183,294.4835453020737,80.6449218490759,194.5192419459309,2928
164.3577695196525,277.96086425424653,87.7213514579964,173.50386430509226,1385
152.64026609361133,260.210183012735,61.60694761826664,164.01270860538799,2435
173.1589521755332,245.4960317393011,58.35624307593997,174.5413733623976,4586
108.16299820305896,235.6178534328421,87.97903750075363,107.59817823969229,1527
106.03520839905639,294.70875469755555,67.24523974970512,106.76263276376726,2411
124.71032340101465,260.29088114246855,56.7535178152967,115.31206525809874,4350
115.95446801131884,257.90725276859945,65.74388629588749,114.74509674405324,1989
187.17835665922019,223.1901121768915,67.93184339372877,142.06704748494045,1101
121.92139873580443,204.6697817885113,98.26138297528453,115.74040822853641,2612
197.58652558191312,294.51885797595446,84.89798555439616,185.45256442665965,1389
133.6895791771107,231.37352588446538,76.5428158699867,157.80969309280258,2225
118.21179156886993,244.25890233244587,98.44365693413025,136.82618963502514,4638
178.9698507142479,211.4639943585707,95.15698702370904,106.9622538225267,4792
165.8707775500876,283.6924329909292,75.60004283070799,159.10277959591252,2415
149.81957164531389,202.76318328559307,95.28398176884903,111.65328205921263,1840
155.53635509376312,283.39907620990965,70.21523290313283,174.32202504026063,2377
171.92017782722638,214.02850127879668,61.52103326783123,180.27580967438215,2616
122.84547413312987,288.6564112631152,61.63390884110426,154.3976257959841,2779
199.6333916056742,272.97726373361576,83.11577622210633,114.96028591408574,1234
197.4793162146783,216.4670262507305,75.05351603536386,178.68627237404655,1113
165.0325686346937,256.58179928594683,82.94754235027233,130.7827789259334,4029
119.9542450929145,231.26563143552195,84.3037982131085,122.26531427534599,2983
168.02282424312915,217.82330989115835,51.11614364488588,147.05566410184252,4138
107.21984089791758,285.9182199411108,52.70197961739512,192.26462413829177,1808
103.06525022058061,240.35227665072296,76.6338863295625,129.73732920745238,2063
125.76828885112137,239.85437143653826,59.551773888003844,190.55785009726202,4804
146.26229567393165,216.988667480662,81.62668844022198,105.36533087398278,3150
186.82725054083807,238.30656760857786,77.60928695853241,108.35237050179468,1410
172.7169069766308,287.161684632885,79.28801791854457,169.85610251352472,2318
174.2706521199981,236.3128710489636,65.12276899155053,119.05926614481756,2588
142.54933344480753,295.1603562499788,81.99217531389483,131.66206831966252,1807
134.5934992546963,294.63088992083874,91.47463182425115,113.6372980980579,2587
137.10387629846028,214.4898659307346,99.90356267961187,133.22482691325484,2060
198.7649563736058,217.73112535226448,91.92221930861072,128.04599938924633,1066
104.01091914124825,286.26740703318893,77.87493798399737,173.63376389889837,3450
186.70314961224486,239.27609189247192,59.67147958399783,170.20233881890437,2697
157.86754085723933,200.43739822830094,84.07229380599105,195.49271764283654,3253
143.86154191895906,227.38718197053709,96.88268927789892,172.44216851730408,1340
172.52576604151363,259.762899319556,60.59332698661512,169.4817753021385,2857
148.66689414247028,279.9265965959968,62.79978102632886,169.42038890626517,4977
187.34232380816604,213.33886170932595,57.45042717058256,188.29674556481763,2075
190.07018640112585,211.05413644167353,86.83608218132008,129.623673287555,3473
142.17209268734553,292.20926535723316,70.32807517118296,130.00921091938042,1955
127.68277972350515,275.1148367822583,53.1347819443192,174.12138097049368,1208
159.23503285933623,258.97796007780784,93.74749957451401,122.87051371501275,2537
191.23633456166908,276.91867899959277,77.88359523512833,191.202000414797,3010
121.06621890056665,242.88543613066383,66.55471460001779,153.4781725086886,4712
162.29665835634827,275.84557473091263,67.19914880305484,130.01249280928317,4249
163.15602200925207,237.18029912745357,64.51256100954534,177.60999296899826,3723
173.3113022415281,224.40945724926024,72.7740086196321,131.23206298752962,2888
113.15676851272598,272.90134212929684,66.85208442440725,196.32783170718716,4093
171.58249646820886,241.96722921572683,77.39731520353047,198.29892097249848,1368
190.9032520665641,298.1377104326195,88.6758626135647,166.6796241966196,2762
117.96831088702419,234.9485182308101,83.72306417221867,111.36338897502293,1993
123.75433249238776,292.1727420531066,64.72284463770586,126.32088499332926,1081
197.13950940416396,293.29625485670795,76.43705057698897,151.54169622160555,2187
118.09769527094898,224.18529470647462,92.00630799561253,185.14474500979816,1376
185.4385093369579,279.82211815880135,53.410311737136276,118.48864969420286,1002
149.22778564480348,243.30745051445652,53.91486334934524,110.44034590139323,1683
124.7231074403177,291.75247272303477,77.80850340248767,107.44774831890356,4189
187.07499012725114,245.01242726352388,81.95575641949016,150.6967562360047,4727
144.53052550026655,274.4303717337366,60.570650788795206,188.4700969594706,1763
151.48173539296903,246.69674091637978,87.26100633457591,104.23592426438924,4466
135.92333693997656,222.7800755712856,82.31316885203637,121.23215339935346,1265
159.29508514349274,219.93501289446863,96.16446341181432,169.32570158395018,3482
116.35238725850228,242.54311942563456,58.44771009292683,182.58634351437155,3729
139.10815366517608,275.54946570142147,87.56871326790053,180.73995292991697,1724
196.94123223352875,260.5071485180767,54.18215452916335,178.50680573203311,3840
125.81334327011275,268.86292899005434,78.26462047589487,112.97998008133399,2250
165.6736664541292,228.23263507319425,77.59475697495729,139.72375821829183,3423
132.5190064224695,248.14353459576054,69.41925223233703,198.47446628317465,2285
177.34731256866007,204.4395264969327,92.22855738342835,198.8887571588088,3413
113.08736607183498,281.7532415958121,50.218532239300615,160.24273919541878,1766
196.98210450785447,298.98921622398746,76.00897009492604,170.92672047211343,3475
145.37895413836392,240.6879062624671,60.857677491759375,195.12837962853092,2031
123.6050463346464,201.09636531315434,87.17493095582165,144.99278612412104,2953
107.34967473300127,216.97926395509472,52.15337131530486,113.68668578837932,2064
116.97579050875407,265.25268777504186,91.57773440907889,166.89488755160784,2901
151.97739485560177,261.2079318203859,91.90461133534757,196.01023049005235,4328
133.70031764312864,278.7864719585544,91.64330062017515,169.72060938662943,3690
182.88833658826093,225.3884010961068,57.628426336633495,180.33211270237376,3611
143.0887523661806,276.3631915547134,81.52032592805224,142.2748803970615,2125
124.87142725876299,268.798402152367,50.71836795916948,109.6463154144851,2242
161.714498660403,232.28144977138433,92.39812956445999,116.88820865517333,3291
170.67772168854458,254.5488148056962,86.14875967543102,198.2654829435477,3892
116.70419079009498,214.72738084983268,76.55768654496264,149.31843169942874,1938
116.76192162883177,245.25645034355827,86.52957165483085,101.20205901772499,1302
103.6671426933543,288.11973395556413,54.71620483258861,195.5367280731174,1369
173.64020150656404,242.1191379825391,76.43279160884282,149.7779911971053,1850
166.3804527621805,283.9566706475422,64.56382459082226,183.62683982918378,3322
147.4630875749814,259.02533652596946,98.63097316114866,154.84581420368934,3117
184.41704489691972,219.1876713102357,92.85589753119508,110.17022836747611,1046
180.56701529500532,258.1106244697896,86.66378479169884,161.55695821319466,3164
158.5354364396752,250.59833291570635,96.6873817624866,199.7400276319609,4661
186.82712805132587,239.86413351963841,67.34216522827369,103.4737782645943,3564
120.58412100367683,211.96304395160703,95.04399494940907,184.17941975150438,4325
111.1919619397728,241.67086638472298,66.26191160533551,123.54807956507649,1831
126.97496115169896,207.27623762396271,86.63983598455765,139.38662227121856,3666
105.70868560893149,209.87690513987513,86.82084558882245,137.27095117728953,1755
153.1169528001032,241.5916532932716,50.91749382270467,189.87971942691195,4244
193.66056922949616,230.53814819684638,68.05298491390975,150.44861888318383,4007
103.93435406685097,292.55443258622233,50.971633620424896,144.71742868344273,2452
112.21099140100267,237.57058053802706,99.85460088051244,181.80251088367766,3083
145.21990282834352,275.78581220721003,56.1098380914619,104.89071343049477,1904
193.38750175279048,253.02475263662427,77.14054478240547,108.64563150952237,3454
131.61561049767505,270.40856686423353,89.52781193813186,102.16888568762893,4487
150.72348086883926,226.01159830153992,60.06318011304462,168.79829040075506,2708
104.1572859050392,294.1904972838329,74.25263340477363,152.56161370791813,3459
114.83432009620888,253.00884969144238,80.37143804605753,187.60221258682827,3535
198.6630122958847,283.13240712852496,58.010237719777265,149.85329029726057,4763
196.51186964360454,236.50456934761135,88.92777299557693,122.18195727619941,1778
100.49399809344096,210.02113490505246,64.96682285946827,180.5147373104416,2790
195.1811785423239,267.37116477208485,60.55115381694202,129.43238542326228,2938
163.91199378155005,200.77596483374245,77.91443732187085,193.5689782152209,1831
186.79182945200222,247.52929765655082,70.5156813821469,125.04238878522405,4392
145.4739855633859,219.28019026664592,96.01429723182089,116.77206528702868,2096
151.55960285792503,262.73755044353624,94.0031349099077,149.33239915106878,4640
148.88465802569203,297.9419873137852,74.16753316944417,105.05151179702433,2601
166.68642575461044,246.4402906320646,67.96318873627988,103.64117284826176,1643
113.96512547563128,281.74982565256664,66.27589908156327,149.6014545255458,1412
102.9973589872678,250.7784186951121,63.37818115407537,121.51068807947875,4843
130.79299415911908,249.58400311040242,77.22739268562387,100.93526383951813,3171
170.46807627366468,293.0423493178778,90.24893023672718,129.60569114315217,4456
120.18534521229483,288.99658687466814,65.53783041017789,147.7367353846592,4675
167.34324333249174,278.5800465187974,59.50470448440407,139.4288701460423,4857
196.99120461072704,229.62557533167842,73.77419030916434,113.5469466160423,2005
109.39007157894184,254.50084157239405,53.45172083988333,157.96748278319774,3700
167.26021182251264,222.3897233305685,85.06395030648534,171.0332991147637,1231
144.3750219304571,244.391669804654,75.91791331509668,167.55391621632953,4653
186.81422543775054,248.42130657597906,74.8187403986427,139.37619212832726,3480
117.71497894473859,283.16400401693306,65.02226897750113,113.7596151171114,1490
169.26259522261645,289.6028365324993,95.23367187658684,149.94867734907228,2710
183.81152896481103,241.4620062396478,54.52431459247764,189.04317549370828,4942
194.46142194740233,201.77044450732373,93.49120044435156,146.87228489412328,3133
168.32480282896458,286.1773839789355,68.83526012079614,119.56810497415876,4836
149.7174764008427,217.42786785013607,94.03117579875112,109.30533030937303,4101
161.7847240201214,262.1881963890394,86.43807291661918,194.39266380988795,2690
186.89049844787183,202.49709004341312,55.20853633310192,174.3009408876915,2223
157.06097466388297,239.95064752605643,91.57681432546768,131.29669727004824,1874
103.03870596968369,298.596030211535,84.10884168497526,129.53524062051744,3203
193.09486955069778,210.0693601103803,51.615095645767425,189.52184867225975,3804
168.9526751031561,242.36931519996423,56.6851341054835,117.75682348096511,1897
167.65133857772466,230.7149950189952,81.78140279178476,153.50372896565446,3579
121.56751523977172,290.50881233882643,83.13002514401424,171.35042751793014,4786
165.88854702326572,286.9340107907355,87.33257164187975,139.63903519656895,2869
139.38644056541585,223.76987603062287,86.0122700387491,103.99023425430886,1151
165.1232977041492,208.11877870504313,82.97599773349775,122.77588137195215,4148
110.65930303079907,262.71383940611173,88.31194508732113,190.18081374423735,2351
165.78453046030359,233.63687118837098,78.75428529461864,152.31189668395544,1171
199.94137257706666,267.20843906060634,63.03956927622275,181.54412464879698,2428
104.8212038860556,203.21197560678144,95.61883068653592,155.56855427906174,2429
197.71741842213174,213.33992351774893,50.910701546598894,194.36020957123034,4912
140.69079607228707,268.63722327726435,68.32808599357452,190.9134075556845,1761
187.0753450337259,221.23706553024977,86.44351465485818,148.2888042010402,2721
178.23854840582734,285.7587675762402,71.35780205748372,131.82740254363495,4433
156.7016260986668,205.85908877101355,51.241720374000714,160.166878734561,4199
173.84492092513267,221.54819827855746,53.29904515581066,167.48876816694735,2898
187.85155613013478,299.8560248485069,82.43186845691443,149.83550923006317,4594
140.4140321651033,243.30761025867926,98.24322997026499,182.22832210950946,2359
132.70331615632387,270.29656635446435,77.59318179172494,118.33285217848828,2777
166.75933855635847,218.26630488570137,75.33789090118844,133.44118306240324,1692
180.78459419412587,260.9868734985538,65.91626065281336,168.63763573664528,4336
176.22851347766158,272.6106068369419,62.83453369330316,124.66838653875573,3242
179.78136488586347,231.44766358665106,51.04924908781424,143.98447446836337,2781
143.5583314812933,282.88971119758776,63.647743382023556,196.37335466282929,1099
181.78342161750214,260.34175784722834,72.45552204326262,162.58759726865742,2587
112.02090553706084,238.91230096150304,59.897489152447505,194.90572346411255,4442
154.44890979608496,255.76423933431585,54.367399424071465,172.2441403248576,4049
100.57586604981216,257.6760847435924,85.88639336273013,172.46667696671727,1908
132.45858299002703,216.55352926938662,94.73101345340336,159.18571736902055,2920
136.64615348713977,240.27323698669662,96.83860348435428,114.22085948147269,1427
139.61726916092553,234.34305880194933,80.89993642484947,151.97142908862878,1586
169.5467206689862,240.0902722579126,52.63872912996409,125.2666200503471,3967
138.85581012703457,276.1110588485258,87.04313149808867,199.86725543512802,4204
144.86936226225305,248.25384074666727,55.50476526309432,126.69619401012206,1255
123.75441308743274,294.0316153239264,83.4874058843912,123.06858434614485,2473
137.325179162934,229.36764133584362,88.96829178739378,162.38831551240446,1720
122.72696272631515,241.5703578284929,86.29323554132364,151.09488132196302,3000
107.31959237684437,278.69568104790415,97.59419028805652,102.13529132545142,3451
160.34485933813778,254.60245933207503,86.9073142233695,112.95331789924698,4007
166.82127985550164,254.70281464244476,84.66048889909042,181.10429418275126,2678
161.94903460096145,205.33401630051836,63.08715860915512,148.36919551475606,3627
146.34940438005725,239.85996627184556,96.23843432179508,114.60152148230144,4125
137.97857801792298,227.07337324217326,58.977193539708345,146.52425628357338,4850
186.33336495718254,299.93351228311155,95.24483057365632,125.31490830824038,1406
151.9081785136218,230.83550706323103,65.63312716729551,122.35914611123437,2408
147.9181877629731,288.44965347938637,56.508179693883434,195.77252764451043,2961
102.56420658064357,267.6233735040478,91.33415136355853,136.2024526857741,3289
134.12478276261564,234.09164091920906,50.12477268004146,104.64311046723391,3094
138.0195618785857,254.35343783741237,91.60441588404154,197.03266726373027,1114
139.88227808969003,284.0535879949194,63.11559210229879,179.48395747721577,2016
158.01723692273322,288.3368298030912,94.23606363778106,125.44133065641586,2731
153.36025467268786,216.0393875006145,84.57395911207895,140.88918347053914,1805
160.79050927934446,233.95731412081696,83.3091666425295,186.22895745951286,3177
176.4883261542128,233.52231802135717,68.26597815824218,135.74135193232743,2580
181.29857387160934,204.20447960759446,52.97014869453855,156.7404042006599,4226
171.81230762264943,259.8237759851896,91.50365491027887,153.48568696646126,1993
195.55236959549347,285.4820052992188,58.545189758826396,140.12945486287998,2996
101.82325826763616,238.15743878255176,68.61293209473762,163.95019018137162,1494
119.57779856835461,274.00359449841767,80.01773427545409,147.32907373018864,2852
100.75628749781421,262.770041360074,74.11268692803108,102.12304916739728,1081
164.7474714154603,237.56487354930007,59.9330317585659,181.43831076479375,4850
189.8030548949987,214.10597994922972,57.030817844114196,111.31557827537193,4012
124.34822965762993,270.9323852775967,56.16231361251453,146.40899308913635,3716
192.70345447963066,285.45651689412404,93.15039407496005,157.9900790927497,4096
106.02673902895609,268.58544924014916,51.57797745306668,170.5506054193291,4405
193.44360268055144,201.7878484034818,98.85071297999471,141.07965352879495,2205
135.16226872396345,221.62328943909912,59.92643451927071,173.55484870305315,2455
110.14208284492165,206.9479984883532,55.51611484395391,113.13500847185702,2197
148.58717591863257,257.03860995762267,78.84858273883975,165.3445548270779,3856
125.6776567720508,275.64776788404123,53.99929789703483,182.6338927585703,3021
128.48729019619228,211.05791870686593,80.12266315817975,188.9443972837501,4112
130.72899649262865,283.83378205933855,92.53133224068065,157.9566495953889,3492
180.30258978326634,255.55089783954833,52.394901073371244,131.28951980750372,3916
153.91612766752544,268.9969012141725,89.99343022642721,116.33565117136264,4466
131.13076991560035,297.1401848608646,69.72387204910594,134.55587528774447,2311
161.03337833109185,208.36809882476973,57.9745316915605,153.99743731544396,1560
171.61506742231936,290.12240229777893,58.80482401337295,119.63302239915606,2285
127.26240007335338,212.61026959874093,95.93822718471131,195.25149056930928,2779
141.35491015253515,239.29588066366824,55.53028759703322,189.71354288729094,3104
112.18860933369476,285.1438696331114,93.33913935578286,103.29571948654312,3053
118.11493495346804,290.6254236737868,77.21223104918073,156.19617982303888,4630
168.11178539649828,250.63716735451453,51.95280894082195,178.93087902466132,2598
118.14383476956269,259.4104638275425,73.22380728586691,124.5391959934007,1944
152.516338366706,270.8147334598557,90.87247572381503,152.38962323927439,4989
170.90462617224327,283.2758668452714,86.31013938195503,140.5991882409379,1578
110.68769230947439,212.1511169537666,74.43912088423589,119.65462642180765,1914
156.73122196289034,281.00693082292275,93.00249398481085,161.47373838758227,2718
125.65627837013638,248.12761505116168,56.01823808901148,199.3692175406831,1161
196.292687523758,245.0623425108169,95.49705266961844,136.52872602799448,4368
148.35456467199248,242.38997519969982,92.32206042416743,155.2379008264467,2640
180.5992549775158,250.92115852460427,85.4138412828618,132.78546816215004,1774
155.02265421562618,294.50505533946034,90.89438710643746,187.6948616802497,1056
104.34125328548191,254.82037727921517,77.19077534213329,186.4602700423693,3575
163.31513755940222,295.31775382631395,83.75812145488334,117.87733879479703,4130
195.1403342206657,218.02901306156406,78.02990353538894,189.99488742380606,2189
160.1611820146331,272.4135978832633,67.77142652539746,115.15087110560671,4976
181.91888594267903,281.2239538608747,78.44303986805888,109.54399596253343,4833
188.4206463348408,267.91288313348616,62.87326662659628,165.29346157015317,1545
122.80797719489325,260.69222802265404,72.01395854203926,138.5904105869895,3093
121.20448399082267,256.4812781086182,64.03877036301216,153.07405934618708,3980
161.09809888509918,286.0930482578696,56.14438947306945,165.25707819374634,1810
141.10284698067048,282.16465971645,66.09309281949531,105.28372377929848,1046
183.98613028667205,212.22887211805994,92.59936090923853,129.29531710909933,2413
190.0023123398011,284.8587657030878,69.05403853211529,146.09063117688672,3299
135.3421379302718,241.40686194404424,87.40018244844345,126.6587409805932,3213
123.6870558974482,225.36968299958107,58.759892711908066,104.8971384285521,3415
178.0525515243862,286.9768568013926,71.22095795838209,108.66765732310535,2402
127.48060355481361,243.20247996337417,55.74280346675883,180.17478687537334,4388
182.26143185136783,280.8364690176817,56.93105316837448,191.1386759212926,4203
142.37382536487627,226.34036119558445,80.87181899450346,115.22333024304488,2412
166.75498992914703,200.39293214222178,80.37409087245055,124.92619572914857,3629
109.55353138346682,249.54591929029442,60.66859536774311,165.22494047310698,1571
162.3859324676573,210.02282566428843,73.72115971443993,195.42717760924472,2740
145.1767678737229,275.43759555249096,93.1653083488974,129.9589709133271,4821
158.6608463175474,227.60751360694104,58.710075433824144,185.5213626236001,4927
116.80142077448635,244.36456466034787,50.96052665367574,150.60246444503764,1347
173.6873744944182,208.7033565091554,82.59975703317862,195.65586390807806,1844
186.27970775432286,228.66592484472525,52.67491040443425,113.62586624281913,3665
121.67398000907757,278.1490243258572,98.9970119286223,197.36723982079866,1496
109.57145555201618,215.15879119023194,80.48101418994405,144.0978627829508,1695
102.36385860463363,264.7159561126957,73.51981764219862,195.2938390426262,2873
164.1971500443266,291.7425852804501,71.49962700121534,145.8690217051519,2978
160.70940360887806,267.98367597577203,78.65353292584658,153.0082134120578,3558
154.66974127140702,281.10216892922267,54.531221836010744,180.4775009777321,4590
123.19470961159755,210.89716293039157,96.5009529409748,172.2628500739394,3499
139.09059959055148,225.07318260020546,81.28210342759388,161.96033204172855,1542
159.4476335186173,289.4538852240591,59.19892488054544,141.6980023589556,1215
149.67668588591692,271.5105613618089,78.12905268823314,179.24383673996059,3517
198.77855202148874,263.95538263773113,56.662825291650584,194.82283332893206,3900
113.64397525567331,266.37667361217,50.87763587791561,100.98108969430268,3351
169.51445540475936,241.42005543046434,81.5258492606999,158.7845096452661,1297
140.43187681042923,204.45566316176533,82.42416709350638,186.59809289783485,2369
142.81996149256148,278.44415420707287,79.18482914017078,165.31125373455575,1285
171.75977656581762,267.8713236215354,59.174160218001155,180.08292578333368,4956
169.24361513243696,247.28044641127246,80.17149292473835,189.50611038489853,4059
199.12559937021882,289.97596153682576,52.82554704622599,175.09510158530577,1125
112.83942894541252,233.6159664985099,80.46191777859612,171.70174013647662,1050
110.41096493841664,229.4321744231236,77.70085095538094,196.47458913639184,2442
172.4338817128741,287.27963250794426,82.76274154195497,186.36846578915726,2725
157.8386917006409,279.69876547589854,94.7737802876197,181.53778695827737,4122
127.41606665598059,251.49798106483448,92.51790526197684,108.64033604718762,1470
107.94193689889866,213.073473945785,99.03270957812694,123.90298831394179,2399
108.56582495964305,221.50714714650525,98.81205164682875,155.67560243250895,4436
189.41908746641184,265.62279904088064,88.61598466868763,170.95601049748137,4303
119.1867324718743,238.50412378404116,97.8209811088864,130.32148933004768,4761
132.33715621155207,283.64731916659713,93.3641942944556,109.33281131208233,3717
122.6656402226988,294.9955009332204,86.37912249474864,131.1099186815248,4730
135.49963058319372,280.5636925274918,53.76921273218776,177.1029180580519,2503
106.94238427460934,237.7545422995557,52.452494413494385,187.74010293413733,2329
151.90597909082703,278.8686429231424,91.87997837528852,191.29036483443429,1437
106.76125635922149,235.14416734706833,74.48279289358491,137.88666791441477,4322
180.03565078223616,216.7100087765634,90.73033421874604,137.25385748601965,3898
123.37120819104331,203.33932048658573,65.64591353276097,140.67074709717912,3389
154.00119146045105,238.571671276102,69.88249291615064,137.58094694214478,4203
188.0079087561458,290.3559303697282,85.0093360505966,166.61966075072098,1748
165.0877369047194,223.89865877556764,95.76633684660466,135.83232621319928,1523
153.29577865513352,220.6513164929784,54.388073723944295,102.03439366142459,1654
132.43337531153756,296.98207852410405,93.07390723173032,143.90246006878718,1505
133.3001913058198,202.50041128505922,89.65063624396826,122.41520661785877,1398
166.948695519819,278.57821503937544,65.77696353649273,102.880713778462,3953
199.41393612211675,232.13699557408705,67.76083070657798,147.0842951534048,4189
166.18391898493786,203.74879568696593,52.32307386109548,120.5954559198293,3108
155.7783417370025,291.78025402095835,50.7870305558359,145.2741814839734,2938
173.0650510239246,213.96423302095837,73.85030631788646,127.77499866102865,2204
146.52056122837183,255.17792837256954,54.776982274865524,160.3708870280433,3360
106.01423426007852,227.4054207429548,59.70009072076065,199.08773868739593,1264
156.229681587791,206.5192802184691,92.33835997633318,154.7231920711665,2052
195.762528450538,204.9922485663379,78.55141956252263,164.689591689277,4334
117.53029423576596,211.55566988363387,81.68162186330566,191.92757577512015,1711
169.00048908206657,207.136701388938,59.373966541596005,137.40004177250916,4688
120.09336886590565,276.0558115519923,91.43309022272098,116.6548449785583,1912
153.58276844730813,248.55662022834292,93.39898862198737,128.2797282930553,2614
109.66764496467196,234.28920913489796,76.16637968565217,140.27949407145493,2679
145.0370936258185,241.83689101320073,95.627888593933,164.50176812558382,2734
175.6163328895246,292.8946735572623,92.24143124772908,100.4588029429721,4689
134.75715242389822,291.07518127381474,86.5662088337219,185.3383214766984,3386
166.49117244872178,271.5676480122577,86.70379578468143,107.60939730498305,2445
179.54499607897293,288.46823774216875,55.26967369754316,190.06551489185506,3136
192.71778194794527,231.9648027587625,63.54180188478329,194.9434521204899,1331
123.46420818554535,238.11093260082828,53.342360990883805,199.0102794112134,4502
139.9315915809308,261.3712181854228,50.43406046131543,180.95101844068776,4849
115.24160133304174,262.3625947297264,57.915476569195505,114.18555259401526,4834
199.24835021583752,248.16998380123408,94.024359132347,170.61670432251861,1151
192.70009679242952,240.0657848437953,61.993702951802575,120.33212906081765,4889
153.99571302805595,298.6180311608695,98.50769812958609,189.7127835580404,1707
184.20332943764214,282.1123626117724,79.86454997806031,131.66059256553447,3173
152.09579772720423,243.49801978880453,61.862924381734516,132.67959770750412,4114
162.35856880027598,272.72924772395686,74.85654017421064,191.76532959148665,1420
108.91244321160167,226.95616932524595,60.95474113500577,101.32310707837046,2708
175.5270420496808,210.016932623733,99.19867790911869,119.39661514835697,4561
112.77134836352349,235.24310255527405,92.36324919524819,142.1932266563455,4637
182.60676302525283,240.29728001233943,51.31193943911646,170.07215673101928,1252
178.2028087670386,201.65371245606707,97.38880157337356,164.75661660447355,1998
170.87446977429764,281.4792001635896,86.05325536514437,166.9411875167149,2834
103.61603805247621,235.91934023891815,54.119062601063916,188.0022028410664,2731
130.31283559453286,258.04181657801473,83.53188731632227,112.10304122932567,4555
126.31125699108429,207.3963187270956,82.34633489828428,152.21616962187704,1292
136.0136407471519,217.4996828750584,60.939437290379175,172.54776891024886,2240
108.76427467638385,288.969372532756,87.92233500037878,163.61184429241644,1168
193.69578230310628,260.86875278828006,54.35323516564836,144.83141199392674,3781
155.38022407123762,295.02840501704856,74.4722590615624,101.7114585872164,4711
130.55243106580235,299.87500343913166,50.4961603581544,106.04522656478846,4456
139.69815170742834,237.18601153330945,98.43687444473733,111.89413268538367,4932
144.72025405048356,229.88030640832747,87.57818158884547,134.32277528353637,3063
160.05943333606172,285.83560551590966,57.9426038079828,111.76534526671469,1036
151.5679427696498,299.86114270374543,67.08370199756415,142.60823130626085,2444
191.93919732144172,262.9641234232457,58.02811889040881,117.86419905855794,2926
149.69634829058302,279.51407225115224,88.33087320646572,177.9166197526206,1295
199.21580148233127,278.17458588152743,52.94481627138576,187.14876167122156,3482
185.14249577450957,235.5339708219547,92.02033277818572,138.96475079681758,3367
120.85105143573358,257.4270380257087,97.10981694178649,151.1331765315639,4808
193.05952146439162,283.3056941264214,83.831397140315,195.34962415609417,4697
111.63663978854761,268.81138762610556,60.64827250007171,153.55077553486205,3581
181.74497084911917,202.11638139820383,68.00450479067754,199.5073215843425,4370
138.06232934765802,233.67056688975336,73.86199374044656,114.21309936920547,3621
187.79743204450693,214.44756965946053,80.23123861011268,186.22264205966985,4765
186.80566901074502,223.29722120780391,83.43315449058437,149.72030026729652,1922
180.5925400117621,290.5489477491326,77.71073576594414,102.27141112496682,2820
179.00304363070614,203.68932889107683,67.56569604109279,197.22229414393485,4087
130.46791390980408,221.98007119619237,94.54586402824515,196.50478997433578,1980
108.09192830512522,230.95693522382314,54.06960290089791,138.3270840182887,3442
140.29801787651616,261.6884071966395,73.31280271217474,195.4142071085905,3324
117.35245149865086,253.41016900858654,88.77824192337403,114.10096422385458,1648
169.49510889024617,221.8269482853386,53.04363326457005,168.0110141120682,1282
134.60997265377856,216.42410672231546,85.26676084056506,119.19289868878346,2662
197.5610200859915,223.6798034596119,90.98558113766626,124.66472363348277,1998
164.09720773453319,250.25296267016557,83.0415649263526,177.93374372026054,1085
182.2480563634361,227.11777857112034,50.6468446137678,137.7358084565295,1206
113.25246727418484,294.7602501607722,59.00685135661031,100.71275028286212,4946
186.20144822726226,246.38652214288476,67.10565394459753,141.42384241955946,4734
192.27571905133942,205.8796016544637,61.6845017819023,122.80693206329595,3610
148.70619188189357,272.92664058366336,98.13260701137136,168.3329913558291,3524
160.62529377509776,232.88452882089896,82.57969570568969,119.44486967235002,2766
176.48098009029954,265.34889320582477,64.84854786757852,184.22535284364756,3639
117.48386272604125,227.9594370523232,96.48487493327228,126.70930121081642,1130
150.25660764634424,257.074374173332,87.02970997380935,139.30282582830137,3447
139.8663027772313,277.2152504807465,64.2303605913521,129.8036860797098,1135
114.6373992162249,292.8008741774554,68.94407847009776,164.39233478093658,4417
136.75344222915314,226.1127144433077,59.97144291519784,110.11635412263968,3217
106.81723093854936,233.48569509989812,98.5536999132911,147.80993726982442,4016
102.5811906949487,246.42664202859396,75.86482479450366,133.44548152150583,2186
113.51662891548227,292.7174837735989,94.80283437489923,188.41379632883147,1198
196.31151115891737,290.1386856810657,67.32498855084239,107.34120935743924,1738
154.9529535895017,208.9878280100638,93.04208015487379,182.96950649328548,4119
196.582216115322,213.19298257538108,52.6943424213582,116.76804765299092,4893
143.24978783301322,249.55091773306384,99.1045158762144,108.85776599299551,3812
131.18161330852595,210.66192728054236,95.60171835166514,120.2322858123008,2517
150.6141862840244,234.55808733486975,68.16014723883275,110.26529820118104,1102
143.951168863291,214.83853782174776,88.73610826572886,152.09839482021255,1547
110.5664684261744,263.6040355131886,87.6128963236913,198.82149529157812,1005
164.0826314690206,294.94954317391614,95.06273985514659,103.43273519242588,1710
121.60381825095996,299.67337702943814,65.36274905644055,146.11283493194614,1011
161.95879548978297,237.52411324969148,73.27600026570747,138.6070329107862,3150
165.02010923981533,259.90126371146124,93.24998063030264,133.96064142464004,3746
115.20248531286481,285.62676535240814,88.9289727067608,133.1863610433361,2856
106.13496271106682,211.74620727963838,69.67333593701396,189.5012756626462,2713
178.076158606844,268.9564411051965,92.2862616456061,101.8976150208404,1426
145.98004237693203,240.88436617250682,52.347701961620075,177.49163873801382,1170
105.81637955054758,220.6146160280164,89.1023151481495,125.29331788059417,2712
199.48663171697672,240.2753618747442,60.338292971685036,138.32955108175747,1088
105.77805609963666,207.5960286964917,64.30604539118936,142.01499128485779,3763
169.50352288585532,269.5407148589306,74.66074217977967,130.47317540737436,4510
198.36789252634136,225.2742668748453,72.4867250534987,109.35588618353978,4418
123.91801042159256,231.1405645044878,76.02850534349405,111.43308488294348,1854
114.22493686871962,212.10812982414626,77.23877978360119,129.81311240826443,4282
112.13849394224289,286.4659113889892,66.57638455157485,182.18090528872506,4796
130.32751475675957,249.34442792827386,58.7613756508515,113.46276527874119,2457
110.10458110106467,257.21468777864004,88.42406146436531,174.26398331459308,4604
169.21613416941318,256.94326830948546,69.9988074543571,128.88697294292876,3647
106.22917981300627,241.04931145413417,75.29204312295295,188.34649351120927,4596
150.94221281497897,219.25299154381395,82.2348359175559,142.83284754006408,3473
199.66968538529767,274.51327484984,95.4818961153328,117.17233132973756,4058
181.39702695060188,212.70562653576744,85.377641557011,198.58444501105103,4043
161.52194382310108,210.38737902788105,52.27296127951922,117.66345192299116,4191
130.62536207866117,271.0145037596503,91.92801816990088,156.76198212322694,4982
162.38958362916384,220.8837020451984,99.46775075637595,156.92864780961344,1177
152.70414639116515,230.67727513528322,73.62425126856911,137.281345117778,4200
142.60833838903716,247.52274670017403,98.47951682273003,195.1488592549131,3610
113.07103767401995,244.9351316729546,77.36643711715747,184.38745624117317,1417
188.66042152404668,270.85791250649993,72.9807997935975,182.9819560838242,1553
144.97846488213224,262.3431793443361,66.57023823637275,197.4151935429478,4389
119.4622511820765,264.43961622818654,82.87774379166694,145.7109338196317,4678
136.77593508772895,271.4054330655457,61.49102102625223,109.71857756200293,1241
141.4129752528927,229.26127274234653,55.246710925720215,176.5455925449794,4999
182.75378955668742,232.23333118004737,51.3618551292107,138.08125794519339,2379
173.3614380561402,243.7997747895554,64.61900563576319,119.03451518035183,2596
176.93048936413396,230.7462173033526,69.78854160835192,148.32473432202534,4932
101.10312644286472,298.49378689708635,77.6038348140624,192.57189401671633,2461
141.61539981797614,281.405192642143,64.63749125935033,117.13570190146284,4529
148.13441516353237,216.46546882560295,99.20297861927057,184.8698815229742,2465
101.91922768230567,200.55941558818694,64.58725841205838,141.82049416151173,3004
125.98132087450342,204.27832682472678,72.04876942232043,113.68019807031419,4299
176.0289823122135,224.40634510429254,55.16380827659502,184.83823039886565,3455
113.71097057289991,211.42912858368567,63.03132566685378,196.96203411914286,2946
153.53101314525918,253.33381148925722,52.416606989449555,129.12707158350116,2300
121.52018720172376,285.7995222727359,77.9754316718664,130.35362098420688,4089
101.21207746438932,273.6750220913227,87.55323415662158,139.05459830399332,4827
124.12014575995414,221.56090630821905,59.785490716803395,181.4130364460807,4382
197.5873754910054,239.92992560257858,68.39554689080353,101.04171967394998,4395
180.15371118829896,250.78942095312777,50.830811336358025,122.39565517375344,2070
195.95766443210334,281.02058495033356,91.9761027861106,170.5899811106326,1821
148.78540439263625,283.9121603106165,88.99817624658348,140.56394504855263,3577
110.97361986775036,290.9718311907776,53.16270154371462,133.02956229681274,2919
154.7959488973693,250.9245250502875,68.24338046602057,187.22828889020172,4784
145.4377334559961,269.42747464358627,97.76433069247477,191.73339201462394,3547
184.4357082739616,211.1800371233937,69.60135280394886,194.79862191661954,2788
109.80825807842446,256.5288959953982,76.3104338362008,127.25505326542967,1191
148.8241137021778,224.8691809471135,67.76214305051776,191.2512609539107,3096
115.00486646939842,243.1716885026611,79.80656940641309,173.6965554727289,3141
132.46759268900598,263.40505083067194,98.90784378184111,115.42147484885807,1930
173.73570773877998,225.6985937853781,99.87512517405986,161.02700283082103,2772
147.60181293687666,205.21850577967612,88.73574890055956,102.63348193069912,4805
137.58882851457693,201.02338564087574,70.21555490102196,170.83781557708653,3214
139.44762785700354,202.21595355445214,74.72161004144942,173.35675226509383,4565
145.94467684059867,200.83497375137696,67.83656640561527,178.93385085949973,3301
178.50165438370567,211.03550565578755,99.2787314952173,117.2525054122435,1056
189.20846889402344,223.94887145701298,85.3880152912702,162.8249940947531,3053
195.53346865039282,222.12215141822992,72.44657227167556,117.88566848276544,2997
178.6903386255295,298.6796594179897,50.60576350548012,194.66500833891757,1237
131.54068957480126,230.60061052089432,76.02417071952742,167.50106926808343,1732
168.8134706086542,212.7420783359399,99.19641008508088,109.53258480040557,4295
143.7603124055392,254.5562544167758,76.15304544865259,118.70322300058228,3637
125.46706220460511,285.79574553975084,59.121334274455684,166.34600981297478,3067
184.08715794259226,267.80603767876755,51.104687355238745,147.66704961596088,4889
103.8426348962325,229.60820891354504,67.73518790621046,173.62976662108784,3824
190.17619921354236,256.1616159791455,95.91140278483034,128.0788798925659,2227
146.1477464624734,271.4855974200409,99.82770540879405,165.7917536847077,1141
163.72014768082803,272.8104492367742,97.26839874060013,117.6960168030439,3423
165.93539222057825,266.6538455297689,86.47099966271284,154.3710263361033,3454
189.51177407065364,287.0810424775618,77.90713642203276,195.7799591549986,1815
163.66696821672073,287.01054583441044,79.5343073191126,162.82222322909865,3017
161.39335847600617,257.89365594070034,76.94960045459804,104.99936175049164,3127
106.665204056069,242.98563691112122,85.35246524614942,198.8762137736627,1209
151.8408021945204,264.15702955651,70.94366133476763,115.68663296488656,1767
115.01690008170416,281.82120013704633,83.46020024778826,171.8069102697105,4383
173.74337687214856,200.56521048411847,56.08060574786005,153.2530039064196,3424
151.22219208126745,299.19970090148513,63.28476532807419,129.4360687804304,3087
168.02277792083532,218.28937723291992,91.80015194043148,117.7310485427709,4424
104.16729006023843,247.0248985659976,95.18744653716956,117.77023642767156,1452
108.47920160458033,287.20297348428664,76.95041187801499,185.83996812081605,4494
171.63233880626822,222.50403990441993,51.58178086064662,187.29125141634233,1713
107.20843359986733,247.67952239003833,96.3486785395884,146.5145521624712,1085
107.12567277652586,213.25821801811793,85.10321290136432,110.36214629249739,2578
101.21084752348875,239.50763253881925,70.70139618776804,188.416510384679,3283
195.65013982994802,217.71354547930025,79.91894715997482,148.7016486175089,3016
173.7508359459007,236.3627748771157,71.48874172206831,143.87624228669137,2913
135.32514085020642,237.3464216792722,73.26696133660255,140.73570244376202,4486
129.65355812876552,299.3170789598333,94.34049328297009,136.50141738592055,2605
134.97032297458495,299.48130293037724,58.054212345855575,152.6005403608594,4427
177.46535311811817,211.47862786606123,55.18345677411184,160.4541226611704,4714
166.13706110704143,272.59687793283473,50.13643722565079,146.6432203572956,1643
118.51955678674679,205.17454796691013,65.70001878060633,189.66481634550445,2271
117.41093353340844,203.01920153371887,57.37068832422137,131.76612285294974,3714
109.83956497133973,210.53338942449642,60.99927475690556,157.83118567867814,4813
166.0302719701338,296.5485657007934,50.56194913326885,129.99539201939854,2624
176.4372662221736,294.08635478946974,61.35977073438516,175.3350023792534,4300
126.5046428325004,219.39278202806804,66.6355790966187,110.21210993282357,2562
102.09449610309129,216.16723355537115,51.57837482049407,118.86989967953326,3408
108.21716674764274,224.0535086515947,80.39520621485738,180.12014099269507,3915
196.78600348450306,251.55469940751422,78.4400174441879,118.31975952195387,1749
129.54447774774204,256.970463203541,54.85178892549625,162.574634619474,3222
176.92231478381336,222.15934304394474,79.75048887592006,197.0243451904197,3875
162.46635688542636,275.66227880899453,99.93269593044388,152.28906137659658,3851
138.19396396528958,230.95531694026508,97.22344764057704,118.73964463400692,2397
120.56872621955551,292.21313255294103,50.13354966838317,132.06910456926374,2965
112.13864181594064,265.67227064567305,89.76891556651799,182.3458076454238,1060
161.50129680388665,243.63511943036116,67.68026381182429,135.16609131199738,4241
177.4633780637788,278.9912001702845,53.18256851673137,172.35113590298135,2530
164.39042535411306,281.7914626046665,64.7991606858104,177.73500628840102,1774
153.03021332491585,229.04816056089436,66.08682581564811,150.1182847245164,3461
104.19512234316363,233.97145438360843,76.16221196545284,178.32133843663888,4889
196.84887775943838,293.59551537286035,83.05418836344273,131.69030044282144,1115
179.87141916545744,216.4741038363272,87.4527806104204,151.6159646716406,4246
129.28220367009646,204.2150416962934,62.29515212816334,168.65582639721404,2756
197.99703293588504,245.4055322609549,66.08852851242484,116.80731473043804,2447
160.18815896363222,280.12099002436287,65.41908534298676,127.36219673821897,2151
158.24226582072464,277.16681063107455,68.13684340604382,165.20366033936523,4560
174.8073179429532,291.95306289128325,99.98281544781693,165.53601198295536,4076
181.17697880901375,253.32006643690403,88.89716514137129,149.3302646452979,2349
165.64786073315025,210.00646715665334,98.74952326343485,179.55853567821205,3745
112.80957463662,258.8688974336016,84.65555297735287,148.20549020049756,4243
133.82675059944984,277.8395614353212,70.31353508236421,188.1322265413733,2222
192.80836403260497,209.33281202698265,69.48720918134875,173.59034308719453,4302
122.46156118438519,217.26574010975898,74.42905724875226,131.46948633033412,3847
137.21670238375134,201.2290661155671,70.84348916822186,139.52540084845555,4918
143.2076882944196,259.36525794468105,91.41631230463729,166.76866857698457,1626
143.94049896944523,288.67343919459046,73.25010065133465,189.44526188234914,2356
161.29395824945254,267.06633160020994,64.7807180105423,117.87087327035087,2489
194.30758377447074,298.2040087590982,88.74301343483259,151.466353874198,2865
124.06927118325049,206.30336524997617,92.72102046906973,111.87844213243767,3471
112.1501376300918,290.30010851514965,71.02144780702257,127.94551553201312,2336
119.74704898599373,281.4068287386681,83.3904285952766,168.59813592932423,1522
188.69249002092695,231.4241520499505,52.94022669441524,107.77346352481617,4495
164.5810812655206,297.3526551837252,76.47324259857334,166.23585818888475,2639
128.59067892391602,228.7937748171415,52.2490568872754,190.08111209452971,3222
181.5946938968617,288.93047238282185,51.459542024723405,196.93702910184663,3945
186.1369996363436,288.0748577074189,80.64624252613694,121.66322010255155,4034
184.6514338690278,275.76576166029724,65.16676911974936,174.88979566078757,2971
191.89265336395545,256.34704738128517,87.12685812277327,192.63704487055298,3421
125.22410201733615,212.0002749616888,94.8041280316296,109.1369310849436,1631
175.50419287462785,253.19717344964982,56.96955868651754,141.40236084892052,1236
146.053949727414,235.67962556549344,86.22614192894619,191.94097668721662,4057
184.19985528900617,279.2217033155352,75.72599991441716,120.278749825483,2771
172.8490677161613,275.8129206496845,55.605962508134944,193.37606837878417,1967
177.64474464997247,291.06125073726054,82.57963032403623,152.71920710877785,2840
165.61618376810713,201.4830162431708,80.47334015532364,109.98930825375557,1442
117.74287694697068,280.9103216823046,75.78209337003912,144.98773167555152,4109
154.50269188969384,293.84620531246685,96.32356022798291,132.6261195467066,3831
198.46697395245081,278.930044910815,76.05398480520083,128.22041605518083,2911
193.73880664971188,213.01944598703668,99.52575577251062,154.14755756336837,4927
104.31737357970117,208.12791048408877,75.46144069240555,148.359269075187,2019
116.48148157294372,202.0845239807701,55.79260191506838,148.1967159620092,4834
113.17287734545619,262.8745225828071,73.52356255375152,108.81417311031153,3006
172.59799099852955,262.9672651859887,59.11643812775356,180.23181810271365,3934
181.7785329856945,298.69137142182126,79.85667426087136,148.14393153557953,3893
121.35113663106719,239.80431741040957,84.65660875968005,182.0905828701874,2562
150.5852692951829,233.19062848974966,73.42176393535468,182.45946415509502,1841
184.07030280112,262.44249271843927,54.88514838415741,131.71353248480432,1634
173.28015447662506,282.56086725075943,73.43206992917764,100.43463038076123,3203
154.22372054918483,293.6773949523002,54.07271073672002,191.12456774581185,3776
159.03476904587728,280.31241661790386,84.10629777532671,176.06946930862404,4265
150.836054691628,242.66739806158049,89.51841124325438,110.7251956823471,1812
129.75484513188206,263.4914235312064,98.11901636135195,170.17270340031013,4232
156.5021992859016,285.6299326716117,57.44010535642282,102.00232686688805,3687
168.88853020500906,249.06096883117394,76.62101677666521,102.77590692206985,4899
187.33229158608077,221.66866437053926,78.37686837677093,152.58232395978425,4761
163.6291353979248,216.9723439747873,96.12382668904898,109.60374292363466,4197
176.1121537043158,200.01577445780566,81.36383202982572,196.43365224849188,2709
116.00716349545729,271.82379949812844,57.275482282266054,189.38312266502624,2570
146.15574744197897,211.10972088459906,71.81756619815945,164.98120312478846,4310
100.93316198270934,224.38390996959404,82.73812642531252,106.37089708383132,2064
124.6678864521623,229.78763315227934,85.01422160346488,132.48352578070651,1185
172.64617151130048,256.03798601367686,93.15369992952867,137.1722997906044,3508
199.18099513493632,239.79572772957692,59.02535599221986,148.08798358286998,2718
109.91780995872159,267.4673992023162,97.57710733777492,116.89028740064522,2412
140.14943158612883,205.56386593287027,52.95697060077961,157.7511642797196,4332
180.00709686991596,212.39391942644394,99.18810672844509,143.57706479092232,4477
120.40356346288988,249.92115035332668,92.88835464332043,194.72969633928585,3593
155.5084949302286,233.696478784683,83.01363913810857,193.6195229625219,2472
173.30712960296748,229.58133627513598,86.74977501322108,156.54739553399725,1698
161.59854502601792,206.70280790375227,53.63460029593982,164.43493359905352,4472
118.80247346154161,289.57191747480016,52.07399314472262,113.77964677737424,3354
135.53845686857395,269.1818586125051,55.088289827568275,122.33232388401716,1944
178.37917844853973,212.16181568196492,54.36799073320689,190.07154042019096,1136
155.42265141320166,206.50459577371407,77.36906167347175,169.9165922895735,2225
100.52296135429127,297.4872533431243,60.77219935558946,118.94301972830775,1892
176.0990760028094,268.1172550439505,93.01028186033633,157.0210306073223,3702
103.53113549402391,241.74560710937413,72.28743115340362,193.47612504894488,1620
174.5733782731232,270.17310407557846,84.77552382291375,134.51711061619037,3204
120.24805601652375,275.6331786480159,82.64365464850799,118.58203755190853,4326
195.80734801193802,277.9962202388779,65.99265194648551,194.20252769090985,3228
136.79407513020845,247.78773056530576,62.15837867628645,146.12653602920992,3456
132.6931616338079,242.9882758124848,67.12281426483176,141.72419986627665,1852
114.88880503324447,201.10280842689002,89.83291869249187,126.75671997927502,4024
130.5604215490215,292.6557115141838,79.31384242098092,189.15852949471443,4802
187.66507618282006,260.3307878388943,62.67693312595877,184.5616766889575,4099
199.63343376272474,220.3153937189968,90.89232215302151,140.2990399436754,4734
136.83095305068483,291.96034194214366,52.737969305515335,103.06132798970789,1870
144.86106309545426,291.49319017702965,84.95916874951476,144.66514305061395,1611
172.2070938202737,298.9184164366096,71.95504028746555,118.08580165800532,2538
188.61957804650746,287.4056563138979,86.56451930329442,114.27340701488812,2568
159.3044334186784,299.77843878200645,96.37306401217134,139.30936118954236,4270
139.15256981778293,224.46861881232726,87.50170489734519,109.90769373446273,1068
141.26218408486238,284.2249585199234,72.09826776556912,195.74645069316648,1601
169.56181464968068,282.30283087957645,57.54878407569404,104.75391817812817,3064
100.32182636042786,223.09403592207337,90.31754879027169,140.13696273987273,3896
161.95893374598407,209.84375490009907,73.03527634606857,116.27027020316949,1878
135.54930104413575,297.94205136776,53.76561617285649,168.8811321528756,3882
179.4197331277084,229.60245515206103,85.9527698888433,107.88114492145617,4906
109.29906398231321,287.0891790467806,64.59259829582949,154.68055742086344,1545
158.82022669483905,200.4127154674604,52.44441147525926,177.31014952019376,2799
148.09728898861238,202.10248072196023,95.13755074870389,195.00598350489707,2836
164.23255259052274,246.58713086963684,74.15505460469551,169.85275629694127,3107
106.48535944829683,223.87146839350635,64.04805265865107,109.94917576345836,1183
157.99837874281314,268.9841283435964,85.81932789424557,108.8520549714141,1837
156.14845879595237,256.5564325567954,94.29511888412819,173.15980485380658,2892
156.0660094416171,207.74857974504914,50.015353751687776,121.53294050034687,2388
160.3487666596455,216.26282963157172,84.39260925210769,144.72393086332488,4069
167.64679372263623,238.80492700584142,88.35058470092108,197.6621101351359,2941
180.49889996807696,218.5604063955433,60.496371363974646,181.99067984038754,2952
126.98207201282143,279.2222347243929,74.48119157050871,184.65933573002008,2457
182.5049410180062,241.607023555328,54.46429494589679,186.07699047280786,4270
149.82556822634535,209.34318668424993,87.33749412576738,161.9545340121558,3800
107.70582791343311,248.4342902272125,92.37280092816763,174.39339238624785,4303
105.85509292439792,209.08381810614142,55.40933286623303,135.89609146342872,3770
133.4238318696061,212.8937305419817,90.82301267164173,199.84462265728507,2391
178.48969771114676,223.96098320282053,88.57850852422668,127.9622169654645,2453
170.7680934740916,285.952770524749,67.34566601854486,159.00074033035196,4635
178.86149646724064,292.46125323329716,84.51447649667917,128.20616783211932,4190
151.72690564416092,282.6257729332069,50.00240619471559,111.20710505600732,3377
144.01989979554907,233.4077217417847,96.58988272329992,156.75858148436765,4286
114.74525267062839,227.24464411088317,77.51916176541864,135.33486708661397,4393
132.81927536093116,254.91556907902392,81.01694320309997,158.32192675233875,2172
143.40193661738752,272.1853160533112,83.23297067695493,155.86784766649927,4479
108.86004296796172,299.3372788160175,78.06845086091833,154.22567291435615,2711
122.06119527112112,213.15707118789263,92.83819437697315,112.33011220465295,2400
159.8225294063739,204.92919990238045,80.4850916075772,144.0180774350357,1780
173.566311423919,269.4355888995271,95.38799956202362,181.20039393987918,4391
199.83475113929495,283.22257835039056,79.11658111170044,131.5143495544636,2028
193.31133313435578,284.6348779866423,58.55612109902833,144.38315052920652,3449
164.25651995351916,267.8463549077161,95.67812779196515,149.3831590320268,1627
142.1248053294072,295.4015804119187,84.08137491798884,186.27313125917448,3250
163.61773647082327,251.1004763544587,84.96194972177781,165.5599769226019,4108
178.5651618080232,291.38147983362126,99.27408752858008,110.0202534837314,1053
111.83361909233874,296.7812136991523,53.75982771047896,186.51709858050214,1287
140.9904889696288,284.7157457003108,71.42963035475856,183.206597548209,4355
183.98022856356172,230.97585632586205,61.95476964933076,175.36459805991754,4669
138.3832951933044,219.62156511702952,81.52132323568286,146.60580183188375,2068
157.18722712271864,254.81200649818186,90.34058418740359,175.7545383485807,1283
158.77693608621982,245.30147503801885,98.31553544462064,147.87420626427573,1832
118.44762531336394,287.7758342192733,72.729805347736,173.6623534327163,1581
136.22354416522884,210.00316710671538,89.3109115321302,188.01101649725362,2994
133.45112887419322,225.77400613115185,95.85257960201898,189.0541585130597,3089
102.61967085320649,275.17989445187084,84.16627162679424,145.45785741874545,4488
102.41917638913553,209.49866449773123,62.13662762248856,185.9342679352029,1271
183.16970436757737,232.07644140217002,80.39270755538956,110.14573805077131,4212
127.30708099728125,238.71553940539832,98.49760239085933,110.1819417486781,1916
151.80787662388155,262.259379656269,99.37769144307828,154.826694686748,1570
129.87255735887732,215.81326457193646,82.1179911858389,165.1844618456269,3799
194.06792451153404,286.06044903497093,94.34938789359947,115.29937759784028,3094
125.92967588657737,244.75422354662743,60.017468192430144,147.2180044805993,4238
142.9656812738935,291.7021711880557,62.303930247610836,109.43626678159231,2645
187.27302504846017,246.78699136339316,97.64438064424299,160.20994855533104,3173
184.19335667918085,227.50402589407332,56.761768774740396,185.50940367528477,1471
118.61014178462773,214.18288286876748,59.555321904673946,173.76389760195238,1810
180.26433097957104,200.37450947112848,71.02742995600258,137.82915524292713,2946
145.81868867378927,253.21574849848355,79.47921438766753,199.37937966371214,1620
148.2968872085355,210.71566969269233,80.19086094841359,166.29349764661367,1676
113.34799724159438,239.1727763631178,64.59880043327821,181.5248434442479,3417
108.06015137571246,258.92717612370865,96.0306948975174,166.9697387291733,1770
172.79393069737654,227.56858969027002,95.75499538039314,198.94162910871268,3635
149.64611523552998,217.52242923661152,69.60340265261863,182.1359767217773,3054
143.68507026151795,277.47216226093417,71.71458847151486,151.94232178954405,1697
172.95082286523967,294.67911722816206,85.1248558411956,136.68795628375898,4347
176.55128989911097,210.0440417861966,83.14979481994504,168.21548291488423,2614
115.89081676693536,215.5590324385008,69.11485074804811,159.0221808807009,1064
161.02251494776414,296.0012657252719,70.71221257605018,162.93505910275454,4698
113.53540822776856,203.77842218122464,67.40194717107696,134.30117662837569,1201
175.13750860290457,297.7632336550472,61.76925034766539,142.87284205705544,1141
165.69551562671396,200.46444830849887,72.90691814620698,155.809657489065,4169
195.6614621083458,287.36686556513314,84.32170659512701,183.9283401921843,3864
106.89580163564212,230.73251809877496,87.09833526571465,176.29089177629032,3264
105.70547211512543,293.85888581772963,88.94368241279813,111.86558705027903,4038
128.21870746932,231.69452886355856,68.73660067265607,124.55542500193918,4657
126.1705683735906,265.4306321534056,88.23179971424868,102.66577249330274,2316
124.69787990719999,208.00325697659366,50.325815784593765,100.79605679655914,4579
190.62545805210368,224.2329811453739,73.85249688584412,122.43754692802418,2157
124.95461998495061,277.36793464792504,89.69522000663454,179.93209480093296,3309
127.1949726128631,252.86858536788196,81.50223603206766,190.4747658174387,3331
175.93982624179637,292.7969061787045,73.70315620772539,139.17683658985982,1101
144.973984245054,242.87514083413544,82.23210033031745,156.31985966066787,1376
177.67105569551813,286.9812365813923,95.3473001574332,170.60526019553808,1205
106.53661575643852,244.89554374782375,78.31909003051037,195.29366992517265,4724
148.75711936733842,297.92482787019856,89.9893095730053,191.29322372974315,4084
103.36136001832827,295.98343813988765,99.03713626125989,105.71923033813799,1760
106.26532034553546,232.91367055560804,85.27841010377833,124.81658432092809,2146
190.6437453344411,288.5923670416803,78.66628819445317,104.91445439551771,3057
113.92453711175952,284.7611374215649,51.874297356267014,161.65424209890512,4663
153.2420682275217,221.0680397327563,68.72389491272938,171.0493316472639,2190
141.10956026007065,262.429040078327,78.27213667575592,130.82834123565115,2634
134.73433262588426,207.26823155898148,89.86032858530163,185.38519081332146,2742
189.98333456872723,283.67107205834617,71.90523948237882,145.28127504114977,3198
102.18233967754895,217.45458835034964,98.00291378823867,199.83815150970128,2060
166.3789686175589,207.08147013857646,63.58968763118374,100.03996925893249,2912
196.33944342135504,240.02190955388113,87.22835976051581,110.94897084185567,3823
156.0168183461842,257.69221385996434,70.95157085420638,130.17932429353402,2497
193.68224620330918,285.4916958559771,74.29942472829529,102.55075979537132,2467
105.22578792860237,297.42425255217364,90.12510169327201,178.23394577382507,4413
141.87933190741614,243.94925125698637,64.81076308258528,105.27717878712872,2028
126.01577909620511,206.04469229852702,54.84060282975716,174.89796332938272,1889
173.08209649807299,274.91155790258705,76.01277923067136,105.25684587895495,2249
198.12970904972468,256.51732562239374,76.43973059018744,125.27272646530456,2562
125.65300624442477,244.78913448444632,89.85838861126868,184.12768156585298,4195
165.41746014740744,230.92688787921895,98.41596031160509,195.10952942377241,1402
119.809763275974,250.23985278435356,52.76503431641742,141.45263426605123,3986
156.533025457161,233.8679604457031,79.58447368715545,196.99389643125514,1810
146.39324866883362,275.701186774736,84.06392651574,162.68809237585424,2058
197.2005329631537,254.3893696492641,99.29006753742608,141.58351224329314,2260
160.85272726964666,287.6847774154112,97.12951071384558,180.2801343967917,2491
134.95063720868188,254.3543914649442,85.62253823559888,129.5328520140201,3546
111.40957848879333,223.826241333993,76.0894705622233,126.57962613602184,1511
115.12468287349346,285.10918822321446,58.07619611496307,165.65476769110742,2846
122.5316929951235,255.7219044930044,69.20882776022087,139.0487361968095,1316
125.0966661340298,220.68410381435612,79.25611625285771,113.59180269449796,1302
185.0616057841138,262.35078099562224,86.2600198297877,106.69642352899088,2125
156.1222788282525,235.77167649424274,81.76997787395561,178.78425762484773,4660
152.33909113743664,284.4405612292066,85.70614009138706,167.59107318023445,2335
111.47688718692174,245.32997386465428,71.45762522759489,141.17982246066032,1081
186.0139693349435,272.64413581074166,86.38136452855045,189.62276351710568,1657
172.28143032084836,209.5536207636237,57.18706280098596,141.08567524425996,3240
106.76683619000016,239.60243463023463,58.12931558815568,171.02954714653833,3271
170.78350972297687,298.32414364723985,58.14160729147314,190.9115275207293,1052
154.3538217342646,280.84602894771484,94.5432478517888,184.07154587084435,2014
108.17253457467783,215.99408023669287,53.801703165431725,151.11047763395788,1344
145.83006415286565,227.7764049477255,90.07541863667379,168.06363924467325,2108
148.46962871300468,232.9815808856361,61.67854490233685,141.3665776727369,1986
116.57745401632758,265.0365560495446,73.42149702476253,164.7197172294114,2930
194.56981470002825,275.6994759489655,95.7978297732839,125.75524383453958,4951
184.9975371480662,274.952660880791,79.29686148437534,143.47421137695534,1640
166.90223373291082,250.9874056306403,60.50588431161793,120.9545737601839,1210
146.22955610006073,281.0820537838151,64.20450301594036,103.8184952679548,1863
141.17655415845084,243.7078082757475,96.02233119478927,158.85398505753722,1775
165.0973467150954,212.3880565295562,71.35719625549892,186.44293453507976,1914
154.54318694069053,256.44418416538133,79.34927415033947,102.55782746231915,1182
106.22731058818856,295.23013846011065,72.99660983126944,119.60297407292958,4343
151.25026487703317,279.2993651392511,68.92190440242248,146.01850592704199,1505
180.64036172328395,257.87006476922426,61.1639563466201,166.58968168422533,4298
145.92398775969582,264.6805660349097,84.3095750242301,117.12291936698864,2857
105.19565775542684,293.05620270355723,85.91210131360603,105.66948289706242,3059
178.62781993840332,242.83427944349606,63.744254580369976,151.90487177268892,1092
120.13637821359744,233.13941389426373,89.45054215274152,181.87097130573088,1329
125.86208348880388,297.7241565000449,92.72676001508398,103.52349093127712,3237
116.47063534322959,286.34431335103335,96.03375481198151,134.9369450359026,4669
133.02150648714976,232.30435846186023,58.060620695918495,166.3514742793335,3913
175.6751505688635,246.37805973609227,65.19618418066332,113.0742006102467,4001
151.93858595039373,241.5078129007799,93.01766737518477,123.59467768927567,4069
120.48812741507126,214.90956786714338,59.9270101413947,153.54926437862662,4860
187.7830078152041,295.7819323813259,50.17342296217477,195.3231696364218,3340
187.95818549515292,240.43124312197588,93.54136551258173,128.7342618243756,1260
187.05784250460067,287.5329082637908,66.32247208756847,148.75274212207103,1709
123.87962113815394,218.9356227680665,70.7248762569475,139.99308630644182,2951
145.12393441809883,254.78708106372198,72.3167012860319,189.739667203008,3370
198.49896561408752,202.39613851242697,92.41373003336142,107.18898640311156,3057
177.20124763099903,276.42204838423083,66.89460722967303,156.61475913407642,4012
102.71674212255598,258.09138982462787,94.61399429282409,184.61196991899442,1087
106.5204591260492,262.55895834697526,80.8469569024024,198.8117577062592,3387
146.39313768123327,205.17208825546535,76.36433620168421,169.87254975218073,4389
190.922020586156,221.10383302086154,66.28072535637313,137.99354756665247,2572
153.87017979527144,207.43308723535802,62.18558481405929,141.18243525339437,4294
149.78125080342903,228.89143158038118,81.20292213886744,135.16822197427638,3734
110.54736999566306,262.7439007682151,72.34470800282881,160.36130998069535,3256
165.6780104724294,256.6185984317375,95.52580049660031,173.9405770718251,2072
182.21031606002254,261.21498216133904,74.58193580570249,181.94675635889308,4607
138.04200075075624,254.92512713778945,75.58974583505956,141.6593109683172,4921
177.56118509253275,227.30287956758593,70.83616405680004,171.6708502259039,3969
196.44766539008117,224.45074973444252,89.46314984956425,191.62225920297766,4689
120.37664591276891,213.70596835365814,71.24195990546352,192.08247944507053,2846
152.33296311947413,284.9070874903492,63.46709998748774,170.40290027146426,3310
128.71379580845755,261.64793585412446,93.10154371467549,163.6902192812536,4277
179.28544190338394,218.651101250406,79.841411068262,153.15260755250068,4752
157.75933658811576,217.72093798212396,79.57551098845009,118.31976681821286,4568
163.45824175503037,287.30356015261367,80.54111035819633,112.36296526054184,4969
179.7914159615894,274.27308637633195,85.94198741028333,148.57110067893802,3717
139.59704726624548,265.9399079905371,65.65339946562834,115.94441562074593,4824
191.50900684070433,240.68641075392998,51.69221854165014,157.6999925669336,2488
153.30288672461398,226.19755642785177,90.52965804385047,164.57027303012183,2658
115.7954822835348,297.9450763112824,56.44525269408187,152.5615597520041,3067
169.58991181688026,279.72395750228003,86.09098686052721,103.64267125126136,3615
179.32613504382545,230.17792231362765,54.11576491436644,105.77279588023322,4017
131.67616770675266,284.75647962784944,68.76539210142461,111.33411846814855,4863
185.7179256998753,275.89319486146815,53.15130349157691,115.3645804988339,2131
190.61432547657665,229.70805498779984,76.11068398138623,198.98826137693334,3187
127.6904487377809,242.65528542416396,82.65678863907875,134.44950168631226,2114
198.3521472715222,218.59534453910265,58.571657058909416,129.19733736412863,1270
114.07115280487584,211.10524443781094,68.5813809219201,105.2266635664229,4400
120.201566840249,272.27620328396966,96.51197455215268,163.53203906855964,4281
118.42248392380262,226.75118573538666,72.11945585537283,165.21907851312807,4759
189.39897100078704,282.00593657462537,90.12717844882783,117.54486895786647,2596
165.4292552324962,299.5608711514426,96.35923725301046,191.92415409246132,4526
115.21042832222729,207.66198139296486,98.71729124886433,180.04935465951274,1283
144.0323418368349,247.30351250837003,94.91610098456846,123.0319316807508,1365
161.52980250698022,280.2062559310803,65.87026645794846,148.58497309165375,3531
108.34640849893833,278.89508965412335,98.12864430805965,145.839085619885,1002
188.24163684073386,275.99971583309684,90.61976208730235,134.85204443423208,4051
180.3603535441535,234.89949353019108,91.85877918197438,181.7634712825613,1783
150.52067735766383,245.38532556850524,50.75864920859174,110.9264485621151,3211
196.71266152591704,259.496835734147,97.71194316591468,141.53142398277927,1387
141.77609792750997,297.3940583573257,88.90451119243704,142.8031130549217,4042
198.41103190364979,232.75472709384928,88.398374825395,146.87256046141798,2032
166.7919998803627,292.3143887716858,54.076236546429314,186.13499910986286,4063
163.46712732539413,226.9356918180494,61.62842705366656,121.81668702015013,2389
116.5954895295785,298.90744654737045,98.11308325689495,110.29231735122727,3059
188.1927758304644,267.0263686827592,75.03385374027381,161.78084628211082,1073
142.74896879206153,246.3511480358551,69.8929009118628,117.38344749780472,1237
116.22334057824793,261.3390428063605,91.9970408573457,107.49320858546197,4883
101.26075199757591,227.2531169040207,54.367020705697215,142.66492205710534,4179
155.97556836383825,227.41738575114667,70.84710081355297,121.96464308581409,2985
152.73996221226764,211.35545438434937,68.78503872110417,136.12166188679836,3962
171.93536223691586,211.40502977053987,67.49256935151963,125.97110801024574,4596
189.02580530178022,234.76717414689114,65.38461218265365,109.26364627234157,3281
107.94065846430296,276.2855477896372,60.5037478395039,156.03472029242016,2462
173.14964903403623,260.7971167598163,58.64554014952611,102.70184180394857,2780
118.74119440975822,210.25845603310208,82.0203058459837,196.63753479943995,2504
185.8177053157164,285.2236524975911,95.96974206043393,134.13305217349662,4904
181.90635138616562,260.1367626990066,75.44258226249407,169.51575104898038,2115
154.07937549855444,296.085557678478,64.89872761733221,181.036287254745,1871
171.02427986233116,267.01854674112076,57.95800988611131,127.91047955395551,2221
131.43501131837485,217.5174863704181,91.50716825262971,174.8738709110068,2139
147.11678989328146,247.37833623078222,98.57460282366068,183.24208554247096,2666
182.16368977104716,264.8497597547204,67.4577700733926,124.13172338116135,4436
145.92651971732138,202.82647010499778,64.54752127760645,199.2494676896073,3200
135.77982653254418,201.4910264154808,80.07464764874706,102.06886828420893,2656
149.42124472503,212.94030005985678,88.76644904767129,121.7000480235541,2131
182.82492524372185,225.1664435045471,72.77014017748321,178.0020756276993,2971
133.52080473708727,242.95491235206754,81.50365749304746,119.41310250557528,3575
117.37615931357438,248.74404737597882,85.8274534011646,169.82598633062065,1810
171.20140203307807,213.80276089378967,98.02961439280895,185.5530404982904,1055
182.5978212708082,267.3391579115831,58.25186652600417,195.921427263426,4523
110.06374785235333,259.61380616965346,99.86912469126847,147.42475154002696,4463
123.98741127559447,229.446409884116,69.60783276206143,197.11091229821176,3662
114.19719897609939,201.3659883435292,86.16000713632769,141.16222966816787,4279
134.79414115821666,207.76479153532907,78.62071889864987,121.81280396743858,2533
145.03509789054127,239.16947755108396,74.333430850442,151.39218530847253,1933
174.88263369633063,215.3974351165684,84.90376843657933,164.98232443114927,1662
165.1147584881674,237.68196061479708,69.78769251117976,145.79633160499438,4845
162.09285674784311,262.8182604510355,56.30549906684032,156.69724439667917,2578
135.23749466096544,254.72374278792836,74.44466915606199,141.64091877271886,3347
184.144755308476,223.11758831373942,76.09579353411593,152.47619540212497,4023
147.12871673981647,234.38224912587523,60.09510766999696,195.25956719465614,3677
197.91049380151546,261.40311984486505,96.78096781643285,149.9831152536332,2871
163.41421382957367,286.08550280434486,61.37378233231456,125.31796328092602,2302
112.62647415645027,275.3213438738877,70.46137970420489,175.87466215125707,1143
167.61775620754338,255.34000268334148,57.746484342236165,133.75844577815494,4811
132.5104015431699,236.22929983164863,76.7898323093472,181.62071708213907,4275
168.63271966860975,236.50512775418053,65.38188040500448,105.68419889838852,1228
106.96411481624057,287.9417310264396,74.4636259988042,133.21779771086915,4336
117.48814371759593,203.92435760405465,61.2308458229101,109.43599082606394,3513
185.57372589057863,298.7982644420261,52.68875639743579,108.53178242458314,3184
122.71795570235149,266.4375410851562,88.96133255411277,165.8389559172437,1239
183.704112524294,268.11376990723903,82.05431419798292,138.53348013536075,3004
127.92760884544104,203.79978373047422,67.03696778555064,187.14789419851127,4769
164.28819100587077,260.5529274891272,52.37471123411611,151.64051378735292,3496
169.4150573509831,248.47780600904468,93.27875313485605,129.53432211722827,2338
151.2654753145053,210.5778906894067,58.48975024678397,172.08888879621946,1150
130.53106766967312,227.7922010769359,96.5371109140714,162.40167915856998,4396
121.26443763710961,289.03144562136515,73.92976892979792,179.95946208292034,4474
103.31893545624263,254.9988415865953,67.01933549542419,164.35882763418851,1802
130.3946401240724,241.34165751739087,87.0879738445482,116.70134170989203,1352
165.3162790531283,207.2682155840811,93.8419703037593,167.0310037667066,2974
193.83048184484826,271.41215274023057,68.53567818228554,139.15491976158103,2133
187.1204482263052,270.28508233960326,70.36718760850937,146.3143030257568,1465
176.60647765353025,261.4043606972564,71.65791096735987,192.15645757373449,2063
178.84473432532985,251.02626462206493,96.11615307393345,135.9964046297747,3701
166.49849034759953,243.37844022073728,84.62819957571664,161.19591429908388,4411
126.0286857566003,259.3271092987992,62.38230585228278,136.34817334122397,2395
190.719503070583,223.33954517284067,59.249984875098974,109.47274853577917,2548
167.07323119058339,294.1259064177648,61.5183831712408,145.35253420483005,2530
156.04406309804398,258.87945291802293,63.17819445927587,159.7061504459652,1052
111.0989469213481,231.11924443543765,61.509174566700075,140.75032920375986,4151
144.70555438064252,244.96798508851572,82.9253223596198,139.06661846781844,2768
146.03582712019264,280.56847888768925,55.79667553287532,182.0378513894397,3398
186.456360952267,216.16160607302976,69.36792448539804,102.96851722894702,2574
154.66482201877886,229.28356224602604,81.25267864851833,129.558539674012,3786
138.04005489704096,267.95080227365554,64.54299869714654,181.17572653772118,3387
197.68003285106593,231.54892064822238,53.2637192350829,192.05301486111637,2144
111.07205933263157,279.2501681861466,54.091196142298415,141.22995858408282,3112
142.25484283119445,213.0453487177361,56.29833881523432,188.87942431960764,2463
104.20246751714053,276.26861704546087,91.79215124340776,119.89301221250327,1295
173.99041207669302,206.83517148505663,82.89317528024849,122.14270678601727,3989
191.80765521991506,201.2592612667495,53.226120554882236,184.61913765848035,3252
128.00373295504895,289.82235188321624,69.55344395757099,190.32577413406182,1646
185.83416767991207,258.13392169322987,63.92925864235328,122.28057679626676,2580
129.22182304618977,235.18268970868115,78.90200558144001,105.93241899686112,4349
191.07701616439152,223.25946369638504,76.14029748361567,109.03241370552877,3182
175.3961903596784,261.6885783260816,74.05620116848574,126.13808353763633,3425
180.49067768414386,250.90021835367384,65.72561851863065,176.1449077146795,4123
101.80065556004546,299.15977755299855,56.88998860219954,150.99918277962828,4812
196.2810357074026,298.3215986653746,87.1188191436319,145.55888422427697,3915
172.66709920703232,263.50245661416096,93.99283844213272,158.4139931166001,3627
130.47510953861334,244.28705061058906,97.20754546164086,189.0223113462186,4064
182.93946648588468,249.1140969134662,52.930948530679025,109.04303795656575,1709
128.152119841493,268.24790662368616,86.99543557944415,169.47241276365813,1066
187.2753839566128,210.15745442353813,86.32517297034812,192.6790845655405,3050
111.2580390411937,232.83520738107183,97.35548070727947,121.33500417584,2593
170.36859774607956,207.5272241003604,62.64572972488827,183.77723159618344,2911
154.06984766449102,207.33607595169195,87.10895191475782,169.80247107595022,4522
109.65344701954407,219.58392418942339,52.731314438324226,101.44685360731447,1509
124.1893828258839,248.5253254593227,81.56228603808096,123.16116803621281,4839
101.24040362773148,278.4774321162789,67.54239120260898,160.58447608958807,2891
146.87679654645058,248.54958911658724,88.44547197737376,150.24003394912117,2461
130.12652607600003,233.54766105608698,93.16521432176967,152.79362525268658,3824
159.8357484297759,208.2352990336758,68.24105211087581,123.19304246068226,2973
129.7237807708617,255.02955231831297,76.27930463496503,167.50034707086266,2999
129.99191115069846,227.12685864831766,55.870203118179994,126.6418370936777,2970
174.31931987316034,261.49341779171476,70.84534826117383,138.9434966478454,2551
104.81428359783534,297.7187739132418,68.04001966295846,136.89159158800763,4851
190.28949951919873,211.13143214775502,59.15617298922589,167.20250221198984,1101
185.22638743911813,221.212539872194,94.72393123833879,109.02527616832174,4987
166.78046832264067,247.30945380993748,57.404391902008015,120.55419010401852,2460
159.32215701073844,296.86138153459297,81.78696787650935,120.04970706850679,3846
189.23024981396523,277.18097762699955,94.50713217399439,110.84246741157101,1733
118.53301795287145,289.822919316283,95.59842899316129,120.7594978836459,4092
107.89691621908287,233.3714848475793,89.66198499202842,160.70602679233542,3434
123.9510169909538,299.20384737785946,58.80705669370883,173.2168170874188,1532
179.45782787001903,210.28328160641573,90.87157046069348,166.03034469691227,1091
103.46702667264833,205.29729060461008,63.82824062078123,147.51881379808822,2819
158.28068350834897,285.5602627054028,96.11990137162545,105.24345710960637,2156
199.543751619131,292.72648702069864,85.45433407119248,195.9007010686775,1838
185.56960938375394,209.05853575461018,89.26337805044432,116.80764608374919,1504
152.14456890435895,211.34274267458414,54.25162267509686,166.84213704056708,2476
106.36409092866424,203.3174157755774,79.13825567217722,191.28906154821112,1840
183.137351438571,210.4507562642724,91.05710634493397,169.77770959809885,1686
159.89785081772106,220.94198168002808,93.07951763862496,121.80496401889502,3772
111.49329970595669,297.0076618910001,51.431585236682075,131.5796298764023,3195
109.38572848233562,266.7860222239681,96.95796162775596,103.02058670110952,1933
190.96268194365922,277.8553025518542,52.166936665123984,161.27582408421137,2255
166.92002629380784,277.6139403691522,80.7259339837425,161.29929808815666,1883
182.92867993167556,253.50737497792147,84.66937638076561,172.55005813763793,4236
187.89789002822673,279.7488977713017,55.36726455839549,101.09962892756214,1313
157.17723520483221,259.580753238997,52.40059328045963,181.78412888244668,3704
151.74463517550413,231.45460976033576,89.24560772253645,173.8710957400308,3345
143.042741032099,256.11101087684006,69.2335312398717,114.08866095240889,1222
131.69465877911193,253.35085861345135,55.35562576575619,134.76266092689787,3400
143.45959608587117,282.34530537593207,88.1333908193821,163.8524892904217,1415
177.38796557301563,298.17272173816593,92.45815350718104,149.57968749403278,3109
160.19234310151316,241.10425654209305,79.36930953794037,111.50942639012624,3655
189.25232899548462,276.33906784413597,58.061840421732285,108.73453751365899,1623
144.33800143791876,209.97630040381335,50.76112357457454,178.14562991080916,3423
160.70895787187538,277.68313694482885,85.04012406509719,115.59671180178098,3646
163.1307553091989,237.14169119932322,77.50698374126584,117.20926739304436,1404
159.16971623063256,203.93901628896867,82.53985708600398,183.09231253567577,3976
170.26337730855164,236.3246178562177,90.65923350997979,161.21396345632172,2278
123.74334683748063,261.0642750921645,71.71138884964861,160.47156081539725,4522
151.23637775457905,211.92501676814666,56.22577344168102,147.93457713633398,1389
110.42248028083476,292.4034492430255,96.99916426954132,156.8995014402291,2648
138.45113276448126,207.76724132728387,77.26310636234287,160.1769690371811,1765
148.76670686212645,293.00067198331664,80.76470595442701,196.78262348435803,1347
165.22242595454725,270.71375179356863,96.67057147758756,122.29733074675792,4573
195.05310525862035,232.97121754142034,96.57918281551315,121.45624197004591,2345
160.06510665483557,239.07503477090933,78.60473033640868,105.72184877053157,4615
174.35939161765597,274.0809364732744,64.8805712360713,165.81987988093223,4135
150.62660594952027,260.1471100881207,99.85568170063696,154.90421808222618,4225
163.41040313763312,267.1642921454945,84.0408544976768,111.12392038466398,4005
107.09322161337734,238.91646165134802,70.42183384460283,136.45389351181873,3564
125.4391580841847,248.7813481807599,77.99184014267948,117.86632053312039,4466
136.18530932051385,298.9867484037893,70.79170251340148,133.14817404008616,2919
147.24933550065134,221.39228704997177,94.41525761483237,195.12641693946102,1329
104.56487455023837,241.78561865221315,74.1249687432873,168.3318838880529,4534
114.00240975533177,229.18231875739673,91.17641879906236,100.7569100795142,4793
127.68143077913058,276.51115104398497,92.0088148911502,125.25080737841236,2968
197.15326909010508,276.4012625665721,91.21661688676241,101.0361547077779,1973
133.13470071030508,229.24454609973958,86.10943062378372,171.48684987686806,3139
148.20410581120825,208.13903166329828,92.7438858403791,146.94218020554783,2245
119.6097712738393,201.1432676672204,69.36147898114847,199.40186918143894,3237
161.0780071075768,242.74505332424854,55.73316030709802,173.35832610226583,3619
128.06832155159742,241.03375943357707,92.12271021862573,151.7912942707882,1204
120.69925784384267,298.8389878639863,74.90842078436727,180.47054282081353,3259
151.6572628445979,246.98020756976797,56.36880162639255,170.4803651234076,3817
100.55057991604208,225.64183695754207,55.765626109100396,124.37761776359872,1088
100.76640326492253,289.1229441031467,57.96211970049463,153.02582748275165,4819
121.90688091018578,249.10679496535784,87.54866298335529,155.5998724834071,4002
103.67213625008212,259.9175635210578,85.54283367331405,145.12316986078034,1362
110.80257541306914,209.56687104282128,60.19093400924416,117.9192622855362,4442
133.88606493387516,238.2916407329774,92.34617090548977,122.33690516578869,1331
180.25856795798128,294.4223674473787,64.06473977641224,128.10474009559616,3968
157.2048643369301,258.95053841754253,89.64927916574737,101.02551493781637,1707
151.26677259564164,234.45018551424616,74.4402953867471,191.69438921695092,4497
129.34888232081215,262.5667180631593,86.5774341269283,168.6095991583479,3891
193.17537194328162,291.0411089578116,69.06938315367829,168.9617315784471,2478
139.70150412371916,227.399060047259,67.3570298547388,157.23306138091215,3742
108.70927667957714,250.51167184706745,92.06797994796662,168.93108081610592,1421
161.70665161178013,295.8690653911755,51.76511272570348,198.18625498736364,1762
111.38383934766014,217.23961432984527,98.73684736287537,138.51603376344934,3783
134.5223142801692,271.96639255967114,82.40897791326867,171.25255868765638,2194
150.7411938717809,261.44810082029824,71.6241694099721,135.95290043775282,3757
187.42225246851757,267.9675131140635,81.40272655752126,185.4288798746826,1248
149.35465803401186,235.12196306675696,56.137047322949144,185.8028606890035,3228
170.22587660316643,231.38793734837648,75.70262276467739,190.2266425423485,4546
199.28168389990702,268.42096705883705,99.25477616698988,100.54633242418784,1482
113.14891198979817,221.55432851045452,61.763471892335346,129.81914449960948,2407
127.47315255195196,241.96547448590053,86.11390495181747,113.3924351201596,3836
139.45760755976465,218.8174646052918,71.74856879158503,145.3986197890157,4475
142.18281785388314,200.83048411233298,82.62290742439768,149.54496426792977,4858
141.10210752655456,297.00573600380693,60.24436143458877,125.59040428296555,4232
190.7611002556555,243.1702978656419,73.52324913088012,172.34464920450705,3295
171.40326444668563,296.9349614419825,99.00463569296375,126.97697171889693,1318
160.79052140907038,214.03235197678262,59.76435755080048,185.38913752833585,4011
130.93727178627822,258.7366779457486,81.82225139243786,117.76593681417869,1699
182.37903842212947,220.09740327912397,78.77988743833977,136.72352947652837,1530
195.5060511484989,279.0074126963275,78.25257931452016,162.2237758424305,4827
182.11982825502264,278.37029887609754,80.75616448258086,160.53350704632533,2136
100.15651051914729,211.2607149039312,75.1118986844114,107.80291120051434,2947
163.6401370183407,291.2064452876389,50.8465375128829,184.62586121909482,4861
105.11353814421007,219.46296472032247,95.00484057315589,159.80649334297752,3610
125.76072203337219,261.297734158936,91.34894137420154,186.98595487071685,2367
105.95247003477716,298.5633620087704,58.70838404605607,186.76355782278685,1122
160.37954529493877,288.23965347663636,70.66365886894346,154.5918690375031,1749
168.65899134926067,295.6563928561169,88.5274490346784,191.0781457311438,1318
111.4487638065905,234.25987712181194,99.00311576936423,184.8407798813456,2597
138.38388830449796,210.55756422194634,97.55685232208933,195.81229445617709,4549
145.6236508955542,218.834687328945,94.96795998380871,185.04983985594063,4484
136.90530217609165,250.04948950766138,57.91869486495698,182.12038510011496,1585
112.1025000485193,279.3229678273322,95.72375530045025,146.93604806769116,3292
141.89477901874756,215.01536441838752,93.92224564755398,121.20310603779278,1543
175.11780478084182,265.97315322607574,68.84749555831948,191.0708733075486,2480
107.10076645332555,232.35776040395118,69.7261297268131,172.25491864460759,3200
108.01800140819034,234.12020723921535,72.99544609775803,128.174786419852,3703
135.47712918359844,266.19177301579265,82.80878154832084,134.09957227556424,1014
194.1725711618925,246.69994195332202,63.041780799150786,168.60785118572204,2466
166.85726467229142,281.2033293025994,51.147421471997234,147.78173083536709,4375
167.86699566725648,215.59185096628272,57.06147622986211,108.14825618463682,4857
136.1919990837865,278.99482697670385,72.00579537883868,114.14479457456571,1244
159.36607912085384,206.4235248057421,64.10012847131009,174.5648683512311,3838
101.01311840277434,219.4053880245605,88.22582805180659,132.85695284818308,3614
163.60960464095422,265.61497145031655,55.33450352746357,150.76494284020393,3601
191.32869475762368,285.49256565110716,95.8732612777402,176.66214782535258,1898
161.25734683448192,225.2679627739349,94.76635899719555,175.11755937060525,2478
187.36985934663448,232.71916058289128,95.43784084666441,116.70150268872739,2382
172.39730554660937,253.712074828674,86.98049993016633,109.83938643990354,1051
112.05584164036902,221.15728064893023,55.34999857417996,159.115229296509,3058
190.24533072858418,281.11562615875056,71.90687856847833,174.16328739312394,1822
106.64438443557749,277.3636645005761,56.57026859027319,114.90399219954104,2623
153.3967472547764,214.52917119657815,99.38495963805414,137.1955287327275,3274
114.21371237934576,246.3829731816632,66.65192116993367,187.02779959676405,3161
101.1706610730904,277.48277666546215,79.2665270945031,194.4223141560321,4608
142.20342601276388,233.73295311034147,88.96965271221109,145.40697609496843,1603
129.50407076541563,263.31068227177315,96.03080421128227,107.95159340308331,4158
148.6000493797603,205.02131214575726,87.777386292068,125.76964562023774,1592
157.71998867345508,260.8688760529318,83.72518893831187,123.2969920315533,2273
104.37390723089473,215.2652980000607,73.29908910190757,123.8963720541057,2273
112.30032951237456,283.05833251144514,80.2700066875262,149.388170537925,3984
155.86423964504255,235.54494635804784,54.708190442641495,158.32256516915712,4492
134.31673531726582,228.15538627281956,94.19612709806313,112.25095886799353,3257
172.91734875494478,284.0888976711485,77.18886544199427,188.93560065283344,3998
165.229164859194,205.01440230718103,52.00675252174713,161.99738232811148,4592
184.56043629899068,239.66087993343447,95.99510628299487,159.72517302680055,2004
169.2492826669225,237.00035405750313,74.46509869184344,198.7278998384284,3658
142.99310773901482,228.48003742495507,93.42945707805009,162.81439774931255,2571
167.29666223944324,291.1754332001477,92.84439771026784,192.8959149301185,4128
127.53811742554186,275.09283935167224,90.78757937285575,128.62569723597917,4134
130.63134987782126,206.3923164191939,53.070150964767805,124.01294903464975,3385
178.89851599207933,271.4687449434954,62.35333227121044,151.6518686824453,2811
144.64195164015823,252.7299133128794,93.77739362327154,150.8608947636666,1724
179.83803405183525,290.08678944015793,94.9495528026047,122.64836494838968,1814
182.24223736682785,231.29456173483584,72.90344311844031,169.96556568999478,1531
185.7562337661284,257.4161999609583,72.00207338271011,102.96338192366933,1758
191.66352358412072,250.0755274740986,58.757031694307486,169.06304725494527,1005
143.0985220513296,248.95609062276057,98.42053943455755,145.71778861233003,1584
131.88668183211388,245.61053995172125,60.65692376795216,168.9007510845079,1618
158.2198746594114,220.56294755322813,59.54683921753828,147.7080630641519,4676
137.11724234376277,275.5709922492393,83.03644850745872,197.7333782884695,2534
160.1074166800233,245.13360327392888,62.14221515002238,133.46849511031178,1796
170.55858626438246,295.8516275002606,96.93858055071948,198.25729370023882,2484
168.8405018492137,226.08084271927763,50.54534976588974,106.49739424789753,1355
137.45528870201213,268.2743839627041,50.287663116165064,168.37607747575566,3266
116.68602016987528,294.07170796391085,75.24384007177997,145.4219206784912,3414
143.05293384622075,266.3458323016092,74.4031229956736,182.21376255297002,1888
114.25941440819088,287.12729076173946,58.168201095045525,178.9616069716998,1560
189.00970351838083,282.7480959757006,74.72597814851423,180.02101828759373,1363
134.58774607378575,236.01177154890038,70.58305525849931,109.47385993025198,2413
115.44597472233238,260.0123939939497,94.51647626711843,182.23656998612947,2318
102.54477599057509,215.62613398113555,50.46269601084818,121.4040157443761,3552
164.58223862864844,253.55258826955995,98.81349025164761,102.56802638590348,2311
163.6902317454743,223.04219718143372,81.21963821479213,121.77387196844114,3224
134.06041665812916,274.37368149524457,57.59217228226378,147.92851046998328,2322
107.1711888847651,252.80584218921246,52.33800069055831,174.2111359911432,2643
140.9628894895232,241.12273626316605,76.9052829279616,121.86324808328537,2307
131.12174950633937,226.87970961669777,61.74450829859101,111.30075480902714,3860
167.71206397350093,299.86984818412867,65.05827685006297,164.59672550239424,3624
160.57792494526905,207.17105208849327,62.25660824172568,198.38980363600177,3865
136.459372819754,204.356068057242,82.50861567862555,160.0870302085618,2077
121.78925542549901,221.72574004938645,77.67644810580668,169.1057364123422,3866
198.80359661555917,297.10724586278195,53.898721176090575,156.116744374642,2834
145.40016211961148,297.92381683199847,76.32632665875877,178.2348444228504,2343
168.8274235780237,265.4927734772136,89.55948827816499,197.58044202094447,3526
114.05529675783608,288.0106667206405,54.05972954101622,154.41292294041847,4613
148.55896996593978,221.39617308407955,94.48694881152099,141.6790511742726,4829
102.75367198694654,297.20420941766236,78.91533247238645,186.03430611601266,1721
150.545511791045,214.27848501395647,97.53122346351583,196.972834375999,2244
196.40174071177023,210.11251881816582,57.407060886118785,112.91816408695679,2705
138.42067129858003,211.22115392472728,99.67824996766576,157.8170965473878,2957
103.89960125749116,257.3127923272565,82.21364329848385,179.24599925459972,2366
103.09557909193435,278.09744007180524,78.37470997405315,153.33394051563909,4285
138.79867599468696,236.6667177874633,75.76398120560427,140.91969681929487,2345
116.00249364631941,297.7895987786127,51.18271865491564,165.52298211354207,1580
102.33520963281859,243.44201381183296,96.9819595774789,127.01280945133483,1745
175.6213613950177,215.04485507732164,82.19972364270991,134.91337429383694,2038
145.85230088818906,246.59667481861368,54.58132422496456,199.22766588813448,2503
128.92447719726545,267.90371654224396,51.04760851472624,163.64653343744953,1877
190.00831830164807,283.22257805043785,52.53918196183756,187.29272983110747,1133
111.61389602005256,245.87682899565928,80.46978817161204,180.77685130371435,1717
195.5918828955319,259.36068260491675,80.70077074472925,165.22725543940243,2047
131.3966717377353,226.73447121588532,74.98336458907205,184.07290824587733,3424
188.84036723086814,264.5916526405514,65.33829103264758,128.7158495433571,4668
160.29428764794616,298.59719439503436,76.58713658073206,163.71164488122983,4213
182.67073597414873,204.9053572587794,75.81509104381288,159.0603489523981,3699
198.4013163210464,288.6530670705168,50.97077799382828,162.2419600793345,2462
128.84054378187457,256.2282502767523,64.1234615163749,116.86319271467752,2347
196.1135485407593,225.20986595623,52.659267073357476,127.72430399980684,2145
138.94818949024204,295.4889710009258,95.00773757238278,128.66583187925391,4371
138.55119047369223,248.3354303058899,86.26115813925676,160.19461625727632,2364
134.03871042545057,233.16902516733856,99.80575850964561,197.2546880439786,4250
154.14076073475852,218.14976282708412,65.1085631652644,195.40675511821482,2231
115.41450431784871,224.4452210256662,93.92429238784551,122.71895529896966,3001
155.37114853580113,283.2849041591443,80.15271339662408,130.48452430667726,1165
154.1704812410004,261.4410009317166,72.65627034518025,103.60618922791672,4112
176.190181260487,291.3245619488316,61.12865556443175,139.88155898593942,4705
183.36499619375854,223.19684521577858,86.91960826430714,183.46741216803636,2579
144.0441350312424,212.11385738489014,95.20703744521501,191.575173898614,2098
130.23332493514937,200.608753097559,61.76541990376854,123.64964795679435,2503
125.93348973170944,250.78620376159938,58.76951674868063,126.57944734888392,4419
119.46238367048718,299.83069303819883,84.81109575024334,122.08498165087536,3319
105.76475821990249,269.49652688186393,98.84865813627596,135.01035675745788,3017
134.24479788347134,230.8394591965146,87.4977550552039,180.47593985905445,4037
127.02476921307833,287.68585830261713,64.22903695238244,164.685746988446,3213
196.64173858664074,278.172226598796,70.99777120738928,178.59409178637,1761
155.7708826250044,201.54151660765393,69.21588177291858,158.30311063353062,2109
134.72770390305075,281.68604805410223,92.60475090235227,125.77330780591468,4972
158.0467600993696,230.0526757238496,88.5685389436112,122.79941802125441,1648
113.91967013456954,214.9673464583601,79.448771738076,100.90007058637498,3892
144.40437492022028,222.63308397370747,63.74795551984516,178.09821368740725,1550
162.62343214210637,246.8579804375139,96.89942638610282,184.7121226164718,1598
148.88978317924514,242.4867927068011,82.66576123845732,176.82825996284163,3202
140.17788006543242,228.88872993742268,98.52383232208912,107.44020577284907,4743
199.3848388899698,217.22183222070328,79.00585165210154,176.2221627169866,2599
188.0314762148927,276.22307896421694,91.0596379181807,104.57674531502693,4294
162.34059581594403,299.0109783734917,90.65526896972634,110.55930657063911,1416
156.9377361182283,277.779158041969,66.86643884167961,144.0475372932667,4433
162.0660479824584,229.5936967671541,98.2010361478614,147.614700892484,4417
120.13121078224333,224.48089614121335,51.097073379878196,181.61186366186962,4217
139.51377432643187,221.76658760659382,88.43554543837071,167.95268920409106,2739
103.94595328908993,213.66950744890363,98.27785428820219,115.33201786312162,3114
147.55460374868267,255.13305496923013,66.94541016418614,122.61467832288014,3564
154.3024583957663,260.54003719533443,82.4055293895486,128.56751882586866,2082
122.77497361032096,270.5502660663137,78.11116249221052,112.36726374548583,2006
196.40288471655137,268.0213370933668,88.07536548382618,128.76448863592307,1587
190.9454610937242,229.23333112833825,93.30889608225262,172.8598155539733,1771
172.2143235455906,233.03110053968464,80.1522284649774,124.1401470107283,3807
153.33866287653626,268.1514535442338,90.79522931907285,183.53596470603864,4087
186.9969159647685,234.94476407836282,65.61427879446276,146.95169951252078,4658
113.06523438234629,221.2623189619313,61.42935293524084,132.29357612443889,4939
179.0509794274885,237.43361536967396,71.53338447664201,141.24181045488731,4557
112.48208139668483,227.20841575779775,83.88682997903916,170.94967405934915,2912
179.42106625494054,208.83127212185778,59.362347446936184,151.67927032459903,3223
127.5767568251357,283.01389022766534,84.01760960759458,100.7278663975058,1321
187.7090581018189,285.3111389157036,69.70468242860336,192.2323846585075,2484
194.4042093825398,221.97503001668795,89.7787636946316,106.59960030018517,3183
114.87959694051156,206.4772199525202,51.841790855165165,193.86213488143858,3475
146.26756050653935,273.88274373511797,83.39913189146972,102.81528236200546,4860
198.0987378162685,221.15286258634137,82.49111683249839,177.09793349574483,2817
148.34074359731466,239.34354894368602,97.04677380626572,153.46747081832882,3021
186.3547522514545,206.41352522373833,85.66837767820351,150.5726180604106,1930
158.873152213132,222.6269584758435,89.81509482116405,107.27785025440045,3958
137.53299079196017,279.2902278329636,95.22955079265842,123.87450103379163,1679
128.57835555258703,280.4396446915202,83.7525959145994,177.75473170651918,4613
120.32230910860872,220.70848248877104,64.50768174799873,189.12598299224942,3369
176.17981913776973,233.59138451066895,93.4886899791761,152.91186810529797,2359
138.6540506823028,213.42384190937435,87.37890597379875,135.33433963625953,1780
151.12754622007512,207.41726302849224,71.22188020004467,105.99432080642109,2536
149.2325480001182,299.2171714448409,85.5264586324981,168.21785260663404,1170
157.72790292331314,265.5593951244839,93.3844438590571,127.84466106862826,1923
186.5577145624552,254.20965091983186,98.78260656956357,105.50137149921468,1128
198.07393435834294,276.54985004053,97.61757519795276,166.5851729098622,3727
140.75842085738168,284.0077159687724,66.26639133820707,148.57197935337584,2441
182.7518922106303,280.6714768044727,71.08468568590908,101.19621497017239,1396
176.45277946547176,201.65394492898767,55.476830248868566,111.09240391063472,3108
157.35289514555734,218.68078981904983,62.3772143509023,169.9201929245944,4188
195.60471436119332,265.4905302117831,94.12106042434752,106.36713330657885,2857
120.04745155284027,237.5759347803963,68.04249631396794,186.59630648429902,2658
110.92642103096215,298.2482651061107,81.02763292974406,131.13262774199328,2795
185.39619669554222,266.54047926382543,83.29828091535165,108.86664704364246,3520
143.91498166337482,295.65489087292065,89.0914637571656,175.97573781680654,3785
184.69688542070605,220.1446481645794,59.14000151228155,152.44272344530236,1396
189.3090205195415,286.3957028115023,65.24065673072178,130.66400323792976,1803
106.24575936190715,232.13523058152253,72.41681707290903,140.6098341669268,4935
188.34647629860606,298.9564808237807,68.24205306191368,102.14123956048259,4004
144.8319055369422,215.76886720731474,99.14526164298448,166.2698537539429,4769
151.04324890042324,251.63398188383266,91.74704016068563,136.57736889634447,4668
162.65925110932102,279.28445338371216,73.9843377310243,171.40375697281297,4289
192.6382606730087,243.2642480604036,93.9634313043234,162.81711459525474,1654
101.9116094429764,246.80840601876469,67.38264737916484,165.1254185909738,4548
147.6843468317817,298.6355795505741,89.29141619451323,179.28927110044324,3649
168.77220424305608,242.53081503011532,61.18377990532268,163.1158078376251,2876
172.27069576982285,260.40721005990633,88.6161022613183,141.87259292418923,1267
169.2532431537108,205.45396606751507,72.82267015978641,138.99275617346356,3123
113.44351294081218,284.221008021026,55.37496604961212,111.95821067648558,2092
129.93955883716814,264.81680489795434,63.66312272777911,177.94434131562417,2468
135.87155254170136,240.40201028628135,70.11373120117824,176.11084417546218,2321
180.44372076795048,201.61695399545198,87.46464558322185,124.62983670855235,2497
127.8759872414553,259.16688205935037,53.64913573654754,186.26819126981445,4231
121.07049638672032,201.26578284841622,82.97734975463197,158.90032577906283,1897
195.74480190380962,200.1203613909018,85.80068204664218,147.86868423945674,4079
100.88632851134689,261.60985621493546,82.69606849628758,101.7496301625496,2754
199.78208556819783,218.90170673345543,88.03348190837778,138.27411858643163,2508
167.68212988573956,219.18875497180954,58.90843080114192,164.0670768235663,1821
182.84692994491172,265.32715658327436,79.35516775315187,108.97478376883835,4975
129.4619396346193,205.36971879393744,97.057247360194,145.95673088875483,3135
101.431527766706,231.34055614745563,80.53921349022689,199.3435951361596,2164
173.786951856153,214.9431902142019,80.56681734764766,171.65386372090677,2564
183.4144597000676,258.0176369796534,86.82198210566344,154.68708875016046,3572
174.04761319535191,266.1765154727396,66.66021160629295,153.30328849390767,1825
114.28502873008387,272.11358535990433,85.02379506607703,104.37650822581944,1574
175.3427922256969,225.52312169185655,95.81169166566076,195.73144374079362,2366
176.89227821076412,208.9249751636584,50.54477365126715,192.8177660285043,1686
165.85405156700548,207.86836569418978,93.50565205544326,168.24047106754466,1974
176.61159327955863,242.61515484507237,60.930916562942954,109.901164968155,4287
184.5921439677732,294.58444090627154,72.79616368501877,120.78338967494382,1505
161.36041142374586,221.77290342470246,92.6173900476319,118.39095358755853,2770
108.86047139696791,225.67416013415493,91.19560637283145,151.9578485101219,4670
148.7627809667211,210.0888802105859,94.5963739063028,120.78038745019856,1073
107.7649334671605,260.55702738939306,97.0208396316263,169.58005615441982,1805
140.75430310324307,267.9872873947175,72.35784783858793,154.5229885969389,1580
140.71064891256276,264.293120816076,82.81819054005035,101.76581770426554,4140
106.60098441402415,286.11302430447813,69.52392202630534,174.40572370356517,1222
134.88205339694792,248.64258350260718,67.5358358746083,118.88287366539485,1896
111.09980987913148,213.44570407670645,71.57977052988348,182.48851196806768,3433
180.8235210009222,228.94051307044126,87.1538067391338,135.5045437122979,4952
194.76880259644707,266.2429973421352,75.07203735707765,133.86196799816364,4356
107.23164752579386,261.31219737415597,90.7029837224171,101.18173357782105,3169
195.51152072917014,253.10031297429626,87.26092385980779,198.7728982923017,2798
152.25765993367452,268.2964418688687,51.023923056219964,161.2004339171864,1732
129.9565677953874,263.7390850373299,81.51190785530808,142.27301661859906,2464
107.68620752761635,288.1324889464952,71.82855616542955,109.6621404461339,1822
150.0624268070418,258.60163774782967,72.83144945755708,169.91480641510168,1456
179.45155444907488,277.8601358700556,90.91865269349474,128.2730469991939,3211
170.70864772666982,224.8707155966468,77.38039930423383,198.8280818375529,4334
105.02260114639738,267.8182584589068,94.28109117294736,195.0547359149323,3139
107.29018353679035,290.21941183826755,85.64027961958452,173.52966788027885,4849
140.2873282632637,238.5732327899833,77.64200043820264,197.1071930282969,3383
129.52904940479434,277.9104187338647,87.72689880755519,110.56338624537628,1585
123.23843230560479,272.4789301195435,51.91745254627037,127.99153605365453,3982
128.10044989087135,205.95261968718225,51.35418274141038,125.3243288791179,1313
180.34827432968848,258.1508309624072,54.1674663460426,107.20126584593025,3649
192.92280536318538,213.01893492008023,71.87826625735713,197.22265979714558,2889
140.51026945275663,296.7319172230591,61.77250728134716,105.99740866468939,1993
190.6111002132497,281.1407502700656,99.21306472078922,185.66889039943297,4879
132.1495701247882,210.972380124712,77.11450695056834,176.81614245768392,3957
147.64369863437918,212.17519976476785,83.12078730405793,137.58670874714596,2489
122.60289978159997,259.4473854912619,63.941006812334834,101.8807362629799,2664
164.0476042175844,234.48891741731833,66.08984542938043,100.60959049818695,4472
197.89811151748088,203.49058590731093,66.77309570705779,120.39938406939233,3608
160.34930960433786,254.1641507833053,84.93678525751503,149.3876580033793,4669
135.7814084113549,238.7845099685847,73.68531038446542,145.79099781851514,3532
164.78174459905284,210.10764923717426,75.88418262650373,158.52925765649275,1655
112.29206784653876,280.19203922559825,79.60014910796727,177.19593096607622,4718
188.86590802653987,291.5076765278806,88.44058281191084,137.73546148602057,4982
150.30839507798362,275.659393401413,54.51848742562391,116.03636955093174,3674
144.9349742039642,282.2422310016277,88.84369561094108,180.0048916828424,4348
158.5864788453519,221.64905672661175,78.16175344375898,133.2690681331211,3113
162.47838627894026,226.3572950918601,83.45477224276286,128.68818977933506,4770
107.1775806226513,220.85275402991877,66.3775882420381,176.43120384292354,2880
168.26172212234025,276.5063431365564,70.46934184082247,193.41394380831446,1200
124.19316803155296,294.7917078934497,61.558290982696015,191.4961282010757,3515
171.39526325065899,271.68372067339027,98.96499987087026,113.74424258571786,1433
182.25347943841967,288.1466764879556,74.85014862551583,150.31581534692995,1137
180.395850755252,263.86990948831726,99.8038457898299,109.28702837281735,4063
155.2500967407889,238.7659900558799,74.48929890306331,196.09759589063998,2075
152.01698923107512,242.57616149303053,60.987563219203366,121.52278858768393,2748
114.28759613394118,207.53214321674048,75.37261983684283,119.74295747657747,2475
177.53461504031355,203.1457195246026,51.97977858995389,188.88856730064794,2181
127.14093804467143,269.5475604189077,95.23849007109757,196.7850555121965,3849
149.66954228179466,243.84288920111806,90.92751255972206,169.76322592952567,1861
128.42740929275166,255.22150680546295,86.29102603471424,112.10050336992249,2229
113.38283629996931,255.76612476224165,80.491335772123,148.5855610540674,4413
162.95576968917365,227.73758133333013,78.99171168351816,181.66050940616037,4904
105.43320348229038,247.58925108294906,99.83641070397314,157.24771837082451,2339
174.86452341262,247.07602216677023,63.8998717009969,113.25948547283346,1135
131.75867952611168,238.8427221227857,88.9842182682789,117.18877495032278,4146
100.01346930044853,282.06753834010703,79.07023851068287,186.4141675834805,1448
151.11291392372297,245.1164003687596,98.79402718794427,152.70291636874833,1068
104.68519085276031,260.3644524505988,91.39015916491262,170.58367737667123,4000
127.61695578208995,289.5520120380826,99.92625564947963,137.30625262330648,1812
170.6976487455716,286.62336228589226,79.41624972312232,153.24855829188414,4632
106.26896216218658,289.0422203779165,60.22719787724675,197.71031403876918,4273
183.93384923560023,227.0004996465014,75.18435178473669,132.9703036968138,2014
100.38199226585832,203.4982488308063,85.55555670252872,167.47885275082746,4645
124.68238692019023,226.10667998953292,88.71801930907941,117.25055571952298,2190
174.09040561520715,227.87073456207088,50.02549945079718,112.17398852603333,2740
131.62701497293068,290.9360326724968,75.2513544251147,178.36401112590298,4732
110.18923880660135,264.92427328379705,61.76172899853233,184.41082099871656,3019
136.0233918800428,208.1703959602229,93.74559166273943,166.83116953494155,4192
127.03932863845256,213.5378596011101,57.64527220251143,115.8195837544475,4892
184.2711902160555,215.56761255419755,83.32281247874167,124.05879656425387,2964
131.3347917585143,263.0421748168923,63.30310951624624,191.11757080951116,1096
178.89324717760073,273.5414025507003,67.82710716071361,128.87040487997564,1376
189.18721448107345,285.9643910565396,97.02796303784224,181.88605161971174,2514
143.38174195765296,294.0636550806243,62.02240627040398,128.59372889104017,2947
190.9943143854392,220.1704557386442,54.75013809114653,193.94625693234346,2076
137.7318053963193,230.9772484724049,53.46424507221129,191.4452912837003,1008
196.40784164901083,224.03228807448306,75.2307555049731,104.3263173628788,4052
108.9289524525573,235.8761567466138,82.0855741142144,177.04139868674088,3378
168.70192665032425,291.4665107423749,66.36468217854436,116.9461760234407,1250
149.38140404569288,257.51125669393616,84.51298708965405,121.52716259063814,1359
138.76488054556472,273.8191897324499,53.05168592866189,145.98452123314758,3396
163.2711878748601,249.0119236126782,92.86673224614384,157.631814974945,1123
170.38570916343312,202.88579133361245,90.82836048696188,132.5799718970492,1633
100.43632696503091,206.41954859978142,99.27481356960428,157.53833655542093,1198
116.69530887471987,253.79230312678857,96.82524904509228,117.06583713411366,1828
171.30460506343186,271.87890348200256,67.8098581959464,102.2337654381037,2434
166.63854135782066,221.53305275287315,69.96376920077886,157.12243883617631,4451
196.60475051286772,272.1909573992304,87.29824237391298,151.74152599623187,1917
176.1037790250783,281.06657734835125,56.70413859774916,168.9653964075925,4576
195.07727077313382,241.18974783621113,65.70073551224175,164.98220619678244,2118
170.2540501534807,274.6419232844105,55.92704684878241,189.74863802339553,3077
129.80522086394433,240.40299503284598,72.74432245364157,145.9468620161546,2115
110.53649222508565,267.835062945502,77.60021399426589,100.8369474692942,1595
178.18238633449357,276.3997049319543,60.55802349813762,163.0652681596854,4086
164.4149221475916,299.19266183081106,51.33158434570525,167.51324296032183,3702
104.81860123932962,234.5396662063596,85.96779158752616,152.14949893959698,3868
136.00504659009783,241.10407805746115,51.00025822130843,168.93048702412156,3507
195.6799815484286,216.56200594101713,98.6701304464178,132.35838132361528,2744
150.04011457102013,220.4073058401807,61.08036283711977,114.88083031910791,1022
143.27291360197046,269.3395002598378,83.19500460581455,166.45536639564065,1325
145.7699605159294,291.7045590154476,71.73758631199945,124.51864292155287,1876
120.88827240051637,239.46049516612405,52.98369301685536,145.63159092842048,4727
136.87071708647952,217.98444468355413,73.60918033172337,149.16227306116485,4158
136.98132559871766,228.5099499382994,75.83803171483999,147.71995504683883,4264
105.23550201874724,245.50517048081386,92.73416040464343,159.84491436799559,3732
176.75676285179182,229.06503293653685,86.6174534823949,102.94537089258588,1262
141.6504431903879,223.35790831218662,53.965123737669316,198.9682494930088,4500
182.21798868164234,273.59844887570796,60.45813417161325,171.63104739385713,3854
185.03480011198954,200.78449212406233,65.59438421074739,142.53877817987626,2383
121.19940546986581,253.92305273364832,55.82038432324097,119.13300302902442,2585
165.73534821701287,279.37668070297536,72.84495354572454,108.01773224433563,1432
147.2281804162982,226.6228286317468,99.21545954312677,167.21904206261217,1559
188.0156737921485,260.32915106120174,75.73063956188808,131.69556149585583,3555
121.57406791764541,266.8900105618618,87.09410841615846,122.9478458249868,1048
167.78132003100444,265.502469640509,84.14688988496731,137.99543871123333,3215
160.77521222527224,244.58496341987177,92.4955717546069,159.292308780771,2702
129.53014775718327,234.65779878757792,60.78617452328047,167.1705216684001,3488
113.66009036511726,283.59240730278134,87.69131308465141,164.51700693545303,1593
165.16397604772766,275.8445956999864,94.06776201528749,186.32655834919734,2598
173.85974581323308,232.12551734139126,58.57549114901214,121.87574310701152,1227
131.56273437633502,210.3019194442206,67.34011098940019,163.67461631971355,2975
164.4832604022314,207.18075454454691,98.50508821657807,110.11143761860941,1213
139.51309076115032,209.4275977898936,89.03939229898963,154.79346898991778,2665
171.32068832826178,258.28693611920426,64.12954162687662,158.39584024896712,3927
119.9215274894053,205.16621758289898,78.19708848222434,121.62372989341736,4225
189.02150026361744,233.69268749640383,70.21630614247394,139.1693129991237,4825
128.74095964655797,275.31997019142295,74.4982588163565,182.71928895838025,3655
136.7785987756153,229.4348166515378,67.75830956953543,114.84090537529634,4478
105.80919520803498,276.330807718013,63.96655092651703,143.45061976158402,4960
111.15122123212764,274.54670382070555,83.73815206957093,193.2733071211452,4815
151.5861902712328,224.58271326332164,88.92709075430588,150.4108927699601,3797
126.75926767279715,272.88221800927454,93.69785613736724,172.5133711833287,2041
183.54802257421943,274.77766382721006,57.7664983659094,182.68660395555509,1466
101.46933886549539,239.7453925667027,91.14277618226203,120.37743748454925,3391
137.90940486719362,221.04204837415182,62.740041223853176,121.82172355329324,3371
133.73455467690928,252.12708068918693,71.36681949550254,175.85914560983835,2269
101.93276309176011,292.13975880001965,95.07218429246234,175.3306738176401,2083
112.43683990005103,263.9616732432062,72.7251800491301,106.0183320639619,4565
141.36426749186353,217.29224976272613,59.85317670221581,132.24982406949644,2665
149.28645844474465,268.275692473352,57.99343276185589,139.8532491908438,1861
140.4289747254869,242.72030272818347,73.64918833260668,182.90404034711537,4120
153.0937678412094,259.1528797355373,88.13362119882771,142.18622554297374,3725
159.51316749056815,273.4064035023108,99.86025719871506,192.5928890403244,2950
100.99238211278356,251.49473515144447,89.37043142154509,199.660777714064,3727
146.4095159453504,281.3983974573309,93.85059794714267,178.07261656943496,2276
196.34992408875883,272.2155579316628,87.3916180467444,166.63866895672572,1847
151.90322801295486,261.50733400185106,94.77175503780529,139.18971659871227,2406
167.75422674589532,215.07928158323514,53.81467716569566,106.70394460520333,4380
131.1863857916883,283.59491109115686,96.49657994908227,157.31387563961306,1575
177.39913781527625,293.5905585319816,69.8203076862828,136.1704905543991,1544
177.2921481876115,213.69651238092948,96.08071116402223,135.08980758323435,1057
152.1296047654139,248.82411294334304,53.786641872973775,168.77092527094356,4889
197.60138232792136,225.88887419705046,85.7621478560568,146.36393585966357,3111
112.55502147626534,275.45233074255646,86.78443743351022,175.20938447714502,1898
101.6947664889581,272.16296360047,99.84554446488863,139.8173222685379,3172
177.01582117570962,214.08851205703988,88.4427635344907,115.08633854865627,3108
180.71555373648826,287.7027271261637,69.12868529078034,146.13475261902465,1379
112.02072291205762,218.09730639780022,77.86242758092726,195.10125143253634,1977
126.5582832958606,279.7259025648108,68.32754690832951,180.15246291165585,2784
101.75523633666289,245.69803596280047,59.800932265242906,120.57492550733667,2161
129.33086107805647,232.82722935581512,62.425116375113674,139.13005016449426,1065
177.31418739186716,215.82392626742134,61.10052671371605,192.77920952205378,2202
151.7960527712579,216.76142561466293,77.44076650816065,112.36990587265664,3013
134.80955931682882,266.18905547009,95.30803172659466,125.3950241864936,1797
137.17392949063304,255.04303879471206,95.63633130441988,126.22226458718964,2816
100.13536257154682,212.20854216512328,52.738188876291275,157.09328756619834,2194
129.9800527565236,211.2697860438325,53.99497004759468,141.0733319711323,3802
164.64587416379305,207.23105747727914,62.25595285861718,107.98706739962999,1631
197.4194443816357,274.3767347373544,62.752972623473745,162.91814545770856,2367
184.70608269838993,271.1882085229289,54.744458761962555,109.90778645201502,4775
102.35949646455292,205.8430990854575,69.42316705867202,160.6414931979078,4258
189.85606046748393,256.02700755969727,79.38626963456436,150.70083802260257,4005
178.31984132986258,208.46761552426898,78.90811002997319,149.36686607253125,1226
178.03761235709806,290.3745770608942,77.17148406292964,106.74962452992298,4337
145.79957590035715,290.7117419180132,66.93359624437485,163.9220446883536,1191
139.80052929545027,269.823298981313,85.32278426582903,143.13202585893308,3799
130.29157288331925,292.618892143945,91.32419704905357,141.11061222856864,2629
106.56948589543657,281.14530304136906,67.31371332387042,159.6451396418537,2149
122.8235363493699,282.8538575927049,54.2767679649731,160.62480599465474,4003
124.66036349780246,256.97078505699335,64.81651255459283,101.50332957619885,4545
148.40770697102016,230.6059198216176,56.86843272874514,112.52259012032067,1098
174.7444406596694,221.77991151164215,73.36793636135904,123.65182208447206,1343
147.38098283979465,232.72000220389293,57.796757565803915,167.79773333459792,3290
105.78444494471606,262.8495430089062,73.14223788289887,157.67411270296074,1019
195.7789800988204,217.2656535832399,61.05014461623239,175.7629132384754,4700
194.27243190941124,225.86402366373216,86.93655527312015,174.0607805543857,3406
178.51895431484084,246.80608627954643,51.37841204179228,185.31828692061507,1432
199.13279015642206,223.30500985246155,77.73731519159628,137.68148612724139,1999
154.4482332800263,258.86436697160616,58.47441374600284,134.50638661833028,3658
196.27683502532062,292.317602845633,50.04959322348135,183.1015403053463,3534
107.56050406167508,274.80893657031265,93.46000440324036,123.76015338671846,4962
136.56807482613715,266.64266141489134,83.57638939070338,146.1172373673607,1329
122.53812680067658,258.2721475983779,54.94714110252617,119.43256520222496,2690
119.583308413427,248.79479092570648,83.20361838419278,191.38407421392137,4378
114.0802948892676,218.65638596346597,80.58236663687993,140.78030130966255,3232
162.24136415659967,289.47104554268657,73.66783435216017,121.24868982308283,1334
178.1321855747305,224.85360020128363,70.9629049212807,169.2013390568912,3553
157.82983994203607,209.13088775781608,94.35348814578674,124.46446782104786,3510
114.69627095882097,275.00151792286954,62.25740099487256,194.35036031702234,2956
181.11237699334708,217.56155343311664,69.91550285066916,136.76170148094116,4042
163.59547071637286,237.1895999541176,66.45577064474136,166.4640712101837,3050
138.81657061269954,202.82849282909797,88.56005145183167,134.52449311574134,3716
167.4130295536063,213.7067942540448,95.82326531162697,180.72455829934736,2987
125.99049792428329,217.3203630759912,92.48908493701153,189.69227410227757,3222
134.51922084942106,205.44101277501778,89.88519651498842,178.7918359414786,2871
191.74858431319902,265.6656956622845,99.33949727850415,184.849901872752,2604
129.05045056714204,283.70077958031175,84.85722752051926,110.1880827937636,2556
146.99882681579368,237.3315406365941,87.5526895606767,192.40646770330665,4047
189.01411373960147,287.45764767182004,99.14012698525096,162.43007288752804,3345
170.77213502675275,221.33465745601265,50.349539269958704,186.92175321661995,3165
106.22032261647027,232.53904235612396,81.70241882181826,168.44367641854154,1788
114.73030442789704,215.07369930311683,86.94857659766447,120.18476685437103,1641
100.78415907719169,262.05591954189987,95.89135268785975,160.95551016456764,1205
163.09217902291635,241.9869590870307,94.19221520921714,109.0946239723141,4780
144.76734254104184,261.3283346841899,92.09803406168972,169.57230302181586,4206
113.42748509022755,276.16749053941834,97.28956359708519,140.90011410805727,4274
195.79341210567705,254.57030160329484,76.86895939568538,115.17331731002089,4106
152.965972394562,262.76303549017877,50.34600477924134,197.9229815868414,3077
124.18932941128892,293.5250314394333,50.55271993485048,190.1084424210681,2451
150.06035711547077,229.9064309608843,77.2319527808929,189.35437134032537,3989
167.96203327351077,235.9163938633953,71.76361194319706,178.8820306352253,1822
107.62392179735645,271.77033617093366,72.56225266827242,169.19811251435175,3044
127.4703815047892,261.13055170553866,70.02023686050185,165.5079480292245,3304
180.69654908839937,217.85329045397148,95.88629045456179,110.60938377038553,4452
145.96648704026612,237.61473100104902,67.95851755848949,190.05662353184542,3229
154.6577142032295,246.7838013124715,92.81134708815416,188.11283963046105,1207
143.28160022094693,241.93898379683893,95.14323968958205,174.78526265248536,1878
104.38999426430051,217.8274808322041,74.97508849994773,192.73149590751225,4712
116.5749779820156,292.4430091784262,72.34690186825442,155.3083451397992,4646
144.5541638741891,276.2318761693976,88.05103021077234,144.76423347175552,4510
120.91854654079279,248.13558321078523,85.39857538199412,196.79474021662787,3389
104.99790286596787,268.00610283068363,66.4267558298103,146.4131187797656,2612
184.36496640518237,289.72826721355216,55.12740629623233,164.13244410671575,1377
198.1192529164116,213.61741423615712,63.24262000912402,137.30621468584388,1410
179.31428739967396,225.03730507069776,56.55142529061495,163.6326226019728,4598
185.3784921704667,254.27012472566452,64.73661378883457,172.00989956256876,1382
124.19771303170454,279.90103713523587,63.091078279039955,162.46555252885503,4536
196.06269755131996,203.62548954415274,81.88557119433568,151.45629412161978,4464
119.69257044534284,298.40181501963605,97.72480142273898,130.01107976252328,3884
195.14298103618324,245.49066028823972,84.28718661652418,164.38456761362232,1570
199.4819293965951,235.92311406217232,96.33247040322848,190.84288952613628,2174
171.17228057460488,229.2724437839772,89.20661293042217,100.69125911696673,2643
198.1143731791822,217.43567076508717,86.39388110355867,113.39290274296904,3416
156.95397795671036,279.1573908930028,70.70309701066708,111.97731584998557,2130
125.95417831760903,295.54141647460966,66.23972514316843,192.3205302892854,2162
143.69958856656208,241.3644754845398,92.31386862364596,166.2747688962615,1279
159.3560935378786,295.2420694753456,95.26966164645026,195.17881064701504,3119
107.3081562027015,282.37976154350343,72.5941246825466,158.28132732124283,3670
162.2343264617246,248.10511274763184,50.45315490933222,146.17328971592536,3552
198.11778367622946,267.40261791261327,89.62655294532352,179.23429118143625,2761
119.01076497837276,243.4984179170463,64.25344202361458,116.09422674752246,3997
179.2595116288383,255.87234082125525,50.49439325084604,138.13381163173213,3153
190.78987937796194,205.80463370185038,90.2494279488061,146.62742405342237,4572
194.3701592820221,269.6263475300533,75.8707094408449,129.84583945121182,3206
196.01356044054472,205.28246444841366,84.26053731692346,137.12856124084783,2173
152.1459638721472,281.7084946919649,95.73449105722388,107.81051869244183,1013
197.73079079915038,282.49469294605575,77.05869150690526,119.7983589449558,3052
175.73102071344388,223.70772875562147,75.1597036289483,133.54967203309283,4066
116.16714362369619,232.36627810358004,64.53310606741317,179.58904332331343,4710
147.690010646797,248.13103785582933,65.25969172199763,118.24973548428639,2296
171.8331175372004,259.66629069324813,89.82710330148228,134.66403739842247,4409
124.73403158190834,228.73536617419967,72.45146227929685,106.49202881969352,3258
164.06151835488873,259.2486404631925,58.17631043040602,155.7104344826606,3374
166.66004790466192,229.77870732292988,54.72643820002478,161.12508881409278,1857
116.26997438085658,205.54907210710607,73.64600584308897,186.5516463462167,4800
156.50853124527563,200.2527549831909,73.24775118088652,181.9115998501964,1465
177.16269109786077,210.11510579184286,82.6729139102698,128.53779546838805,2963
149.8895664535942,279.2250700164018,73.55337388725704,113.69536891898598,4150
101.21031167761075,296.1431312383337,57.17378520671073,115.60831822104038,4676
100.90384690792922,242.69661992812192,75.39014423992568,196.89639430404446,2773
135.70293439700123,251.26839534499427,95.33947019430126,167.32258140073574,1745
192.61940684317818,214.68481690734262,57.97207058101062,104.25707878032394,3224
122.86767796036088,255.1031352680157,84.48773204888745,113.67792550450946,2790
163.43636888716873,214.46549020069767,79.69296324827633,148.5800065100956,2856
122.20758706933205,261.121433119883,87.42928633559013,120.78288042931197,1131
132.16699896595486,293.3258667580854,57.530013671379635,180.3658985000019,1776
184.8042089601484,219.56985393030396,97.08026684529972,157.32171175693648,4363
172.8861442269947,276.4563718057102,81.04832138835793,161.26322077892985,4762
109.53992773132106,202.3502422818324,92.35355688455684,146.28255480492118,4449
142.87020209864335,237.5497241321621,62.33033818401178,125.60627754263155,3463
102.91697636452645,211.07485078305092,86.97064446989808,158.94036132025465,1343
148.0890146603009,235.24754415956994,89.05153521669595,171.69700461607317,4448
166.2434011701068,217.35369196388837,69.87176361935379,137.0948077630167,3532
111.85026235981516,237.33049901228873,69.1976726441711,150.49436306178353,4217
128.88849389091658,241.75228061075302,82.88981325128746,183.96839704720333,4726
139.7836625502157,230.05911227809185,54.6703840880108,114.86817618224603,2555
191.95310246560496,265.6621949473129,86.78120751087545,154.52244192741003,2593
199.32550154229642,291.88520512589093,52.144337991970545,134.84126618292282,4367
104.49112989956159,240.05953741052724,59.5295150560413,170.27947582172305,1577
176.1007923495392,219.23431564750214,83.20718786206837,101.88102431623946,1344
137.17240664023433,227.07227581959833,54.91618335459819,167.04732998031886,2420
139.245818622948,285.40008234963693,98.59210457383949,110.28977340161875,3522
175.42649733470228,257.1639723270148,93.41981047309503,106.4767752993658,1524
191.84264321454089,245.50110323069572,81.31511662033682,172.4623300958613,2597
195.09285945025482,214.96367215089268,90.95287278346748,164.03421529040736,2947
157.71225860383208,244.9727308323782,94.37900242947839,189.49359308926586,1045
135.7121159300503,227.84920033573866,62.97378247859092,151.9654955800645,2934
178.75490858587793,294.3163127853349,92.47057939746597,153.0024425527167,2628
125.10013832623002,288.40701094157316,59.73968918188009,170.70178355765506,1980
156.40740288335178,208.3902541828198,70.66711320744076,132.3397576353251,2451
135.85784615248733,251.6653489261243,77.91298156242996,103.69124554219326,4294
165.6631073707876,222.50583455146722,85.69454815370162,123.00458257190579,3070
124.03989128935069,241.07770895242908,51.507065886126405,123.80134118963666,2892
119.15929457348258,287.68479982514566,64.52547063890945,133.56588502781938,3114
191.82390866754372,252.75145198885448,80.42595491051952,194.3462733040463,1625
110.1803682949537,233.42152933707598,67.86843395745593,180.4842798663148,4554
150.59579077349315,220.7888354104997,88.75125278147468,193.5956245205192,3253
122.08527829630088,280.03248594064894,82.58260805753581,199.86095901130005,4649
103.89299633256674,262.4518015364347,61.72007268618679,143.37790040870445,4633
103.60188182914264,246.80654604262313,57.296448979616656,122.70733166803046,4724
117.52217721058273,221.7484353862978,81.45234967935252,156.0004161255249,1257
186.67703545060004,233.42463741571314,72.52336638523789,188.11344139481187,3010
128.24787439770267,295.98434267385187,58.44785205506593,146.57318610145782,3593
195.04591705752958,252.00899376058345,66.31871026591887,150.53993025722536,3855
158.16222929891936,240.0699281243253,65.15233741592932,113.44391059278267,1252
143.6614189768766,252.14220423483238,55.40659861696876,142.0455492567761,2604
158.00888346694546,277.8988505899609,77.3454509632614,138.6994809808578,2212
151.66983852262678,234.01089365028687,88.18243169562771,135.16885028654497,3200
175.87762537573252,217.8706120932609,78.77334444264935,188.72986699242,2738
128.24960659728524,258.49361183390477,91.31456824686762,105.93014332123329,3124
135.30503916003025,266.52041034810674,56.37842736077157,197.2147182897347,3750
189.40943025332507,271.271800295855,71.7805928911112,100.8246825273136,3587
194.64565131504054,288.198759076613,80.47075518290495,194.5594013949809,1724
189.25582274864746,237.1174120689113,83.80007804709537,154.80475028385436,3416
141.94479939573137,207.53548962288917,84.78931532117136,170.24452444001156,1567
178.03655030068816,295.8348583630942,86.44827135489405,118.71328496951233,3671
147.63357333010987,243.5011927437475,82.57149060980083,165.42115390166072,2778
149.75398521461022,262.3257509673131,54.711404447043385,188.19576685277326,2177
120.46801090572839,266.63053231282925,84.76528388011482,113.94801398336516,3202
159.11303032585164,254.65137087012036,86.23913283871937,112.708161227329,3841
118.61358977533479,220.52575297362702,99.67399671668136,130.39779091494728,1270
133.1564699067194,275.51430501161417,84.6681218350563,116.17258924753982,1561
185.5030201619935,280.37519743040815,84.34151978757745,111.0645848093347,2532
120.70758092108552,255.297558601744,75.7406645090986,167.83190359852918,2413
107.11582851734329,248.85611605848416,93.3961454292557,121.38266139124909,4139
106.90075926128164,211.39381831279854,99.84173809805792,166.70148994019863,3179
194.07845205031077,208.3951661499784,88.95224350987161,186.19292271158162,2693
150.69204379618347,233.95648455635288,80.62501889289042,165.20247914130005,1844
140.94120718170183,231.08461555173932,53.94774134657841,111.93670699154009,3312
181.08785810079183,295.3656450963271,86.33695658648138,157.35775740474452,4753
183.58259279105158,278.362274244343,85.42807842909752,139.3628684211551,4853
133.21910331156045,265.992429525906,88.77840739047159,134.33709367224947,1219
169.36180574737952,251.7648089017605,56.227769419974464,131.8531468629832,4623
177.11228158518867,216.73675307266512,82.68662500630717,192.94322238196455,1898
165.46506868659546,297.8456672184284,64.78619524758373,174.25074566777278,3984
115.15950748000994,237.504069824021,88.01356217014168,113.3848789580295,4036
187.5883083517057,210.6925602447245,62.01869770157331,147.60054797324636,3336
153.90945527360088,249.3798895715746,84.19893384102053,131.82230752539195,2102
128.24724263700037,287.39980116130835,64.74964734919898,197.79383125459583,1750
142.5228185437694,288.72910017773296,50.449714640871555,197.80289729531694,4643
103.75710903989074,201.09659160564473,81.66789559865478,131.9534474333035,3367
112.78668012224176,288.62957447514,55.66345415794612,135.21131161454548,1317
176.5546750515861,227.14842174998586,82.9645736394107,159.94142071365457,3534
100.00116347553661,203.89723639684232,96.28047241784688,147.93070143275003,4918
141.65658284822922,284.7790270362874,98.46229671055451,121.31008721584413,2414
152.25101810855884,286.38667559882083,61.79615436638063,166.04121669886115,2772
105.46344200009723,259.623107984235,90.46266138253274,133.41286438752385,1587
197.30781629723327,257.4433757296358,67.67766384362201,165.37164983321676,2841
122.6125331249672,281.31202726214195,95.02285363739912,138.36815223277998,3086
130.41987196362808,278.630955271028,89.37447843146869,170.02098938562716,4270
130.39425122550273,289.01054734427044,53.69608583228818,166.77994708896506,3990
123.04166621173499,255.27474475967034,70.35684969386386,150.88127559210008,1104
100.14738220863114,296.76470927328086,66.8658913004837,170.47399907108309,2605
172.93447940879963,299.61468309333384,89.25905103616385,146.0965676232015,4865
196.68454997992853,211.65446099986326,70.51428553265795,111.61382996501229,1506
122.4293483285045,284.9543759554122,84.22941988265418,118.21062533373546,1569
166.30471918034226,249.9822257748589,80.12176277952202,124.59931341656129,1328
174.18963269587152,238.7566338299832,98.78193595488169,106.32289282256966,2714
184.84253790905245,261.3072309882715,96.88924784008074,171.13812206306702,1983
142.26291970136091,205.5965557262007,71.38497573693593,136.73902268316183,3355
130.29309056404293,250.646111876708,86.17891058205747,109.35232963269974,1221
132.5295134023031,287.08905700266666,91.47300469906108,181.995812072558,3703
171.26213330985127,221.3461516138969,94.94428769310727,168.3654284463575,4887
181.6779466505636,242.63898947694253,53.406713188824185,145.22242371277008,4098
118.16139677566026,293.94808877148756,65.10393996367483,124.74253350927341,3720
137.09410081577653,242.85638378056973,66.0115020484261,115.17458937928467,1150
190.194019674915,235.83676323323982,71.72229756099392,145.8374191755062,3220
180.66935196947392,244.05366481233781,58.46323753577095,188.52457430105625,3770
198.4858402762476,251.94527665175565,74.81029399750041,118.83953232719699,4939
175.42482596820807,263.1991344131469,83.1607163649228,156.86592289914879,1978
139.31952010279224,280.06928009167314,74.86819601083589,196.16859952222558,4093
159.06378339946377,245.21022057643142,83.28965475988079,163.71165747646128,3857
166.10142542473204,281.74809350901404,53.32208159089502,143.99647301558684,3924
107.84558163171239,253.37206613520806,93.7993665853705,171.63729729389084,2568
154.4496959103865,233.84805103679776,96.95345960505342,182.45779190187065,1620
170.93208284726097,265.7950828119414,80.89537120593243,159.0516297886842,4465
116.73213040010603,271.77222547434917,94.06954993184485,187.18323589929926,3094
178.0631717425557,255.80489756294875,56.57230083241062,151.45917593757378,2631
158.37727805141117,205.66149731347235,89.87244600381551,183.00290022062566,2148
195.22217856975948,216.9882875160825,55.9574096736297,195.2019240405695,4406
104.24222982068918,228.52977208902283,70.40051157487683,150.12434670235172,2318
126.53261375554669,228.2625605951493,66.19092672791375,160.50017155853251,3937
160.1553879299824,267.34208002468705,79.27959126102272,160.9467542949835,2837
129.65599122059308,201.83486616736326,65.07572676197668,178.14348635982907,1839
171.44241640712423,275.568177704952,81.86568148335664,182.29658401774228,2842
175.9005282521931,226.53424748069332,68.3693644575979,102.72293162060608,2560
110.25159640664745,231.00218462161024,93.03951905152323,173.33595640903877,2617
151.38544642067677,252.79098279439242,81.69419201098057,178.38152446302377,4982
150.8890555591056,221.59256009389574,60.7649148660723,170.0429439458237,3617
136.92807702155412,288.44713135755273,66.80647110140436,171.36956593230963,2978
193.2924862569672,208.53687793265652,92.37104438133278,104.14028591842694,3585
182.75063198732212,244.4382362301065,69.32398749937292,144.20386619489062,2320
169.7209381909637,284.942226945489,76.78995327828225,181.81796497217408,1043
171.43266357349975,261.58438944212355,82.44709679761664,193.40071412951036,1596
146.1716143813119,229.23295158426333,67.39048247929584,122.94679205719348,1021
192.0994521096576,242.07602077764608,64.69893153790342,157.9194940352795,4949
169.45954272532853,270.66943803425147,73.76274513040143,180.4330239550584,1225
172.89810616558162,297.3260743363899,60.74404860463946,175.24076428591857,1548
186.16909037873452,289.31387183794334,64.21052934595318,161.88901169800792,1373
127.4071589342191,234.2432808382377,53.10392420160181,101.86911882620002,3660
180.7070903866703,299.8197879287858,65.19851379855027,172.38858401115658,3701
119.5240602956492,200.35046635310582,66.03520466817847,177.3242503278815,2027
134.53419522448877,202.7629755808415,98.09165831456599,172.28495066256352,3071
133.56104542698426,282.38405151711936,79.486441273294,176.58091614899567,2985
197.85254683891407,219.9462686833052,89.36912127079029,143.09148926788603,2726
185.65372237479266,206.0769268396241,52.26886263901612,199.3752145925391,1832
170.11698615902597,223.71480732365023,55.3268346804186,177.0786915872659,4393
172.70567616153903,242.61001539808603,90.72684804312962,157.86800052799856,2804
156.2072794402571,273.0566270433405,81.17747747088178,193.4191269746624,3586
194.7090667108519,262.43355265512054,59.549101527010144,190.81983394580183,1371
149.62587528823616,223.76212175604203,70.2397702930869,181.45670653342648,2616
138.05177098698945,250.32704481005845,76.93362499908113,156.36949189837662,4704
116.3035336931591,292.62141053985687,92.18049145687209,152.71010191467136,2388
178.62056522610578,281.50077769837577,53.02059958472471,132.8707931974521,1912
173.44439320755913,232.31897848317934,79.83611446836812,125.08779791039484,2092
138.4355038524135,298.2264561355696,85.8517960793342,151.23595169750865,4543
102.51934139592294,270.8620400435131,98.89459289552298,157.77817617119737,4576
183.89973277180107,206.24493556667818,90.35800391460921,124.45264314588457,2336
101.14179834540737,203.51607132886386,63.81136567826367,192.26012436534788,2095
170.3699779629051,216.840794901003,85.47895969391325,155.72739967343185,2269
197.0257109726057,272.78558680501465,88.16389424634886,152.65053253821466,1757
143.76613281482034,218.37389258424278,86.48677499591976,143.56383883661402,2788
123.49734049959528,251.14867692088336,91.0072033975935,105.80712957168605,4947
170.48710100433817,209.32601201808316,95.18649881068188,188.24013344598492,2096
181.7128142015585,292.0886157830195,54.921493449467015,131.69942264430298,3833
154.64303160778474,234.39606135835675,55.23819288405594,164.24603344682944,4599
196.70352752561462,290.8132056560631,89.8199994385323,160.74335589700354,4762
105.16687216579611,294.48756419105445,62.618623826073545,158.4486825384527,2887
150.4795598304528,200.6128647313681,52.9270710975039,152.5712202011584,4061
171.845394732255,246.4135187198732,70.06145904903029,118.14398334313282,3087
186.2640471149179,202.4656055706893,90.99384559130391,128.06057410479656,4110
117.925561190779,290.8692766302906,56.32825119069902,152.41880712703,4127
180.00034817636814,251.8407544734576,83.59209859022337,178.93424515969258,3932
155.27070757185453,207.49440126984967,50.18079308857838,143.19889706504188,3792
139.6553681989963,211.0276728276567,55.4868723606225,120.39225530461309,1565
113.17150285790936,238.35090244927392,67.54251728842434,108.7944424805426,4243
186.52957589089124,294.02341928728896,54.1801140512207,166.30110034940242,1301
115.72732081797153,269.29091515680807,92.29508337185564,142.33399706211645,4999
130.97878592090993,286.76188661891325,93.20352515727345,112.53708926226419,4561
129.00455319624368,236.64566463399797,87.77853515497621,167.4466879986984,4503
187.14140341908544,204.32136995499982,62.123981569780874,120.75787308543732,2724
167.27029942088978,297.4317637204414,76.16235376199899,150.90160483036772,4009
179.66813971913723,201.71729906623696,59.20942627616857,130.61879750768605,1933
125.0467898792499,294.7651653081089,64.06392250365553,193.16900644340004,1554
162.4874099606999,236.86774238491446,75.80026460868956,122.82880662711656,1003
157.17459831437486,201.00904050218816,86.75069042303988,141.99185215420283,2284
183.2830376788271,268.91572317245084,54.73271901968196,195.94935968280058,1880
190.60870604812607,298.0540304031354,64.8348348814043,131.87251799383154,4641
101.21567714773867,296.56257228375927,96.33106742859611,164.45931630110002,4620
167.40199190587927,216.09370112024183,71.45616588909441,131.67270437063252,1409
105.1835799119729,218.1247806066155,96.94348369546572,111.0674979117249,2770
154.88586650773559,256.55389146196603,99.57002707760678,162.75472326842927,3312
128.76327290436782,263.73048264283244,76.3329913055708,191.60315352853405,3062
130.67765995221413,273.9417913665866,64.40220048924253,145.25646672340918,1087
135.29585034523566,218.10503604721475,89.53884042862896,162.6176542692467,3007
162.129244904961,295.90070867644346,57.965536776250744,160.8898413256623,1098
133.40499656687692,263.87392562892376,62.60234298360353,141.50897026278759,2007
173.26990505902802,284.7046918870555,89.24399547496411,161.48966387647306,2640
140.45273855738697,254.00657152841717,71.6822962366015,125.93180844189722,1216
106.83532003099586,241.42768475898825,60.07689684938334,137.8037904603052,3457
178.37598424841073,297.7182906594996,82.55628724761623,144.2318856362375,1190
128.5758324592706,258.2121370819836,86.63809306908414,186.40086835624805,2238
143.27668795992628,286.6873582799179,56.25356197252845,134.8332894833255,2733
168.54438832219017,295.329239636629,63.84901299874671,163.51370481158264,1616
133.2456157148712,267.53546270086593,61.06383776861166,121.34038374188987,4098
105.65856561467156,254.8938678518675,68.9927314381226,125.25697290539267,2205
137.39210470128137,200.35108509106507,88.17224477880322,164.84288754599777,3642
194.44485826943034,204.0019640739006,85.68540511371621,176.23099273666037,4230
164.17343972985583,220.08512160511162,83.12619551918519,146.21171765262815,3277
167.1479148667207,218.60084318559953,50.31427729342956,133.50996967777667,4306
163.22821536376398,225.47587951998455,57.10716566901947,191.02715559322723,3847
119.89921389594367,230.4934637697661,61.16487745510334,113.58078150490427,4457
141.833386410228,236.00654935507282,63.59779230194248,172.0714237649347,1529
175.0939798363318,242.05376900688765,57.321327082445,169.01707497471028,4355
110.13728975531592,209.88663384560147,70.51577757369448,169.0245162727794,1070
127.78527760897123,204.2361931952782,53.759029250701296,193.54204444235245,4575
127.63191084658536,267.39444490730233,87.50110951938905,172.81903009807922,2238
143.2018927594506,253.73348248430779,89.38603936480524,130.15651894095842,3164
198.0368740942185,244.41442022201196,78.7133344800449,135.34092242323092,1099
106.7502546683822,263.44399411683526,54.48524385209839,139.11109731998943,1599
151.8700994380595,282.76794072035403,94.50415847733791,103.08086740981061,1859
117.93646820122105,242.76929091162046,98.28179143540572,191.35103154082572,2688
197.06765454097442,264.1119465051979,60.118178016089466,107.35526038648038,3342
111.33035047274642,295.3572223835159,85.23199097203599,169.97942820974717,4248
140.36010023615913,283.9624495861561,92.09693153212429,173.01610048433116,4203
173.78849848346061,242.60008105024093,76.99217612713511,184.37150506305397,2004
170.45544280274453,264.4716837814743,66.16615497633745,155.33622555955225,4891
142.27286368939323,217.70709219159397,73.92793575401762,172.5264423856537,3681
134.65241679527182,256.05221848950896,75.6134375392226,130.27229244659512,2746
139.76123785528705,298.1328291138443,70.03185220940139,174.558401091279,4651
126.42762631586393,251.83151152025223,96.49212468168531,134.34157372618859,3104
120.53329387067998,292.7638299190147,87.19415554712509,190.28384784266962,4084
148.303969755889,240.73349205032608,62.0650821127482,116.33818077663828,3240
126.85337560676074,299.8844827184631,79.27785936599342,131.57573106739534,4646
128.746166489725,257.9220035227558,84.43445754655838,149.87694515551306,1993
165.6756063474557,204.22689942359347,57.007821085106514,177.58505571480978,4910
196.85373316998923,258.6754796691388,67.92128711900745,174.8799105103032,4581
160.3637200559375,227.45726956795966,95.2774140801958,121.07168743245035,2176
107.69794670649662,203.24813220358948,78.35865500926008,114.42356966117964,2046
107.5583613854067,282.0853304694663,60.84988730301584,130.39696042940983,1029
195.1423220845566,227.5729636980756,56.13923990595754,148.37541516759026,4440
129.72907903073337,279.6548554046499,75.91134467374388,153.90050448257506,2724
109.20669860824754,228.8217582955867,77.3842861514572,142.91375909552792,4462
159.90445871503815,219.43263538737742,66.72072256773062,166.3090116648007,3357
162.36487782902663,297.3935574104427,81.52080142095592,142.75589435972375,2644
164.85048201186882,236.16453277550195,53.43423431096944,194.63290099387945,4472
126.74020278575412,260.13762114431603,57.25698466330703,126.0968847981536,2376
101.5110684214475,260.9981492814471,77.31369105056297,162.73721206700947,1571
196.50153694544719,256.0473482173502,53.0907846922227,161.13779386601317,1065
125.08930456911025,291.46957435212147,94.04543824955503,128.1574721882284,3213
167.60262880525477,267.44410713668685,57.10731852282584,141.16876245140273,2515
170.66298698787097,240.37330041049302,83.69599370422682,136.5473619439971,4724
161.00074170794858,286.2380384524274,69.56017208572126,117.24990600204893,1563
131.29073942136483,218.10628991159643,69.98938737711242,147.7295212631544,1179
127.10962537640657,254.42367576104175,88.2444764305572,138.66622530218416,3591
159.7668282702703,295.05503719437564,74.9731067086457,117.83173600671594,1725
186.60956336116914,262.5397629880413,86.28277318219332,144.98800454177615,1776
194.67337289233956,281.6968450474876,75.25956143763847,142.18439682587393,2040
110.59058044037576,265.3560725545193,79.64526707026317,113.13656776594597,3173
115.48286125977198,283.937086353789,88.03573139348322,113.11875419180109,1081
194.47362587830798,294.44878798452436,80.36543714606377,164.75073798456975,4111
173.65352283347926,227.2921727532737,80.78075546943943,170.65808047171038,2639
188.2993824829773,216.9661081256719,89.46097957137972,194.11804199089048,4290
120.26326341353432,248.399075033254,97.45434079096867,108.70046904610999,4018
158.7585871109402,270.1862426824216,68.83580769676684,111.78614923782536,2205
170.11395944174737,222.71912531822161,78.85585786129757,105.1818128467911,4967
168.01118854469726,200.4101450430167,54.31365788667728,153.222843075693,3485
140.8151690866698,234.29351158367052,67.94019402844334,162.27466142952267,4739
101.53948916913085,296.88593354677886,70.6024612944693,140.35234519321577,1967
158.2926056804263,269.49674606058466,91.76186584120255,179.79022209611327,2713
125.31015391796087,240.1325443941224,75.66962010628384,168.66994360038,3577
145.02542461428902,219.25760973468402,86.5533186649229,198.584042094686,2676
195.75810150838174,235.6089673754747,50.95037000128357,113.78949832996787,2184
139.90353176424347,216.9839433301248,73.22463348141578,105.83156643425013,2934
183.98016066644266,210.63058213129514,95.06588325817921,127.48037055693878,4797
118.85406057492511,290.6742372572554,61.21569546528926,101.9050195316844,3046
167.24604980250288,299.7650338375473,51.57610926535565,193.26114278665125,3981
197.70069544389435,216.41144395957903,71.67043668567382,130.39516586881754,3781
110.18931008729368,205.45225588782796,85.22159103237976,155.2430166971459,4845
100.8319942227192,232.97311071462124,72.72317534207347,131.8069632878742,1556
143.35827926326144,246.16591807614154,72.9989156755633,124.58086219888234,2210
109.26254830513672,220.48212470758546,83.49025206191598,115.236472397488,4425
174.83843496762313,230.14249117985585,62.71944041415245,132.03659203291357,4446
191.4548663848559,220.08707356916577,87.59448958209887,161.54189304079745,2490
143.40209727087588,277.42605684324514,57.655676545286674,197.1621199687528,3288
125.8711642155441,271.2577943247261,69.78753026429939,155.80920403671496,2760
143.44033190066096,263.4951515760982,82.8004054235459,153.27090660990052,3381
172.3447817850001,238.72178570792047,91.41845036150988,103.52630181051468,1047
100.9054161580371,290.90409413142356,89.57655355825275,184.00990156676926,4182
158.94539894846972,296.95325415350203,86.0842799653849,104.48413749975732,4666
161.3291684887379,217.3639312625412,67.95481917681956,190.6232274103479,4175
163.76882468959354,222.3012641411878,56.115215814686195,153.86717253567178,1462
124.20220799808772,252.56310280003697,60.84171088464953,116.84666052340354,2097
171.40527233781268,209.12505692822452,93.24169072882425,145.17073920064587,4638
109.13914863317764,243.6448398823113,92.86656850663297,199.49844806831982,3364
119.92703364668009,258.17912647777104,97.57804262695079,130.5082852044093,3049
187.74700466544817,252.2073571137333,53.79943259477708,126.94597685485786,4825
173.87231507265665,233.0908583078026,76.8404542638728,111.8005895042506,3419
101.37455540113453,254.24458060772068,82.43415224521168,159.71423487908388,2793
124.83762603698003,295.88009542588475,85.53286885334283,108.9226999013963,4540
121.44064829931645,220.6017404291376,82.19316175052151,176.60080638040773,2867
127.08063280369726,265.48313583940035,88.50056949511409,191.9223514330558,2033
124.75597702798865,204.3396694156052,67.97357881446707,193.18711112154995,1587
106.25262957428457,206.6416404481435,58.97163860677411,110.79162528774378,1422
145.89405165968202,255.1828224223585,60.22916860752193,155.82625973529687,4329
173.27334747861653,210.49391803279494,50.598934473508216,109.71098549021666,2656
160.67317247174364,202.23467884268572,67.51609360531111,157.2016141484297,3880
167.287166859808,217.15129976480222,54.58720254399886,181.49805852095812,4009
108.11491785362392,256.48491709995744,66.07443463950955,153.77901623032847,3774
195.14907101767872,270.33409545189323,81.41050385831238,187.2053826106681,1475
183.84918338430248,220.247856414138,94.72390277934099,180.16743548493776,1244
180.50903184956627,266.82594372081746,91.98027254952582,127.65483499399284,4408
182.29838050417675,218.24763310992293,62.633710597878846,163.01022828824415,3739
193.27105081327613,261.3457426631257,56.70415710990235,100.74121264761314,1487
154.42539661136976,241.19596798957988,59.65361368983656,139.60419159248644,3900
120.0282017867626,265.37995093336167,98.54933259518035,123.79601677842952,2835
161.6783607852541,299.5052752479247,77.47372398427454,193.7116345943486,2825
174.2881493667939,293.7816965232562,59.125111150028744,140.538901172316,2096
173.79173933540255,200.42817578361036,92.03730773434076,165.40644284224805,4792
152.144902416688,288.54387643623056,69.75956221562774,173.19816092736073,1752
106.84587193335781,206.64907951747665,94.96110759873636,177.32125386815073,2897
137.1112938430128,295.3046586159845,63.033856341724324,173.57751920175286,4756
192.07666084633573,228.18256790996847,69.66108794021181,128.91650609877348,1927
158.4448909757426,238.2034830411271,75.24738813950422,168.6067696729222,2028
153.83319432557136,209.1638205175728,94.63076670445159,154.90094822622834,2485
126.88535143821935,211.22727583289097,93.43787158025279,159.7372664797519,2389
136.8448919916579,272.67405652293195,78.71775351519389,100.08146173087549,4566
189.53460891531694,294.4332235748292,61.08877548904454,125.82576009528566,3264
166.6463047526836,261.07484949543095,70.16784858689375,193.06836967156556,2237
178.7387026752333,271.5850015526811,98.78165326827528,129.00760833057257,1958
145.4345423067655,276.19697445971536,80.3886611938701,143.80155222496427,2348
163.0247219456158,226.28142745529416,89.05488775620984,118.6673982195741,3357
124.83836087432076,204.52296309202148,72.49323476807098,113.86025519036897,3085
170.54608302834862,200.18727439191684,76.60036377334032,120.86689686387051,1904
142.76013337033373,235.06492829540187,71.4477056116272,155.3647328866973,2084
144.25455148147455,224.1464228199216,85.1460499030984,191.90286513901083,2118
164.93223245768817,206.23177250491855,92.57355069434388,132.619917989619,3280
193.62806214689266,217.9528292493667,75.36817716122818,132.3407952207971,2812
106.4006346608621,212.4498898267948,74.04337293181129,156.41405868868682,2571
182.47432373470076,291.487838061737,67.01432335491984,135.67427176931352,1512
129.2383110412193,214.02672134591688,58.85483471470419,191.0416047983988,3197
144.3919454506378,253.76484639876793,96.96238614375544,137.78480426422618,4542
102.1913328775009,259.31059551121643,65.80398593397526,149.0442252519467,3262
130.1046077834313,254.3489457708634,90.03457317871428,153.3389283970411,3446
150.26312426301305,209.9056434215988,85.76735106437371,178.20677951304714,2581
105.6176077347439,231.87983617505512,89.54588001390646,156.39059394148836,2600
149.10957293831652,205.12703324631534,96.83840666860512,123.9155100147324,4077
192.71106288584275,239.5669914096316,81.16853801104486,112.39872066263673,2959
110.53932181078052,218.8598931271592,94.89751716910223,193.77745466889638,4152
176.44407280755044,256.163253328438,58.38486614561468,180.15629946391073,3236
140.96710533759926,269.28083938491005,81.33562879783938,102.29652102889158,2686
165.5173714524338,253.21198602047065,88.61378064573063,182.15289843235476,1659
126.02365979852294,243.42366966113957,63.5820565372087,159.05977939047688,1027
115.94922625413582,238.73334208566925,87.03769006459825,151.88942350349433,3724
116.04626142712264,284.1691768097004,88.92384145581184,101.22291790235589,3001
107.04919456431446,221.936806506527,91.55939780082224,178.08640563844153,1134
118.5646704901243,273.4218339528869,65.64414562979664,119.806501424125,2789
166.42193849889682,275.7482324740119,84.08032950841546,172.7981213194079,1304
188.16906118435082,241.92000072707344,65.21266417048811,101.58682473658173,3542
181.41256855911618,229.73005992256392,86.95201937492277,179.63536496661862,1723
168.51343098744843,247.05414860459751,73.14868325728561,102.30394683550405,4351
111.04318634111027,209.32139258926986,79.87721872636101,123.58929040725191,4151
128.91874462959498,204.593003222909,70.79199907152844,126.82782125127135,4852
130.9806875322469,211.16031994518917,58.09914634649122,115.75086381069264,3907
124.99569463976212,218.71450314622263,58.90147648026819,148.1058196195369,3438
151.5005659709723,250.41768203380428,53.87844536310673,128.36879596167088,4086
153.55538148796725,284.9136636161122,80.9036339860831,199.32879757272565,3646
135.68859751711102,223.5642331999687,92.43191989765296,157.99687933654388,3966
135.3789158736436,293.51620107467784,51.041841313104044,156.64778250542406,1891
182.85555979060814,295.49079089350033,53.31197510441768,122.08696301064552,3270
178.92928483196857,295.89046048452053,72.87334961514551,140.86894387149113,4908
130.77958316807457,283.75627346763235,86.88603680840947,112.397799436,4674
191.37884438732593,236.38250407977205,57.88538223559757,176.2529252250386,3027
195.2815017002506,207.2683911002623,63.582565977459694,133.1159246153477,1827
132.67425420300407,256.8818731766495,61.60031006409036,175.19658333932102,3313
135.44249487930549,255.86814439372338,69.9525609335577,137.16959999294755,4890
150.56341534219587,284.99757671095955,61.249933850878556,198.87572401148455,2343
194.11208125336736,299.59910509461054,67.62993392723766,117.11216222546219,4177
187.63194331423114,250.81573065601475,86.4271299330972,100.15238938833313,3300
110.25679625835897,234.52040310397842,80.55046242270946,159.48255413783858,1198
139.27307432714161,218.5901711556267,54.05908526958464,195.29532000878382,4127
155.3371189749772,200.47998248173707,81.88728331228589,164.70540549059794,3975
150.313247255154,250.91136924888792,73.85385857796066,108.5723522748181,1406
119.38630679368927,255.55186667025959,96.72827873535694,154.04803824662253,2461
185.88167711681547,282.49384798173975,64.46521585520266,190.94869361377272,2774
167.69407829968372,250.45769678928005,86.308320984958,100.65060678800127,2480
183.79083748518036,291.6468348666057,86.5430411522285,116.69122128377988,2500
185.87642793494723,262.80834765714354,61.07503905045937,181.45615561026165,2370
174.83558536657398,284.0336238221083,95.1611812485468,189.3907106577483,1485
143.92106012497175,214.8301734807747,74.55916002148015,170.7160620868271,3900
161.05467550154245,285.53361303023144,83.94416834446511,199.15601636398208,1362
116.03654061197432,267.51438544438486,57.29277794417523,109.02159295865692,4801
167.36454174749076,217.02330324383306,62.89019584959846,154.56765158365602,1211
117.92532557392808,218.97635581460108,79.30535589686114,168.49947226475862,1700
169.3949590510157,292.65006190442216,65.95136341866747,170.26447203690878,4918
122.95981607539687,203.22153604503728,74.98464592854867,179.34846153441828,3924
111.75513001502199,246.2534943295706,68.70025996866445,191.7626045099383,3661
116.52844901429575,231.34752899341015,82.0276898322024,136.16414456171145,1915
100.19921352190703,266.5077439998428,74.35726813904044,104.29633928076359,2460
171.873961785353,283.9629387568992,50.23049679865841,136.24419144809582,1142
173.2401049058379,236.03781215565695,82.48404189726921,167.1614763387235,4356
151.49333499132595,242.69020873228374,71.10607785250909,121.34560873336434,2093
116.13628010553836,298.19177845014144,67.08491702451114,180.99729515587103,2871
108.35543375106897,278.39165096792027,54.707337614161176,121.97644577228309,4648
101.9128966437287,289.72041309317916,61.01848452832458,101.00634023801733,1957
116.57481769652208,243.87622206516298,61.18861457904267,150.80807742235794,2733
189.08555349831465,223.40762039841152,96.76847497023645,172.646157140362,2551
124.15368417016818,241.18634653864518,71.62564873732734,134.9655340536834,2333
135.42713272172156,271.60919178315135,52.1032923607585,174.88957995367866,1864
110.53454844813332,210.94304048359794,56.940834112166044,143.84043341210082,2286
122.23613047481703,227.0469105616509,53.9516337866456,117.17146173067354,1059
151.9224570780205,204.66359004615904,79.44346951036056,109.05583937989549,1521
160.77526830956526,243.23477383381316,59.33107457834134,171.05871649073475,1308
124.5352314166211,282.74457359796133,74.9278820140888,138.5714787602878,2543
105.77321592251172,202.46636882980107,68.50310314349878,191.27737679237703,2405
139.10328691273986,267.5323526807166,90.19381885720998,154.025505857395,3388
123.42033709263342,293.24958745137394,66.02448186326811,134.84324182207027,2625
121.9553923229802,223.69278615111824,72.91327411984042,134.8990926989723,2572
195.98628027134552,269.36348407276483,86.06427742989129,113.14378644526491,3001
161.6300485925724,297.51019011002006,71.66756034653197,159.37891535891566,1899
155.6878443172096,296.2278060152463,89.66077680065945,158.21671354103222,2107
141.57751035233218,223.49291930291432,83.08421781183324,179.99936919364933,4305
142.89443334301444,210.03310532120688,70.52645569733579,120.1196962467076,1761
154.0905003838081,214.8282537895916,75.19909628431813,129.07896424758275,1239
169.6429807036107,270.2035668482142,98.36017279210967,109.72379690955817,4175
170.21460961818295,272.57588754532753,83.08057482541962,129.53422022689068,4794
117.16939077054496,267.4236561628199,95.24976129861625,142.81021157544006,1224
150.0112752076627,233.6078387742238,58.93792517355322,196.40284059539837,1278
141.1958095034102,216.9776939758122,74.16180781225759,165.30660028749134,2416
187.05269662693843,258.0761091952253,95.43308349225254,178.28739297791955,2701
163.14189212183766,248.36804457578666,66.13060307207088,132.550988522049,4884
153.25040664159818,272.8834147122303,98.38320990732103,114.45128128080965,3476
111.53946421789173,244.13600786856216,54.85387452368287,125.67199419133298,1401
160.56378893234114,233.86396946864684,95.13355851375184,125.6467690999321,3093
111.72039056802335,229.34785773590144,72.26060610329293,158.31153282934272,3561
133.7206575565752,221.14703200497465,53.68720825705803,134.14711324550288,4247
114.28419648143318,226.57463761866615,93.97607962930437,185.73988643332788,4071
169.2073647024369,209.48304388441014,62.59701062045568,198.8544519236498,4856
120.62521138361527,234.68570109288896,51.11250627476126,134.32984052634484,4701
139.1859373188026,203.65698123629582,56.790355278459614,170.50602736870107,2807
189.56747776187785,218.64138471663267,82.95573709498808,165.74865819203688,2389
120.43163833989703,274.6770444619429,98.89057445690975,119.44624877322815,2196
150.78050639587792,232.54689886766226,55.57310697917584,191.8008594820634,1303
141.9271661166022,266.82370169773435,73.0974024062381,119.94425871884013,3199
101.81240410457298,271.6884175597277,59.03182754737662,173.69571316696988,3398
179.27581135728127,258.11853427321137,87.25182670507961,134.76096422743126,1704
106.90459063145997,295.86977413653983,55.90294498809071,136.70815670089712,1091
147.42550209769536,202.14398666231133,61.99208742404448,145.54490528889602,4232
156.06782949389498,273.8652650588142,59.82029838245357,186.45079780551396,3153
162.8426456614587,295.8786643940408,77.62598901834889,114.02519415112121,3788
168.86316293078755,286.22717293529394,93.65920460003161,105.45695778347539,2126
125.32723835227151,216.78926918050132,75.55451005782092,140.20408189137814,3179
100.99787766584494,232.6820306251732,52.912172638573566,105.55850991420881,3816
172.34436623549118,217.24518398764656,78.16944652984157,168.76008830574403,2312
153.56565993475786,260.13083638147043,89.87604996590048,176.03250750272133,1457
183.61177032072487,271.21879819794924,56.60780986521613,185.4712394753259,1898
182.13883629006943,231.70737693630582,53.63556071722959,174.3842245483597,4172
184.33261677878832,253.95065739842954,59.39038887787845,191.6351393692679,2836
148.509465997954,269.0920570071195,87.30431614108137,174.8301122723222,4092
133.36283958368656,242.13398166110483,79.58402097660007,193.60756398784017,1248
179.155820259137,285.40155304554594,77.02973269808744,119.31107942093632,3239
145.1294113029255,277.1549935287817,62.47399473158842,149.98631328677303,3632
118.34421964034345,206.46655438505707,66.61182976234298,199.39305997049087,4384
185.49740195614743,262.1125299090829,98.2942506471671,168.15781825427155,1167
188.2559876772347,223.53255509597497,62.031261336469285,187.86411179892573,2597
146.63097561401702,255.75182646672752,95.08227116275442,103.03937938328552,3218
107.56997273097875,295.68884426329663,79.02657522288683,187.17578985684372,4704
138.7826089916931,287.906200455225,56.16482331856239,169.77132345720975,2239
180.35376594626035,240.4516403115132,73.3656189077534,117.07554339877106,2532
190.17740285462287,229.15138583443533,97.4274358680438,102.56809564235965,2197
120.34727424975958,223.4405744408259,70.92827990686793,125.99265781256528,2991
106.69736120252715,253.251486975652,93.16932823946811,191.57733589927702,3583
187.73504531328388,211.42484532580562,62.82143473258539,166.81329387002864,1407
138.94049389788754,254.92750081282486,78.54610759001865,191.94691042833244,1500
154.17609642675632,200.1333639490792,92.19260291009869,144.61507824942595,2161
196.80658120507587,232.38496307458448,96.03442205848478,193.6627095235241,1098
106.65647279142229,221.99343138305812,74.29116835756503,146.29598154450056,3883
164.83180074520956,297.1218789960782,81.98440510727146,120.42547244183345,4128
107.41054225748671,272.72423195699787,50.14900653911655,115.13934641844473,3294
137.54689284665005,234.96533804622376,62.66116537566948,199.38118130350443,3731
180.3814545193447,209.28450865306206,63.93560518734729,133.3862661474571,1712
143.34722327556344,251.6800594690624,54.67465058272154,116.00530253175877,4914
199.71823539029504,221.34478813260424,63.98475066784883,100.84084308907522,1106
155.9059284946602,253.64295458983577,66.05610165290696,128.55695665296224,2071
132.11621526359534,283.53623541788926,98.43830197840967,188.9116143602539,3892
122.01113259047531,261.5792552101385,83.43011902804187,153.40093206773017,4994
135.05205342861618,263.3788419545002,71.30025397081721,163.2435051524955,4357
137.25332737595508,254.10302890628114,99.40272303477546,192.23911038905328,1045
106.8713677723961,292.7265632631409,57.66161601173056,151.28399181070293,3443
136.95741994267732,293.1902684420603,73.80255969652423,183.82798458526145,4191
146.4238519739225,251.27232010735523,82.35311035245246,132.38332780763537,4131
172.27377522388048,230.57594871435043,52.779031724203854,197.710186284122,2170
165.67294847216078,245.9587005879444,85.84994290415594,107.88138735124524,3663
170.87656552291543,218.65579121956156,54.99336764609949,172.48295255132646,2603
100.83636818768571,263.63443153180896,57.014115429983846,166.05662867602945,1949
121.7667399580536,250.00923357822333,57.9844756231042,119.16715058508169,4568
166.16842883998567,210.33004778132798,96.4444913327759,138.8843998846536,3721
148.39893681797471,219.76477811196153,84.16177725690838,131.28291167770064,4798
100.5313475668346,247.96319561995267,82.7713750551552,109.44928683324954,2141
180.44946424318223,288.7588990718858,77.77467482324961,158.4788022950841,3284
177.28095732903375,256.6390720631097,64.64029993475515,199.36698455651654,4289
154.84191629935626,268.1535000208471,81.04448522996758,155.95881410533894,4195
106.6463325776272,233.90285497439098,70.50748599443199,154.5259906879362,1628
176.65150495325847,257.1411393044234,57.270807504630746,104.03137073545483,4334
158.3713587731364,244.73798226380674,84.47986451638666,113.92202233636904,4921
178.1959977157959,265.91299126231604,56.47910839649614,151.3219089102261,3217
175.17469923958404,205.05755660790103,59.53342905105866,198.51785641840712,2731
180.3002071957837,249.3300216238959,90.8849655923803,187.6607735461859,3868
151.8008066404625,229.59926251439668,83.0058548062577,134.02091213731674,3439
114.0324518193515,232.6185061277909,81.54955771068212,154.30042542281274,4221
167.11574733796886,296.09174315580617,70.9101392171362,155.27022222541368,4317
162.04737850519706,218.26948127113826,69.81402591196856,168.53606127621833,1500
174.22531871990873,231.1245252578597,84.51313045927006,168.77820412391384,2817
116.98810060507353,250.98925757308717,87.00027693045229,178.97924883859736,4262
119.49751999002892,286.30269481496236,75.51066011821553,102.49710248396823,3221
189.04095172193286,241.66700832063705,98.46346221742631,194.36801906374458,4956
174.99777984520708,274.3865280888171,97.7849779459436,107.00620459892465,1592
190.8228488700323,285.6374098214802,70.62147450063793,147.616011147694,1171
175.87153211639207,231.0016355821849,91.03111271415767,191.95792763590427,1957
159.7155305990302,239.275018353871,77.16339207992077,148.76688292310797,3723
165.41327370278736,235.65562236883562,75.58779437785873,106.36368342331168,1808
188.91279239400097,283.28558086179214,52.74820306893259,122.92400198119392,1622
157.88067545119407,204.43468619536011,78.69873552341551,157.86667553684228,1718
163.23913243283874,230.842108882868,95.02889652815823,108.78616178989691,3385
115.64767160036006,267.940855759513,89.0066924597546,142.36779310172966,2434
147.39212201161027,256.5443499565343,89.3158572349631,132.90932661914047,4141
171.6397111958099,243.62893592936942,57.99645192881696,181.52076278242396,4169
127.09426983163654,253.99482272213845,67.92247235667818,111.01319383354492,3984
120.22541805245349,219.75845858283182,61.66024583251179,168.2798450158786,2540
131.38268082244156,243.07166216080105,65.7957641227818,140.6589070875909,4256
124.15006279928335,250.1702984176349,78.97696717468627,158.77506804723285,4787
121.49126370363959,290.11891219546015,68.23919066851239,120.55317719205448,2436
142.4850842868087,226.08351628039765,78.0348908732133,160.97036847616255,1377
190.7838513883534,286.7828502164933,71.92506241372885,167.39777274161128,4083
150.70596467387182,264.42414008259817,64.33077792248638,107.02315646610778,2432
118.7920380815323,202.0340831067601,54.770171710257934,182.43442675829368,2774
107.6971669380874,272.46313368993935,94.59192286723913,186.12541128882413,1417
169.61561451379254,203.55518775490552,50.56866830023243,106.35540556827947,3378
138.27987644363878,299.7381126813813,50.08262440709856,160.31874880972856,1982
182.18309465853594,287.2636687691198,91.3398869881773,159.4011496972227,3327
165.95107686407704,229.73437475400456,99.84054701628949,101.24584118684433,2138
179.62414505413685,225.74112301967054,86.35514138568281,134.23464139559513,3928
127.19460394184487,238.1441082105609,50.763691903144235,196.89257827137476,2233
169.2358922461058,235.6166965314443,61.33451133342567,155.5450752268743,1446
126.40619846937187,237.2337818385381,98.59113501309807,193.3211802741505,1830
193.90684794502914,231.82765461194805,90.43021260869173,167.5644635877384,2417
163.63742815333745,262.11334068483313,78.33999219023555,102.83905182232765,4716
132.4511800175342,216.4263663720624,61.843035472017945,107.77131980483921,3782
126.95118622922726,284.5981292446013,50.71851029633745,172.21789553674228,4928
119.09265850716434,281.24024840313155,51.04307363187045,155.45677903690193,2204
169.4640958893728,247.64832078552703,80.59904317651133,112.71516645998757,4536
121.87156129979273,285.27299652785473,51.09159381762115,161.40626783536163,4099
159.5303265927489,224.71450700302933,99.68150709626863,181.0287360568196,1192
126.46350269253574,201.7565455703967,59.16919167468691,175.29824301326119,3860
166.19689447938686,261.9207925029823,85.53536809346386,124.6162460032067,4009
181.49397285405394,245.79094069647152,57.75298607062067,125.81949666560439,2279
177.8025243144653,256.7164546295871,77.00467105488573,196.7837805102114,2968
176.08513309307818,289.9339409018403,54.03056442331088,188.74048021527162,4694
118.7722405692252,296.9925573565944,88.33892122666217,131.8337314430872,3471
108.83849469845187,263.4453139755603,79.24605473624149,182.40544896690085,1705
169.89488284873858,276.40555898524383,54.30833467007075,116.17385297325454,2659
136.83472137943514,208.38084334871644,92.42930946000027,119.68411013265644,3138
143.23462264033472,216.07155848915056,77.3509307388351,118.11960538453454,1647
103.1149092793391,273.32048049529766,96.07961550066591,108.77207750135152,1794
125.95764492750492,243.1365456388002,95.83116868390563,185.46781161613552,1740
103.3676403874464,244.59652704044058,96.02538947432912,157.88068982045752,3192
187.91857726012478,230.86076816354367,53.8892600100234,125.89560924939386,3499
124.33966832185305,260.7356383477744,56.04788808772617,184.8655032727594,4499
155.7337169573008,218.51650454162026,99.38529048580989,180.26467593928203,1241
103.89793206611304,262.6916279313896,74.3800410699353,110.09515181277555,2509
166.6847391305658,217.37988571352398,61.910702641457384,164.4139373734972,2054
132.30273457540937,206.38260347097136,88.4832244249329,172.18336015257705,1772
189.79191869576658,233.0357688699061,63.214261060624096,171.58273369859637,2083
188.8118188934036,223.11403420098478,86.36078440093212,172.31427078539377,4672
132.52906183617478,288.8991638556332,91.86428889248805,116.94577856490373,3523
190.0960895690468,205.49534538686265,89.21316886476403,131.50864542687694,4986
199.6157673498779,217.66136925741228,63.70239040989677,184.41785085044626,1100
182.5415664123948,254.87196055830495,70.08092870396186,189.83917502275494,3857
184.48713477552292,248.10671908474737,70.66255016166382,127.91888865648703,3838
124.90087361090899,204.58520183747015,74.5636459052236,102.30195161777525,3680
157.67023988577563,200.72524280151444,58.3686425770068,185.9766947166108,2778
106.72559139673679,298.806794196115,72.62350252071712,137.70918378250826,3019
109.49179368216697,265.8834700358838,75.53914952577398,132.94635559599362,3924
199.88926120332906,236.5406130901557,76.58544982905262,134.69996796886255,1588
132.6639249425911,247.04322476632413,90.9950214992229,141.56964239676415,1272
174.81839120488462,226.6550120454287,75.86672492397476,137.8266621654921,3929
180.66650530268163,234.487378369321,61.53919612568376,156.64308991335605,3034
185.80232710072292,264.9044467268214,83.15643691220936,107.89402784981903,2501
199.76282974021564,288.28117988673705,89.86570720433126,197.15401943085152,3105
124.14964852568679,218.41300230811848,65.96858332191309,193.64510344721612,3806
104.03508268596997,284.03615053853184,82.26529645088026,193.44066466154993,1982
141.1191517994586,212.1556629518269,57.34689979730063,187.92776240819134,3992
113.00806698289469,221.49922235883912,67.0963152289032,166.03263021817298,4576
102.2425889162055,203.7175288049646,95.4611964774817,122.11085627484323,1386
136.0426827141486,214.08118620929994,95.56540815812855,104.94834871463723,4532
178.37382510752366,291.73031454640505,78.76622893715319,109.93210647817666,2631
156.61806912250708,245.94387466183787,85.11757304325533,132.39925004656055,1044
131.2777989210354,207.76658617783536,92.70077076029708,150.38830254957855,3338
165.43420054927196,295.97268380389613,97.92765926563133,199.3253071184794,2281
123.20181803088107,287.899230775865,74.49432201448847,143.5443491794599,1814
101.4381446072085,275.4682520868141,78.07878683130171,152.46460904913766,4842
176.43533864364275,293.3472791947558,70.7820783323915,169.51572471880806,2269
162.3743084864009,222.0129420835764,53.59909685282144,118.07339704477963,1239
176.230262450096,283.63692930100865,71.14017362244093,193.2827001562256,4484
103.89380166876656,268.9991196354306,89.53136696915385,152.90346058427343,2151
183.71196278306522,286.97592495676884,90.24427489957642,127.62563456017686,2737
161.95262000363033,279.691156574263,94.61885572966499,193.51089863388404,1275
156.339535071264,234.6495063176825,52.57333525879845,162.54506185589503,3465
162.46140481145315,277.43985370172555,76.35772947903169,148.36897312492104,3254
186.4433246868364,226.24563029848903,55.37122439685381,158.0155909960774,2575
158.6936506558907,232.8592163028055,60.037109158287166,174.83022189052267,3412
158.09503798881792,210.7905717222976,95.01082511903033,115.45380036929534,1832
199.06791570657657,293.50766159804687,74.8395629214848,186.48304307032254,2369
175.6730167068568,229.10033634002815,87.92724604483068,195.95068102982128,4902
144.22938054511354,252.06224651714518,53.21920529643404,156.69996517500743,1567
170.73970000329277,239.13328364661928,70.8413251962426,168.2270846797598,1159
138.92304716917886,295.9928120583502,83.71201403321689,185.98334808462408,2857
122.8875462483499,233.50491709384823,56.67032406391066,137.48106314165005,1095
159.68518768877595,277.8545821422689,66.29089395528416,199.28317948823985,3472
192.81820981139515,285.541615463118,53.227390251194166,168.05013693068975,4996
192.91395200154628,243.56064974809658,82.56699704347552,142.3998698357982,4187
134.19052781054904,237.81718144529313,98.54456295290592,167.73379750016272,4283
152.7677466221695,274.7745820932628,91.35227455714148,152.16800325134363,1598
121.16358985698612,291.28959803062344,98.73115584037828,111.16415715383651,2330
199.56311094988834,275.49317330722386,92.28023975491982,179.58653047693184,3315
198.11179078679356,222.71263655918656,92.75979030984894,156.4375580252932,1043
164.95089297074475,288.8307747437705,78.85885976856713,179.58455578738887,4977
180.44140596774736,238.75816674368332,75.91261557066049,115.49119403674658,3642
171.51001612837,257.62294117779345,70.31271332139139,153.83571568007756,2011
159.3158219039468,283.1435619292711,90.904744752294,176.6624272212913,4529
105.33479969888977,218.83947674004924,59.10338061390123,198.83045675907982,2746
145.4764342552661,278.4510135677553,52.81124579120966,188.43972763852588,2881
167.47863021674107,259.61627979106777,97.39469113423375,186.4349627060639,4543
167.75316138836848,289.3341641827608,50.18890926017385,124.7460138146398,3056
137.31226184223834,217.1970401843543,98.84146609379259,183.79846017090475,2948
194.16919866580304,242.06822370409284,86.44266849368829,116.9281277542963,3716
116.7357032236781,283.28430928668377,66.42494598489138,119.81076645484336,2883
150.03594462155607,201.92317034567603,84.89099215431551,111.0116743743472,4260
169.08839765508228,211.2201366765643,90.89375785925637,185.75965307137872,1380
169.71358058918094,299.0565212756735,62.268102799321795,110.82544964513187,2855
164.86389567688155,228.03941785903504,88.5447841639791,113.81114797450101,2666
127.52882134518602,297.55431937239536,90.21848125041201,124.58871500823858,3774
115.6206568686622,218.2531551008674,62.46773150626727,157.26624091206412,3162
163.59403268267107,236.10944430073357,52.09631771889918,188.0180185300403,4573
159.93021161394378,275.28694445035705,60.206114227904884,141.82281552555682,2658
117.9356010289241,265.77784072381786,60.03232044446972,154.6285949191785,1387
170.51391455705635,258.11223999290553,53.26202270877416,116.6489399957253,3486
145.51719917336564,252.98991758050076,86.30036923275979,126.59458558977917,1909
166.7760591603153,284.344044366474,68.9987462229204,113.3925762485775,4941
183.73670797701507,223.49485628333926,94.21930837269292,140.99188448670898,3892
116.97284285769231,244.24709269935184,62.6085552832593,159.03356586781922,2947
101.91448679968367,215.54522921564572,72.66160825499637,128.40195300334543,2342
177.91025863957867,259.59415957307044,81.95087144633814,184.59958555747926,3982
160.9697425152616,225.05444242713202,93.8732474835889,198.12383510066343,1875
169.96395696221217,233.38420643433858,76.23105508096874,112.0154852314581,4775
183.81549749886426,247.1250716623528,68.67623139061914,101.78600560153241,4515
180.28109348245005,202.6770585703128,93.35075392360045,178.97769073947836,4731
196.09201469288246,209.19379359208375,65.51232123438052,119.06426778033449,1027
153.5935078852118,268.59292207082194,53.971184981628824,135.3146592660859,1635
148.84956326599053,242.89699807175072,72.252105375512,139.42312182758104,3015
140.188719989073,286.4790221999896,89.2546653248996,191.65993889009445,2421
115.36910428442046,269.46720036441997,51.53904158767615,165.88382157661619,3124
157.26072328820226,200.81009416473225,79.29411224947961,104.06094903028907,1586
127.70125243259788,261.67123307671346,79.72320242636181,101.48102407141546,4429
192.13075122129754,209.37248660597163,96.42708817136908,119.95680975302801,2209
158.31908042770976,278.0933179790494,64.3232408572511,131.81719408727113,4622
159.28401805081103,299.1507688278502,63.94183066053481,148.4523834086599,1233
135.49246608770102,253.11987942415115,72.02418256698391,183.78394123088555,4319
105.19893519777075,268.277950019413,67.84574507357576,131.48177560347594,2977
103.17437653729885,223.73141608947515,86.81729313446634,137.65372192716552,4470
142.33351441531974,243.75977437537935,82.08760385657749,132.93379300096575,1328
108.45653780972378,285.6095332236384,87.94605189531332,100.89653360329056,4714
160.6846955540139,216.74229477462512,91.00208955993446,195.52015391181197,4076
188.09730056396575,226.5535605613762,96.14905663670739,113.89958841364738,3395
188.29148165187223,244.54336752860303,71.54683658923238,128.7667478203247,4470
165.90454101322325,271.2248891844014,99.23486947357748,112.93033020964418,2282
121.1231831472931,237.5883954795674,60.783040670182636,149.05431561567227,3804
186.29968313588722,292.7732279783004,85.71825809736643,193.21661149424992,3033
188.6093435313208,209.44570512687193,76.70046586535946,110.07007176254862,3466
119.66535849529586,237.08041975448475,90.84502973424418,144.08969235884962,1390
173.74260857706773,270.8954123428422,73.8385260303213,102.23748457715784,2885
128.6519548927123,222.59867656614924,89.19693176812157,177.0898221386148,2943
180.26403123529298,265.6413134229673,96.5084357323839,164.1226143554425,3036
199.72378999036027,216.4216958227346,86.61471330700437,169.969866370715,2950
103.00260053293928,205.59802848616863,88.80471431091621,147.23363608957328,3637
189.73658657909317,212.10157167486489,53.358771563292805,190.7633029556406,2871
162.2630533598658,292.99847831341344,60.24788311161403,140.95574508726094,3162
197.3382619164821,255.17508829395513,98.71518702517969,151.4085074787077,1003
146.50095175264278,279.6345775479649,84.65935018936972,169.52892222706294,3690
184.73879305713737,233.2654500905051,78.07245086555022,152.056064109546,4810
106.23940685982772,259.26586478854466,68.3488186698225,118.93356479163279,2151
133.5279050078296,249.49521337049916,52.21945006034589,131.7070618044912,1008
106.701653775121,294.5737959402294,68.45679539820675,109.22944681388053,4395
197.53431334790707,274.75746360541103,74.9456436644788,143.26134972172977,3165
181.6973907271837,273.0542631496579,60.572975469344335,160.9392093086328,4538
185.25474212459704,204.63532694342794,58.656839563691626,111.85299442691407,3903
193.79652314338944,254.9669669003691,75.42082756787585,163.0587121470129,3747
108.51034861197854,246.69914539018149,79.29521178137719,189.28721397521093,2674
138.55975925133333,292.7842266606194,61.99589594272624,133.77237329855197,4534
107.10348890440021,225.73419881895322,79.36947372281065,122.20330962188198,1931
121.07931015500286,226.98334532910943,95.01699819371476,189.3006063841903,1124
122.93657770376723,241.13462488815003,73.65866290106769,169.19452358975485,3270
146.91072110475787,224.3369713406376,92.86950847935907,110.53948680565539,3375
126.85621674536426,212.91839178087494,96.36357222666592,140.81119520617324,4969
110.09781068177611,285.74148466508007,54.619701446854286,167.40895997545488,2016
116.74910890941078,255.82765244039157,54.79057898283985,157.43838749754548,3865
114.72755635520909,286.1362718956567,73.80220914438007,161.8547119349873,1258
197.30767979122982,283.11347654036956,79.40512221588513,156.7135173973926,3114
175.92925069184736,228.20423547896712,71.29417322325146,179.80613653048903,4668
196.7761465269562,254.7737444324274,66.32253852087516,132.04269567969786,3930
143.97404865079085,208.32177027400704,82.0497058063078,170.84623478993632,4133
127.83684816626567,291.52518840307584,50.104075617496015,199.10794424942844,1971
179.82931972091865,240.42627150651532,98.40366404318712,138.99588577811804,2549
132.62539180411468,239.36761838890214,61.603954409401105,179.1048314554793,4705
129.93833737053484,230.27553706179532,95.85493842915035,124.6109237136171,1278
123.25059922078312,246.0663744710704,55.4507372267253,128.18967122840493,2146
112.96789782242354,225.1759386545448,61.904359102228625,193.4863874183543,1588
125.6463061016766,237.48522727968046,61.74368505437502,102.59383562486887,3319
135.53197484738877,279.9947048584882,99.8076452100323,121.74273448608292,1501
167.39942081457303,283.42555035851717,50.230027286294224,148.29206978120033,3705
106.25648422194516,230.41824776285162,81.98191046517479,140.18476217041865,4340
121.0506939665343,246.90144305527878,93.48432905304264,162.9169731235031,1892
180.90236402916764,287.38197762800525,83.61368270123683,119.2722050360382,3615
114.69219235837707,205.2673331829697,68.13669091084721,107.05470043685314,1217
134.26451465225216,288.91449619957854,97.91546813514674,136.9333397804757,3732
186.46589218581403,221.91843456523316,94.67603772945205,152.43552421441808,4623
115.49253111434426,267.85392442143757,71.69774601247589,156.20018370849112,4942
108.27368356181898,258.25516963846,78.66642463055817,160.14935235424667,3206
148.45379950800108,255.2940748189252,98.37595939026204,154.8661995761555,1359
130.24195112785364,285.93602247528213,99.1280180963235,124.57519709711876,2488
156.3408364483854,210.15721436446614,72.49116378589761,176.45497359690017,3591
180.3804890483475,234.7028025325636,92.36750140715444,108.77802617393985,4319
113.71484881527431,253.82527463447656,65.09901134769682,119.8353879552183,2664
158.0699084554285,281.12888539460397,68.59064364653324,173.93780090191143,1290
150.5508760389864,221.64430834116715,58.24109414951131,127.97261341052517,3083
114.40787860131996,280.29298413742765,60.45922963883652,149.3473441609405,4026
162.39984855289825,239.96384824939358,82.84366511296795,132.71977408555588,1859
127.36404178607717,218.89138564336955,75.53908090035404,150.6981211616003,3113
148.78343185440124,275.89864404434826,61.556593031280144,134.6655799947365,3844
108.22723242770618,209.08989014745478,70.14548081808263,199.42079899060502,4498
145.9584057213623,251.4767374075443,68.65917299318409,135.74775893581466,3204
130.64634680428202,206.38757838618884,99.36801022676671,162.70494173976454,2578
182.23812111853545,235.64178551577876,92.67829186056898,188.83432176508774,4858
105.69787269973683,260.10767990063925,69.39831666919122,163.79349943647503,3168
141.860727491833,255.61155414872132,95.69582894480166,156.58572551096086,3239
145.8431424131438,240.46554179046666,67.13176958140855,156.92294547562082,4547
172.50060762991188,242.90479939721158,83.39507563674297,149.64607109233856,2377
157.4287575090211,222.67695533507666,98.33249983410562,180.7580401404455,2566
166.7212337194181,245.58825884241028,69.51394319942762,105.0424078361382,3404
177.7049285651756,295.32548557208344,83.99424825524669,188.51299079293278,1530
186.22029736581888,285.045291778379,64.79619055313167,158.62922202456429,1479
131.38754967224705,214.52328690763437,63.315615779898735,184.88732212557483,1796
153.8022705363903,202.9780787320921,78.7078333215776,101.03927025442086,2096
184.01080784392,293.3524312716631,98.96322990166091,186.92764039616176,4462
198.94511309650565,252.67497498807478,72.6566924360085,112.01375191732669,4001
188.9519311043763,253.78378231493076,96.88184851582903,172.12180063923992,2099
137.14672626243768,278.0717995706522,95.71817601223808,141.65213928878438,3235
119.51665172186505,231.46889738713264,62.68813061724974,168.10723910979243,4762
148.93925374065887,248.19075688360022,70.09097035421637,162.81897376773642,3014
174.1641451836042,296.86629131467373,82.16512392470915,116.33965470672419,2361
149.25690707532976,267.2148686932407,75.90229422056959,151.4613764447552,1475
148.31808633136686,215.37450319957858,54.79792649315871,127.72304731945408,4377
183.82304210818006,213.32267479843534,99.68490150635792,156.04368428480126,1916
136.14037790671864,220.42647583330054,87.63270006056399,173.80032830528438,1648
185.97946748116456,276.67116744207175,71.8847019112356,108.12584145818379,3209
140.68048009517236,229.5377003840616,80.90842748331457,151.57624235310254,1801
132.82331056783394,202.13888466750797,54.3786408633115,161.76298207622585,3094
145.3989911199699,294.41743635056616,74.7650826844805,129.53674535972138,3071
176.24469586748683,216.97134163949107,96.54162079087439,195.3003482796007,2359
112.60020278639942,200.95581861480684,94.83004790274892,152.03028255068295,2307
119.64192158720174,223.7131602383323,66.86904227415728,118.25170898459328,3221
195.1444825663092,223.50287871181337,76.56839319106695,110.7788261799284,4378
117.54916273813573,242.2005250845723,84.86917620438234,154.16595491653655,1878
156.77273179310546,292.0389831500037,67.00046334539527,137.52383811269289,3018
157.93144666619378,287.9184917779098,53.24396090469693,119.25470977683847,3821
148.9624462050245,245.6894554982428,75.27208283589023,103.06984867857746,1229
164.47452485768184,241.08999049918066,80.08178679116682,156.660008003788,1702
122.98267257976184,255.50090864748512,50.292080006075516,159.8600236833662,1117
155.26622677767483,224.34540119717659,54.77876867692653,114.18026011814685,3100
137.21732552468973,205.2184991966363,60.364532179707616,160.17380497703044,4263
166.16672596291892,293.9224136171207,67.40261434954671,195.19727547075985,1947
114.12235433731495,218.66989848771726,77.05256114152903,197.82956099897393,1571
157.08774168394763,219.84007292457164,64.69214593798327,188.8492936557005,2960
118.52703553833237,247.24603288539475,63.80919072032519,180.70785808357405,1522
127.86430631150364,249.16133448403306,93.46746719065409,120.93678367133313,1771
121.87098003235832,201.8434209700742,57.252532040071316,115.64351824959301,3829
118.28377798688172,214.79547387739706,74.77300665861802,144.49476022853545,4212
182.5710951560667,237.81548185607417,97.64123584680681,161.96317513185525,3702
128.57075676608903,268.3730693510539,81.25066245580228,185.0678684008378,1112
192.71237818644494,222.84184568319358,85.86027399472192,123.19630411368016,2287
196.9926525345191,242.30144462417627,71.56184956953035,147.96479005203327,4562
157.12604699370974,255.73450647164668,50.99660835598598,164.74402419568457,2367
114.30011226657264,288.8592494623292,82.30651841836027,144.5593854534419,4594
137.45482433795814,232.60705023271234,81.5962140714062,145.41936770792842,4951
179.7732263348214,213.35582658634834,55.52138182316666,122.5117161028279,1098
136.73907286970706,248.92722258976082,73.10798568123158,198.66609049110758,3520
108.70172183027887,274.6721601684062,95.76644723328252,147.51932834074432,2046
155.6784910928188,210.98597570527335,60.25424159859875,153.2741945405492,1238
184.51208514960348,242.46834916969604,73.05493773170551,121.8559291286829,3668
179.59263871435024,201.77851412624835,73.05515926002602,151.41367183318187,2286
117.51231401303532,203.35591816472513,90.53807340738192,125.53495585343067,2348
167.27646144124668,248.29533632166655,91.22879351647222,120.23362513834664,3719
122.05042634356471,229.81972981509296,87.9634709831696,127.57222509429344,4803
121.82075345521721,284.5107299005412,68.27270795941368,100.2759648505281,4755
187.40717733051852,260.21543061264543,53.601846250926,157.0151112001684,1386
124.96689527402302,245.39329617429905,67.4741488612007,138.74800055228434,1605
126.32473465180112,240.79353710542964,83.98956006356698,189.868901919393,3169
100.06533907612996,249.72454801895634,85.13732872445382,104.07071736125212,2323
187.06690341255177,204.04388312126613,98.25001047383594,104.32003008557501,4780
179.25948132091347,289.279335642066,72.68206157218543,188.58735173125837,1562
162.7328935090678,299.83031557339586,81.62177914701452,112.66446422043413,3364
175.02657639388423,218.14871248586985,76.95954353612659,100.21601041240018,2842
115.20485674244918,212.03829647746198,57.53092800566187,117.89138637130138,1019
145.83235945875754,214.35774634485952,73.0601236066068,182.38761750976042,1541
135.12193873487809,266.10270582343674,77.24175773444972,180.27140827601022,4960
109.37765262570164,266.1440838450775,97.53748030211293,134.0132210843451,2323
148.6130485214924,284.7924162278411,68.3269527204478,166.8030917259852,4541
192.07396503426355,275.18263884262535,99.00495515539889,150.72497073358278,4157
104.00591190506945,244.96896733693399,77.11500370120422,190.4734989845906,2765
129.1460913493794,261.28553615653186,62.12346216515287,105.64234754174223,4740
120.75409362057034,268.8284670368008,59.58321935079039,181.31791287366318,3452
123.81466536656963,251.27364702852253,57.08474586301159,117.059866942746,4025
190.84345518793754,247.56509844516367,72.64664352867266,139.16208974317593,3740
146.80690542342901,264.50974456426536,51.09632148944616,119.19571514347659,3159
146.6299412939819,255.74745489756538,72.25226416574327,170.2614409594139,4210
176.05756424552823,264.39423053359104,99.42023460779731,167.83261797532577,4081
115.44922040049258,261.2854773963364,83.50533978611332,154.7897601699027,2314
148.72653541000508,271.91965605136545,87.98930606002023,169.81630368036554,2945
142.99852141210596,264.2803508782876,55.95026953591313,163.9564780604674,3426
159.6910690546656,251.97424864372672,73.65504307450453,177.6442055684268,4953
199.95577032504386,268.17968112843863,64.3111550512857,123.94066512905488,1939
176.9448894082047,244.9481965185428,94.70487639945146,142.89126149407207,1237
139.78657030174273,224.16712259726012,59.064623600695626,115.16265293542287,1643
182.75530522740468,200.14182201339153,72.9366663568371,142.9593564220194,3377
117.07083633124802,255.99641471458432,79.40238591728189,170.16917514203413,1184
103.04636863089601,259.0655226608641,75.70205457892664,169.13911607843517,2830
120.44483724642731,297.2048964775714,91.51217639852037,170.94269032949427,4791
134.04115561142595,236.14783340942756,61.57265856598202,130.87675286443564,2785
151.058075745956,239.41332428283118,68.86955552118457,166.22139737909237,2448
161.51291405412,220.17995813421902,89.60421482869762,136.74663195889383,4933
191.06057172144216,207.05342952373218,76.40357058684025,194.44920461050498,4394
150.98540095504578,277.2804492861741,70.10586928239786,134.33663658803388,1481
150.12756446257293,224.9681064339325,51.472125737241576,160.3018234044388,3648
105.02430098229821,260.8904861030038,87.66927120078047,175.0145714192176,2381
103.49115526562238,268.77730355454815,98.60910389833802,190.64074290263412,1361
155.1159961916372,247.12366872916476,81.0143504744255,143.7928603453911,2059
143.81786132483444,287.63521130271914,92.82706103443974,136.0485108208268,1515
183.91803949802986,244.37948409797286,75.84378715974631,143.0028175316589,2769
116.06795847118451,228.49086230417652,61.58404827116823,132.36963515497808,1329
102.49716621170496,289.60155229616225,50.722105211757274,165.3924490067314,3316
144.90387679301259,286.1564284249956,82.66991337949946,193.2716764008584,4141
123.74785567522575,216.4039947076413,74.65544241241223,112.60710064893668,2542
104.96143733388375,202.5961018353921,89.10490735438007,156.09220647701568,4739
172.4598286847629,208.99855563496206,84.73412087176523,189.7648725360331,1954
111.15929999572475,228.6547398553817,99.39761841032823,110.01145446560176,3425
160.83195000077717,297.22598017417107,75.51562917060198,149.38654107662808,1292
128.1049750166889,255.8516153160825,71.35873948365047,186.5229595860446,2934
117.34960503550221,237.3261732029269,64.33698447196474,190.04522117120825,2309
137.97515229193175,288.8716094612746,73.84306458956372,151.43521611529167,1359
180.14457762229537,245.31363314784997,93.6435739061461,102.49518844677175,2609
139.20935769045727,231.5238628401021,52.12198628958706,110.56391784278216,3571
175.07696492110557,294.12195287456575,98.89500236430943,158.67167452412338,2360
112.54862967991507,284.9517666192678,99.6653597153899,112.3858606466345,1623
177.2771419665079,284.3668375419441,79.89106892939509,114.94177769112707,2565
123.69333249066486,251.2284743050213,66.57721018477007,177.2117097782114,2920
167.73931298888726,278.9438398815455,61.152448416101194,175.06920585755003,4107
156.57815548409963,217.9353359264552,63.82451978424394,184.2772759425472,2511
192.91447172116875,257.3222957556244,52.50527132524859,110.57351365061056,4450
138.7322517975314,298.3845922847546,73.75554792416794,119.81448810968178,3391
106.61651888344404,229.09584305179618,52.86621354322029,183.29614298586506,2253
101.91554855512528,279.43523292476755,85.92371073879626,172.1087608697792,4860
182.6858560972753,249.04784072080673,68.5964727766427,180.595612782804,1617
152.47356376614323,203.98056832220874,59.96823658735816,198.9745674907922,2823
177.52440518349493,276.3019397815667,77.24267789180192,186.4431606155702,4833
123.44256000115146,216.85691443921127,98.68796536215069,152.04632508497605,1574
134.50837455132336,263.14735671327503,84.7565524509209,131.07681847972574,3001
103.0103872211319,208.56641940469729,74.58734250520801,156.9676586574701,1396
196.14923245741122,294.6867397495965,88.84571496272531,163.85865502344524,3468
166.78679067008136,229.17238871803607,86.87382359494944,133.5312141259621,2579
193.32050877593062,222.6464691677395,94.58677305288968,177.09370374846785,3708
126.54964074290723,212.91364040663342,60.233447379697374,109.27537926578867,1401
161.14636112256608,294.60021933390476,92.94387881293659,177.939285068171,2511
167.84999682926377,271.1903742441305,65.05130435208494,103.19985186819484,3093
131.75497002575884,274.1660888718089,97.04994639125485,149.79660607214902,1686
184.81092350156302,249.94045613802444,64.05325744733676,186.14364634832663,1153
194.71614629002477,247.47277852704835,96.3424271581338,108.64952740213975,1260
188.48551176960044,211.00212429914765,98.189535723204,151.77389364941698,3692
173.90669759393725,255.98410955839918,57.27456787285071,115.93914389613164,3334
127.7464679724954,224.69164951087905,98.72499416313914,189.48157500609352,4739
128.16160421056318,297.7145332800406,54.28614842146411,183.23455270336302,3032
196.3360320446038,279.65809400151477,60.928389330626096,193.39172432934876,3892
101.0284495935692,241.29920601928876,72.20843904364023,187.49823415300938,2776
171.60499732421445,215.1341258691533,99.67986828558551,173.65533098659907,2354
170.62461625552623,278.5331691138784,74.42815255826896,118.48891955885028,1638
162.26895409497973,212.2053767081316,77.52047215892429,130.25026156689006,3752
199.01088460868658,218.93337534970703,84.72124747618243,149.68551583080074,4543
131.18794357637253,221.15205177442274,98.41467791364757,158.88967815147237,2292
133.99718637932483,255.68906382730944,89.16757000621223,178.218339531321,4705
107.89394029465555,278.70566539903666,61.20770022118493,122.69596281870609,4729
144.27981365437375,231.43148787246923,65.14954653321773,112.82773941469632,4735
126.10485262348482,208.46698142752894,54.88141198042622,148.2610170593636,1156
134.33867021776442,246.45384635244193,82.222618208237,115.78414108729206,4739
183.45717902556277,274.8110241159935,59.03701532696108,169.3736802329572,1613
193.54845135274957,222.16638430873883,62.87024442396829,157.56308900917173,3476
118.57330720051857,221.99245480393742,94.40568275901884,174.11077970188848,2908
137.2508931553466,294.7227027346711,66.33778376660077,106.34365596551083,1981
192.8630562115394,295.41537271191777,78.33233591770835,196.46975604442036,3899
106.18084606892226,299.04657320615763,69.87830043945885,100.0005536675738,2275
109.23605281113785,280.765960157478,53.70156437029568,132.54424150135347,1266
116.27909892062294,218.81841691679455,68.14319149483525,167.96347933662398,4890
159.52128341268747,221.19815207992613,70.40341015179655,104.5142073862119,1058
115.04722710059974,234.0225241522392,94.78505509557591,108.3349581357607,4923
196.80763814507335,231.8132531333491,66.22253268231698,107.66814372282202,1616
144.67145272585202,295.6527749078009,68.9620559881034,158.15097267209794,2804
150.15179603501664,278.90739828816936,89.14483843361673,189.59253150385382,2582
124.66586158054065,272.4008792161554,87.9478325605799,155.5436977712262,4671
147.09602524347335,218.59632240581317,89.91426383242454,160.35713522796715,3218
166.19136326370113,290.95255593623295,97.6885370038002,134.60016512079895,2687
175.1177136954043,282.7870379506174,89.77787491973922,101.87411586555322,2711
175.3868082709913,216.36418413279236,70.38041016089454,102.16147177512164,2342
157.78911126940883,287.1170331960973,91.0754258449046,188.83099664809112,1656
190.43597749938573,227.22475363704712,75.43373160449691,110.25724387196468,1836
181.74078473061093,208.0869745832106,63.88570162592826,199.97893718125954,2023
175.70481146986253,265.68223065142104,65.14585340655061,116.44226115112781,3869
105.56055216804606,265.3804659384331,61.19211942816992,167.46344439551893,1733
100.68779622196493,209.49320095656182,57.249647890987674,194.89554721809057,1397
121.2447277195473,231.88518089365823,59.22452059268252,136.22892776420264,4086
166.35235939134523,299.28144622555385,53.15890249769097,173.44331887479893,1968
141.11974888825458,267.8426667008737,94.42254324661931,135.08566434423352,1461
140.24062592993118,273.0075166603329,96.55039048245615,130.49410567614453,1137
188.4586888229614,221.29172856043056,79.33851962469478,120.18040825754389,1761
189.55628481318388,207.87820710039142,92.02447783043425,182.09349068988644,3197
190.91752640535856,227.69016897409375,59.17855513265736,125.73870636091479,1862
131.38780765150273,224.8898385193192,95.08369126134926,128.31581629058576,1780
169.1055812739262,223.4544100748053,75.31807798152542,199.89697421987773,1592
127.16331812743697,219.27543218870395,53.358249630277754,132.73104354453199,2600
119.06098330744499,257.4755690655404,57.06563722470801,142.2774488832049,4725
118.46324573473692,232.81034758418218,65.44882303934085,199.0055457774835,3347
134.2107620863594,282.03450150475305,52.177879017737574,136.93003454174263,2446
142.99576197798217,218.39474178473841,65.46466890087218,136.6152007235867,2442
183.09491710550685,246.46270708685444,52.99652165594459,182.77144662138602,3806
111.98910934727121,201.365783642608,61.80138025964126,131.1930368487692,3932
173.49258473948942,248.16823224551922,63.28348779282208,123.37861036424071,4264
153.14549141893053,205.58382208764743,99.7184488183397,142.32102551753223,4354
128.79453426759926,297.77235118726435,61.77733368818322,170.06408005761926,4325
149.28195845328247,279.0592128650413,61.959322446929015,104.32430249792654,3551
129.99420697770228,249.01114766364554,84.33944841791924,137.39160272185669,4756
159.6081955238306,208.65873581793502,92.9678739258226,134.62449019458404,2336
143.38439228552443,259.2445440790414,69.35277063010433,124.48183472620326,2301
116.44055290788788,275.87637507018775,93.78090099703462,165.4287335904345,1801
111.65830745556967,219.07172530047453,67.00710103738786,128.99900804136774,4976
154.66956820721302,256.8208340787491,59.850793980750964,160.6731559008003,3865
190.24130332861034,281.4210898382868,66.48194121638618,150.4336841454627,3357
134.39576865576856,276.8247777646316,80.46781869639962,121.71898708258986,4257
173.3000107222623,280.2992017867153,68.35715796560369,126.65660570421817,4939
165.86613549397669,287.93234248697195,83.64469019946443,117.0600053306564,4295
193.1554914309481,293.768210215947,61.84679397112412,105.66292148509578,1573
182.0981017299141,240.5521155203536,85.04964469945745,161.91884631049118,4493
156.6605258905463,256.87691025228776,67.37191816242333,167.27886939143343,1595
165.70304982341074,279.06595260456106,72.79341858009673,116.59999936086699,3047
189.8386466584035,269.7139813945783,77.8872570221448,161.53923846860732,1026
139.95187845869347,299.5520228264379,84.31125015929968,198.2084740057578,3428
132.67947058577772,201.3677651104644,61.93568459243669,107.44020949378222,2343
101.08110836351963,235.51332153157907,91.79727687054051,149.03708724988638,1130
182.65510741914642,228.10279262702025,86.09213748776199,173.30382136438539,3686
180.0980700403365,226.23158501655345,61.70489595119997,104.6009197829727,4067
110.44545181001514,222.25297824988857,98.74872813014551,177.82734939976157,2546
157.68573811327002,270.9123840815229,83.23984955152292,197.9511237092886,4351
146.39816981668872,208.4759473275322,72.62134432333528,108.84878635327532,3332
111.87090955091115,274.16088339433384,57.876366277675814,182.22299054659254,2220
198.05682270607235,269.34258420162735,76.66105011540657,137.85815445120943,1736
121.46958874633555,225.08041325008963,58.23879434135591,114.41162024340117,4847
106.72341800905612,225.28337831651612,71.4745839348922,149.31932091963478,2298
159.48473795019095,262.8860585344502,70.43562613697594,107.15187357812157,2091
173.88666771330327,276.21711054836777,85.99698221737302,152.21014081671842,1232
103.24434460471869,287.64856130873653,59.619159061212486,101.93567880040496,3658
165.87176387270222,285.21395638544755,91.0935677435423,172.861144167273,1221
153.22918759514545,296.4882994163853,66.3066163508083,148.79696858115886,1452
110.32650088750484,258.1384895336511,72.19943134843875,145.89396609351806,2659
117.25238769463621,290.86555613403596,88.61704877769213,119.61914937420836,1303
156.79742973160805,280.8513273260411,81.26961998567575,136.12631557947657,1935
129.63576135132882,289.4667624314014,65.40126759009686,118.18694324216663,2637
193.8315728651316,201.16266012853666,69.31014622729406,173.53901005357392,4471
181.87402294840507,296.5902991865811,65.2893406994805,119.90252994330272,2343
198.3567206513663,247.35301628464782,79.73850836385786,161.6753327051715,3311
125.9670838950414,279.8182989574843,66.63122666034198,127.96075010677521,1364
196.97236327979772,212.72041193377808,86.28488473915704,165.69821959233272,2412
143.12338697915578,239.5941095813974,78.9893579291863,154.04549589213423,3789
134.75187953137547,227.1460663020991,57.28533058737545,142.343863165272,4706
105.03495269693532,229.1658770500937,65.51343093399412,167.30008334104713,2250
105.27652578596026,212.32556199508818,61.07237209550779,141.57220716082293,1455
169.20112559466548,280.5763832543007,69.51566062757426,182.13706025750326,2763
145.7928994434028,200.9242314581078,75.79920431046816,172.9598458235266,4736
122.65216260361058,231.25054569852026,75.3381428642055,154.06389945130812,4892
161.39703063252327,217.4410543216415,87.72618382816445,187.70606825859971,2328
125.28581182501111,258.90389406083403,59.458593180085465,182.88618214680554,3552
157.76317543444225,225.42524026145438,97.32364146487234,153.18393946204992,1327
135.92087469826902,225.89984545280996,67.14225534410843,106.84476937007975,4732
182.3552226611819,248.8338143995319,65.01244234580693,156.5996352199244,1818
182.06961607667793,265.2689039340926,84.25892890901099,135.52569895602855,2965
147.73503981224013,212.13047045651638,90.27583143415313,154.01129428037342,4592
135.08191093350155,217.55114524654962,68.92358824068268,164.71304604975933,4391
136.25597965590947,224.71747445945175,87.34234874469885,164.48385748506396,1735
180.5714525668218,297.37482141179606,94.18679780680273,167.35240435180015,3539
132.8179482797612,239.71524999429204,88.34018326034787,167.92686250450149,3508
120.9059373706846,259.89900906310265,51.709824278541646,110.92814187135042,4606
108.46883418753069,224.1542812715978,91.36844556830941,119.17123304572937,2467
146.66931208844085,249.0459525157488,88.72404792271837,163.05410045423508,4514
148.21320989198418,207.4119174385958,83.4645119076593,140.81723887310366,4975
184.09087104029072,203.4742145922327,88.00112095439518,176.28516453057637,4775
122.1238696446064,246.87335268214602,98.97126979159694,112.49092822628322,4298
138.09912736683998,239.8659287518412,71.55564439091748,119.15229944205393,1565
180.8405738893691,213.68803196918276,53.36116174772989,155.8464642436473,2627
182.36236107489736,268.76014289207336,73.04449848138583,150.07480192678986,4598
138.46110759787683,299.29034908992645,52.321682769552396,126.639715397669,1819
145.9124023286681,239.56468211967126,64.71252040442306,140.83432435051586,2714
130.3285890849283,262.45586359173944,79.34398958983795,103.4981278056653,1515
193.2554878419312,296.29759423644856,65.48114464630781,103.7038107994374,3465
111.86437657415803,283.1534972446875,84.26976229547694,109.49270028248716,2124
193.37494230014698,246.3552223302686,91.09931638428606,157.67924532005605,3455
168.3866451835343,273.7489484459919,71.02195896397684,186.37164146131536,2428
153.15721526867313,212.8135040250524,95.00689756465019,126.02232892595751,2153
103.26590607844959,251.21038554637994,53.99194656752001,103.39398297234203,4590
147.55961918220083,227.90602771799365,92.00565821002249,170.86271020523125,4767
140.77481050027322,216.1163687896161,91.42865727196494,185.53522390050665,4914
116.12188119751225,242.6280906254535,66.09969481633824,113.81727852631018,1843
165.6409603500657,213.10145544336143,64.93575935623075,138.57476959404002,1034
197.11509073682856,269.89851081744854,65.25474905767564,115.87368405902048,3046
156.2188811064525,245.62400440533355,90.56968561722056,110.63574306093652,2767
171.47532764439458,253.11446325646637,91.58267438050976,164.81685384743744,3201
106.84504525660168,214.6375938668157,66.48612294138337,196.75364761781313,4473
141.76669958169947,213.97716610934944,79.62951737222309,167.81656256207623,4135
111.63584851644958,258.3415435260124,56.946661472022726,198.48146628076182,2782
161.27958355365104,298.50097478294464,73.43893691405111,143.43952760702913,3937
193.84821582141547,209.62505832377255,99.93964254277691,189.786978882736,3615
166.17777324716386,228.57314285657813,57.94195738531234,120.50842246663046,1228
107.68030483144216,286.94591165378876,97.37813199800294,111.79043670107932,1975
135.4666204985083,207.2272012255237,91.21273609825039,170.25200509124363,2846
155.06633794408515,287.5885721366951,98.61073254731349,137.14083308626357,4979
140.32077561332522,252.4285983374751,58.97893803052665,131.76876027471016,4048
183.36440104751722,240.82667739264258,60.675924522168216,167.1280577997658,2276
181.4671004709989,230.96805643514557,50.843359086742936,133.3484041769488,2511
161.18310201032216,229.71171581278418,86.23509064578028,157.25581722485214,1804
137.34579451327053,230.58025824494788,82.20473467180929,129.94551062613044,1563
125.5336373763244,288.4803080960196,58.903271916236605,178.37575882112515,3962
110.58743182131293,272.37952301747856,89.5572482771036,131.23883404953153,3062
135.4897683486554,266.9723007831151,64.95977530658627,153.499414449622,1894
141.31725172077194,279.87491489520005,56.74977846653176,102.31760836970118,1853
167.58229251040734,225.7114663004145,71.12813325096741,179.17307833583928,1339
165.81598242975736,261.80428120817555,54.5484924213428,162.0337774821976,3410
107.0108139641257,246.0066238957951,63.162182813662334,119.22370669928956,1179
139.52593154311577,278.24416352001936,68.56666792136731,121.53733760910251,1588
118.1778867217362,230.92561104732854,92.59320872570748,126.24929185048221,3262
115.68127053168057,264.31786168698954,89.62743706466107,157.65301045955619,3045
182.73021497372457,288.22124118173133,72.13771428753091,154.8316333093023,2758
104.19152167162575,240.21504761949288,86.22875288761938,127.38637196418894,4225
141.91828759021212,206.66220873674615,78.43248180895026,169.40622919770038,4116
116.82036557665182,251.6050822341793,67.0420927539034,188.90411659337312,3399
187.9330215678474,234.59724878070259,86.29371717476424,104.35154776535384,3068
155.70405132750352,267.22253805471746,84.1749577233189,141.71966378226813,2616
123.13806363768481,295.1032924748606,80.95472210968009,159.352011854481,4036
150.24272871663766,248.5608317996847,80.89777605216253,158.64352035369996,1564
173.1486359703116,246.61902301555338,84.14909961634883,101.95353469895107,1668
195.8118008919434,265.458480019146,69.22727563212692,121.0566065848605,3991
122.0446004245419,210.34975035935676,93.45379075338512,106.18307213121216,1368
188.6181772129345,225.35061889250147,58.11539227482304,156.89650725499342,3706
193.43041141674902,291.89793255003985,94.19427316195771,164.53898876694672,1693
191.64205445320664,266.9942613363766,67.11409215159972,115.97421634234776,2101
163.541435686191,201.34440439834162,56.25158078043113,133.30111193420726,4966
162.98206544347076,220.462547255902,80.0013701339565,132.9803743376021,4070
140.32106331838227,268.2837266028899,68.79933345352026,181.98023315897836,2142
175.2397882303788,276.43992025625744,90.77498635517597,119.46594045291333,1358
153.12940183509318,283.98595726740416,71.53927342643837,154.83141213256584,4926
167.74380712282945,229.2176803382045,83.42812627810548,178.29355125008843,2640
142.84579038487954,293.1028596277563,65.41289947524128,182.9578192897048,2537
173.1496464043139,255.29468935778925,60.47261875126701,166.6566094284733,2650
182.44715176045491,269.65390223878927,69.40245154744119,129.9527752261883,1502
114.64362566028161,259.6738862779908,80.34039173012167,182.30465748288563,3079
183.2929715574228,212.27400546746205,82.84733696056759,174.21660271001264,3405
154.02965317903073,296.31146593848797,78.91033326490091,170.44691338292694,1061
184.46659090902244,212.28755798941526,99.40278593120544,106.73353988850072,2120
143.13017063410146,225.48819564111835,84.55450932475827,104.32648806515496,4449
137.9040485383035,281.362788022298,96.57598137984589,169.53652977015795,2670
191.50607325172223,261.85969615011015,55.89665974475872,194.47948012339307,2519
125.11692675484014,283.81491653763567,53.06864649067394,177.37239280630195,2633
184.42123252861433,251.5736188374045,65.54973510059769,183.14755664936885,1451
148.4020572509404,237.69932353666348,56.8294469188212,154.49822808497905,4286
151.40954425512598,292.1845499547785,76.29342641141338,130.4586144088074,4155
130.8468281489484,203.62523175147948,75.94906267616393,167.77368967668843,3453
157.30422006190156,285.6130220353046,78.75235832219751,171.19708754926927,4053
132.52111962762115,223.08177851877815,87.26139404155364,167.5357971694007,2692
103.92694142416524,284.8736327753968,98.56648501061599,194.67090567193205,4178
127.1998605344356,213.91966134168857,93.91293457195732,136.71790332645566,4560
100.63790434065906,258.02189636905405,55.91836197877908,103.96575389557835,1356
197.83547870568566,288.8107919011472,66.92568443853287,190.84443527574095,3178
196.57472098197474,247.35396468988904,62.791151252402095,116.04991188540814,2045
139.51552974723052,274.6566673803393,58.84086788898964,169.73183393874325,1595
172.8370854339646,280.46716178555585,77.23624383278923,187.32044397726844,2624
134.5806098410425,273.64942087167793,77.66322010163653,131.0141398014635,3273
167.1093157085976,292.53297368745984,61.362241394403064,183.04152408549265,2129
180.5430043045979,244.68342305199286,85.59486251533428,133.2058126271444,2972
194.6756244692241,217.31254391651558,86.64571495847525,179.425792823625,4932
140.0212275849672,204.78110637024798,51.04899974169667,106.98298629737258,4000
178.32979829560477,224.64598696375052,69.78788518611583,165.5242998670928,3441
126.59284506321188,214.3197503880242,94.50703206008106,167.7138080578796,1870
199.03323037936485,255.79487414344806,76.01593041219192,149.14258300809564,3030
102.57695987643511,218.4945337211732,67.38139007194971,168.70908638627108,4172
160.3528806501121,203.89337072893713,62.683807579756504,192.3183670553841,2831
165.9505981651327,203.5989828868668,62.16772599591411,173.3854824968228,4953
168.80455570741287,283.15694983648615,54.988401692540315,196.12960289846598,4219
112.0387578789089,259.1449931443025,90.86132095465462,144.8612313852072,4964
193.85297834731304,235.80853018933783,54.332870269708565,152.8290731703957,4301
118.11832790500827,289.42280427402466,64.6147382930908,126.37386972377068,3134
162.2753403239841,207.01966114077135,52.28378692831766,198.56016678008683,3570
122.26760791230849,298.03220727278256,89.06932848618501,105.51367351612724,4719
130.7216417021271,261.6291790254461,51.96418411133952,135.86204176168104,1092
154.64585417281245,218.34642539688485,65.41505519341042,129.76971647686128,1803
141.71934185645765,267.90690989769683,78.6648685043332,138.65117131280556,3200
116.02256009765063,276.3381259783563,70.47806801467219,191.77178605198657,4494
117.09364024208483,242.93427833707744,64.11355336245502,136.80378740685148,1353
141.81447881627997,286.1632606245547,63.759453621377084,191.69766527000004,1878
175.72829782755008,215.07324072964704,89.88951530031247,142.33388616632027,1607
189.79646468477887,227.88375835776083,98.69890475436225,185.47687692202084,4645
108.41276622593828,209.34923615839898,67.40205352243967,152.17500985006689,2896
139.3103907559401,221.0877840607352,51.95727568045083,131.13528434283148,1982
110.02455637228766,223.87288119111452,51.82828889545542,144.93497989678872,3964
101.65924806325978,291.763319092171,87.9606707605359,142.43810789782034,3962
166.17186826439564,207.81096887511563,77.61849108045635,125.99140620855509,3456
160.24494419665876,242.74151201877095,89.17963287086653,128.96387299919067,2110
116.30191138148862,253.2398687226913,84.87485051442874,118.64539213110544,3258
123.38128330930641,289.8693053802161,95.37531746326982,133.60005572076085,4972
102.37077536445184,299.7696218661214,94.29121455233118,162.4405803249171,1382
183.49472056944037,275.33881149198356,89.41636978105888,138.65581687096312,2618
197.46905960485515,297.0790990569029,73.75945800210718,171.2323210926292,4810
113.54595367946908,278.7101132535874,65.40632038019262,198.6978169687953,2547
123.14752137652981,296.32026409714166,75.35133937223199,137.7101079484485,3918
186.8409523946934,270.72707259444553,75.10358036599118,146.2639214089617,4224
192.6463797956185,207.97634254510712,80.51377744446688,116.41101569480976,2028
141.96273828068104,240.19201869926763,59.3048783891452,139.22152857793162,2099
105.06224722690742,264.65972838024703,82.78099402224944,172.68324507906794,3458
103.93918336928193,235.0718509454251,72.83004621029079,121.74047997424628,3051
157.39498660690106,227.33839181137785,81.01024159704296,118.20540486552292,4443
139.2895108893179,257.7399267133091,61.98024114597728,137.63748736491917,2106
102.86524275776546,293.3501876702435,71.71974469386775,181.86494857177314,1940
158.3252392312557,203.49818735161534,60.510060722626015,162.36571897114834,1430
101.13025365890225,276.92312035414375,93.76525783784008,195.75793775866063,4543
178.7371958149273,272.2727278044627,74.39805225207688,190.45404349276254,4433
130.64328227033715,296.3953425388287,61.24907077869061,115.11371968232423,3459
104.02580030092321,293.07112223325436,52.06043478707731,104.25527746072146,3016
158.83522209831534,276.2232562044193,83.78693323267709,139.90947341947543,3082
139.76844144330548,252.04087646825985,60.73223569948779,152.20794788186396,2265
197.38004133571496,220.42675532335198,99.47910961593891,151.55706152187145,4727
154.4198662503702,254.52357183255742,76.68501867075858,113.41072677710554,1907
127.52391810370082,276.53519939196536,64.4488498124016,112.48174321546104,3127
170.94388646339746,289.5669212637893,82.88387168963152,104.68607557792036,3122
127.14920025427114,278.9712009210549,63.76099617190428,185.08599260554004,3858
190.42432914075653,219.5266935191054,91.01371469548732,194.77441380681788,1283
137.47219705073763,259.96863142280597,65.4118025464971,111.56850202179717,1726
154.98685627762052,233.2173459531357,99.41238661979546,121.31223685491116,2781
105.05731038242288,200.9205667390643,80.25723927226468,108.98628847349103,4309
142.61212379522308,220.02209357886662,92.22055744713316,187.7502171140835,1336
183.2363539660995,211.32206499334492,53.64077347892111,195.8708733536241,4602
180.5648805363342,284.27191235394685,67.41497086930941,126.17965767208901,2994
122.43185588535263,225.8506252147812,86.87435430830749,130.3583829935375,2987
122.60790710105627,228.46979688875555,82.75295086702914,136.26696844129395,1585
181.73053122132367,295.99365717988843,59.712156071687886,150.24637593807313,2914
193.03984201693254,237.90867230488521,67.8101465254855,168.2460978644927,1566
109.53609212730035,200.95856401443945,63.172170374377046,150.4390583254624,3130
145.0058639426225,228.38461483461364,80.66850848809216,195.1001581676241,2699
133.74542789642288,211.92995806018124,67.22841147293875,109.98934585214987,3365
187.06884554574395,210.2808561735854,65.4527121000175,179.8605512275063,1874
108.35249146800187,207.74872901357494,60.368899021817086,133.4483090813471,3726
121.11259425580374,259.3259470175377,70.45135604573241,137.75476880865477,2651
175.24683375864942,218.93477236298585,59.77512950982768,170.88294437102252,2320
105.12938489812156,236.12427940410106,98.12847936888161,192.9377109874379,3747
149.25353807142892,286.2017716130017,57.72509057476517,171.6200778553577,2790
144.210703467972,242.43381397962756,95.66523574793882,177.58605753793967,2365
133.44011789887486,291.56913500516373,71.4236549078291,175.07792421587988,3881
139.45723153189238,249.79380533956063,68.8932995780861,132.09786059837248,1954
152.9940586930233,239.88366148397557,61.565990045242444,175.6930433182248,2888
116.13673583883832,275.0388927090702,81.78781671837595,178.45207602198016,2447
157.19958782835928,207.31750987680022,84.27640075054182,153.34003206505128,4034
180.54323292999862,208.94783829824175,73.37854811262088,153.67562386668163,3066
176.01609297901592,265.1973713922961,52.78534478467121,175.9720803062484,2846
115.38999046937737,248.69407132392482,95.9255075344275,181.70308622244073,4951
114.92494697414739,279.041525031921,99.01645664381905,133.71954420306704,3861
126.81743677449134,291.62708373435316,71.55217076059175,180.15622175752907,3051
136.10747263410371,238.83668776715476,80.68304037046636,181.4209006675411,3514
140.84555814084825,259.64100265846463,72.51493131218734,123.41256409185793,3237
167.9697216833345,250.06966277953097,66.09398254430603,171.6950745316716,2304
105.66804321658354,298.1610655642433,53.86593964289038,118.65339218361584,1062
103.46727042260665,283.10844073565954,72.80338651986494,109.30491129881293,2013
139.1910562943909,291.1737708277353,90.91922781797257,157.45430120502277,3037
169.71636921379803,225.4340087577604,50.85157305440018,190.8652198783399,2989
119.34353429564825,277.2526423162594,79.10538415901112,103.54590235257632,2902
164.1504481256252,226.5473224997649,94.03860543633445,182.65016375949216,2804
125.98281379402995,220.87425334283898,60.8774715007179,150.64712107035066,4325
188.60861088135164,294.4266159655551,59.16279323445311,186.08954487212299,4698
189.56899442666165,201.93044167178667,88.61383128509715,184.3476935171047,2877
129.72872042813265,296.53887036634296,62.754321555964665,187.52868048162887,2795
122.99937539632406,214.92618969888062,59.599213378032424,176.88739548066735,2025
141.13039720662312,281.9438081793268,68.89946252846175,184.2992354546995,3114
124.05315851801487,227.5922553068103,69.6251006135109,117.60252072012037,1877
167.23838432917034,235.07023274307272,93.70505315082829,130.38531488749416,4357
182.60646845482856,221.6757711321985,80.92217359668385,124.24861708072964,1131
167.3092130911217,258.551404248108,70.29807281697947,174.24283037280605,2071
182.43504472493495,234.8095547507874,76.71939821428835,115.36431193671359,4626
139.69921622074742,265.7393039494663,97.6982616662637,118.22277903777885,3652
115.63169707088609,201.5647317942066,55.66073383049477,187.89647207219426,3988
173.79509473975924,206.43748835150396,60.38577608623457,170.58821929128382,1992
136.0474505141554,209.96611527312487,98.12643532932776,187.53799779190868,2676
167.12708252291327,241.8993685310231,97.8662424263602,113.93552582606905,2070
127.06439419817656,281.4796172659976,58.85827106323863,139.89804045613022,4302
108.12296348066727,288.8177910378383,57.25544085626491,128.31511700763176,2759
199.25817954877635,224.48107400609007,71.054256716931,100.96810852796494,3331
115.62015079305993,257.4369724239014,52.485914624398454,128.4522960438707,3596
198.8420993963481,276.83649926926006,82.745176614257,137.95832519778793,4099
197.7279932566447,228.88294299196087,53.87480108308711,109.22196372427119,2434
179.38181039080396,240.90077367362733,52.901481354714036,156.64875578268197,4544
165.94229620819976,252.3974202685714,74.25934681044247,138.31726624726332,4741
157.78070502510846,213.48748464080478,97.88933180550507,104.64616622775455,3949
186.61015453778347,202.59822937257803,71.33979680315798,170.3978864867977,2245
128.9439521619488,215.28058093182833,67.82405793302755,172.92798338411035,2399
146.76812124848772,262.6853621253533,99.89783577511429,183.4471442969435,2032
161.9389969366502,207.36182615336816,76.59844803895918,148.55405998669826,1901
141.1190475869491,218.96963648501284,68.76207034451242,196.86587973345098,4484
142.7486454090268,233.78538856953037,69.29304066708009,191.40641445324565,2494
133.02846675020845,207.78700643063664,59.747974801675525,155.13516251001317,4141
156.4231816684536,219.16992711616345,75.61115287237695,144.4951931069417,1341
185.0574528015116,291.1269788983511,71.94275140840028,100.30344279029228,1065
120.15283780063129,201.92991322269847,63.53976481737067,171.0994531739234,1606
193.44330387534416,265.3431924174362,58.02700433008799,156.49545040496912,4764
168.90876537482296,238.4408930915185,65.56194343337768,193.75441454860805,4141
182.327321268003,267.26487394323715,75.43416638438646,159.4232125241244,3793
155.61906926300117,258.86917203634044,52.916663614240086,199.285609389273,4332
177.95167014240633,222.3498754354644,57.6872014291978,185.38192718632905,3579
101.62003973394673,284.7209487573389,97.38286334845478,195.3597935814953,2419
181.83804247795354,249.19403826093566,77.14276755156695,132.7662771285039,2381
104.01388590853665,282.25360189134716,53.17246518300189,114.93359947672664,1357
188.99133763628623,240.60125361882191,84.65438793847865,179.68721137951252,2415
199.19627472386435,298.4685553915239,53.09014350395174,178.61971029691324,1375
129.40674621767778,277.0489358501296,86.94371135231864,121.14489394055632,2209
121.03185562857936,296.59502051125736,87.49813608600135,176.47446541349126,2328
176.53633638580408,251.4326478909859,82.55394878746263,158.1973358041406,3111
125.30263409202533,247.36911322907005,86.61022723096748,110.9525144901673,1177
186.55623831722033,275.5453809325258,54.398289050652885,150.17835975702087,1234
110.28425921574767,288.029126301343,86.33902761776338,193.11380008386783,3912
112.59551963793582,296.4145795865558,56.834415986194145,150.64575454452287,1761
197.91515551006154,232.45519060324997,66.9752953635922,178.8698989553472,4878
167.38388982700047,279.8704573842639,97.13726267503165,102.89099866419565,3087
184.68872244289528,221.06455976355366,75.143773882957,172.80814128625937,2310
132.4329377351518,254.55743467454454,98.3713216041507,194.68373861374772,2282
167.64837495206044,217.9848148409199,54.44612294433688,149.95277848929356,4538
159.4241827308597,234.7397361750339,73.877829978159,133.77099130255863,2263
160.3150120122947,293.1358367206459,53.120116013843536,164.66505048868973,4574
168.25324595377214,214.60906997730862,81.51051311996424,191.62612150932193,2607
157.53591731290987,263.24008951351965,53.93535006842582,117.6769650533343,4613
142.9062369302666,259.2954272927403,58.76839012701886,140.36942100227097,1350
127.59226943805469,212.07383527089866,62.941515503464025,115.62902809818412,1540
176.8581330913202,232.59790437688122,87.43719258322416,149.66542322198927,4013
122.62724300031863,256.29815045152657,58.19810594090374,154.0422013030559,4383
169.23543061544143,218.71786089884904,92.33160266465339,194.420361472166,4009
123.33328226493266,280.06236564128153,56.595196941540046,141.25151537676274,2622
162.5330169954454,297.215650953475,51.76222245350782,156.69566135396983,4179
174.7078267129029,221.4759399962472,69.75227094848339,188.52625740541524,3878
121.87138889065392,218.6911964790576,98.97208209856475,132.14050001761586,1029
105.99433008613083,245.49350717974446,55.51711138943886,167.41638689675898,1308
113.09737429941741,274.77652771400324,55.085922201981454,175.71618488220963,2509
160.59969672710255,228.16006102352515,87.5583255397812,133.05282346870095,3093
184.94464062257356,201.98799086972804,65.60808469967827,116.43411855306445,4430
104.49968212354244,254.1220628032894,85.86408086128586,150.29095419022732,1136
173.41512590416463,295.66005677673076,60.00052947216817,135.68017301333015,1774
134.1318645950052,239.12768554069456,73.00359970990814,126.6462431792214,2598
147.85283699195224,242.01345541831006,63.264493887445894,197.3421310694105,2454
192.88595498455658,296.8901717114038,72.57641074395434,150.21530187015333,3603
133.19715047358454,269.46076116267284,88.45485462926518,185.64776938434238,4322
146.5336933939486,271.91719228421255,88.1004970238831,119.53174105433592,3480
101.3682414760681,256.27020053710675,75.78861438368618,193.94427648991308,1846
108.15987200048383,297.46092108632416,96.41859218605255,179.4431434569022,1206
125.8591591134784,268.8866484425556,63.189205122413696,180.86921561891424,3004
102.78522408210745,289.503275160517,62.01556755596165,138.97648751959287,3493
163.13753260482508,269.9378865733221,80.69032005877169,148.56369930776862,4130
142.63983568016226,273.5115824840396,81.06485171083945,159.335432589868,2229
154.8145202728022,229.04109221422465,52.3270019782487,178.97655362050648,3378
117.46471858963295,230.3478698013819,80.38888561934488,184.90567520604378,1595
129.59320294366162,278.2984649576029,68.72180786745072,107.80453093519344,3572
166.3824474852725,229.67062891698995,87.37212626602795,190.40623875331744,3796
196.53027236303998,256.27700708015317,90.40528322726365,193.7496652504261,4229
105.04167736022092,224.9352310906702,77.60769097735184,159.28874043567856,2127
189.0384320855266,281.6983380809069,50.085251575113254,118.67506132549059,3406
157.68812013112085,211.050135122769,81.8182905083321,181.84148327034893,1851
156.39195667556237,282.94466397616645,87.44406398329672,154.8587614549599,4436
150.02785352077603,260.27298005076017,62.44916331157571,181.71964537163797,1554
106.93940859041834,218.69095348270773,73.23230005703944,181.48081265893165,2202
108.98768517361607,254.20353855061182,98.28633117058942,108.67293156857924,3405
160.0912005659086,228.24988368473404,64.90577766970517,160.70214283706642,2287
134.09585714355583,232.34673347304965,61.15766255208704,148.31442992687212,1754
191.72680665776807,235.15280415968803,60.54273952390051,194.61194699995178,1548
140.65905373594723,206.3319246972321,77.94004171769981,129.66412919253963,4945
114.32814587026411,298.59616844014175,97.48935506540033,120.6000106190925,2376
171.4718833502036,203.15346281312242,80.43450646001773,189.70868560191548,4929
129.335342144101,266.24968731842785,65.166156011883,114.87155689001048,2387
152.54703073558932,237.12276477574306,81.92848890337271,168.65194587244616,2273
169.783278550517,264.6010290946699,81.24211487988937,130.00198138418108,2143
190.02641112020706,235.62482530875837,79.84625678648271,156.78457554974776,4263
179.2191194801676,267.3750646258859,57.9713103444151,161.6219432841261,1806
167.6361067872724,272.9235509468361,81.72833996724971,141.73692819579668,2927
167.96331823951436,269.05526403996447,71.50822262572498,197.4964980237096,4133
194.59246440320865,211.39619813581524,50.92960293115167,113.18331680849792,2233
129.5824097496536,265.6893234654685,76.98822435737476,139.1399089036757,4878
100.11120941961875,227.99875494540973,99.46333726092088,143.03953268743157,4981
127.19545593981987,202.88013705693336,67.48697954219918,163.10469489961815,3099
121.7891379626744,241.4830671888954,98.27796091593291,140.72597581945192,2745
166.1834585113998,243.3543102803801,54.81028708312973,109.70360113721632,1312
163.37115997655292,246.71741333524466,86.62250579336532,194.74299981808264,4988
159.34613827047238,270.4824165390716,55.71649973314177,141.60790816386856,2302
101.62434432094537,230.88438091424592,63.67857867776371,134.26737272170726,1387
172.87780544506475,231.52805131039224,78.54204176610622,144.6722124174005,2225
132.35304124854915,206.05522562412605,79.63898469883745,121.65956821289224,3186
166.50559890066313,268.6821215992296,88.76056586170856,110.02216846686508,2875
155.65784285021533,256.78260913995837,80.76557036137197,114.85784791088625,3066
134.27309254279072,234.9425112693788,79.68073521902804,116.66548270035597,3368
113.45762671041078,270.5188978917355,95.61765434945691,119.76734382158952,1094
109.44188976604809,253.7357749226877,72.60803761045786,141.99602122261922,1129
183.15183331122236,246.92449458705397,61.26328893475275,162.38992690441535,4176
191.8397542081558,251.13245436611265,58.089429251181514,162.88878380267326,3992
164.97880467642995,263.6348125267057,69.99972984047498,100.00975695619269,4268
110.34341148604834,266.00026045745994,85.6376377596848,192.09576668984,2953
140.20272168882406,228.8957819140717,52.127174246495045,182.28471805323215,3307
172.89392001051573,214.07433633911532,56.4526693254703,196.39380394360398,1986
177.98208840100682,215.66341811905187,55.30567300518197,135.99863447301928,4110
111.82186222910886,263.9390885903002,79.26250765257294,166.4799276689397,4572
100.00307188453824,287.2873285767126,62.14323252656331,116.80207492560972,1816
171.2137045880605,240.94962783455517,58.312971415069825,181.70330272203358,4202
135.65961759862057,216.95201603294623,79.63853598715112,116.13677229543688,3201
125.44813316182602,275.66024982938546,88.06549577261896,132.59857008077495,3600
101.28974697895255,283.24894744194484,66.60774582263322,149.08348559469835,4392
154.02994067614998,288.0582443120967,78.9102302838298,159.45316688527504,3169
185.11507354259817,260.68314289137334,54.90622065997301,155.96330242867316,2779
195.7631646272588,286.07285593880846,96.7595515228785,110.20960117099973,1756
156.57449506132892,201.54149584484077,66.84480926573865,142.1676002863851,2167
151.4461327739894,210.72358017695234,99.87528465867507,192.29092642058225,4257
108.50563854892411,209.25760670520987,98.92938779248911,187.23685277518516,3594
154.88728015425997,271.2604684254733,88.94117246679058,159.07835232546398,2234
137.99790789653946,206.9581783543579,51.00335477034834,157.23245754536015,3447
160.7135280883577,249.6364372466307,77.17374601921816,111.16751826493302,4104
138.87263478765468,247.27068986362892,54.34182102200057,120.02594523103033,4230
124.02991234503668,231.0703523558241,94.7569012980758,125.26397426040961,1405
109.49652752283765,287.04051699420995,89.48181263237015,148.81957285238056,2852
131.49184445888957,217.0433201879996,98.61701882978414,173.13560480957187,3411
109.66448342877523,235.24627843992397,80.41914765748977,146.07253556042582,4027
117.6896950823984,277.41715000229294,76.1086402242169,112.60610418373977,4775
198.7336158579546,203.04223143932842,75.94869279721938,143.93488770113805,2989
144.41035569066185,267.2950400246369,69.32241872271725,116.26332537488884,1162
153.18717665050167,281.6397726361571,73.43450336145705,175.11473516928845,3811
187.36185287372155,293.2267838838167,81.77062915676751,116.6500860404579,1550
199.55689004906878,287.62966404914846,96.64738037781386,148.2533989544457,1130
158.27144493446815,231.9384116833685,79.79421691280155,169.3413602661093,4167
181.24738210441717,258.6364141322953,92.85579711586837,122.81980639452087,3700
132.69410243366752,207.7293493150466,93.13899556512503,107.60301076373264,4055
130.57439574472912,225.78700035480085,75.94163379241296,156.32994760747488,3317
140.270372099456,209.42223787475075,67.37348207488108,105.42026635043925,2704
167.2507262673649,231.5187290153964,81.97869366660404,158.7768642968168,3951
168.21916892550988,287.5187213458729,72.29386709574214,175.34985375862016,4438
131.5239434649451,234.71668396742928,54.07204336609664,132.93159916723064,1786
113.32099241366286,256.18981030014265,68.89045502162168,148.8349409080692,3412
163.23962564655085,243.33808481149407,99.70360690246625,192.87618382249465,2933
112.83258621887646,245.89165242987355,52.42559350131436,147.11088641755524,4505
157.84925082293302,296.95720518365584,84.83334559504632,199.65540613933888,3658
169.34221280563088,229.61544682638578,92.05943525356236,115.70024113576729,4132
170.06114963944515,262.7324469523171,82.43629517376894,170.8933902483289,3979
175.34721106595967,242.00626695794472,78.4874115581645,165.2618598197254,2346
187.28594215656645,206.11461810476862,85.37772084893788,187.23048135263272,4800
149.99589919647883,248.9330831624236,71.46713686498279,109.24432119905407,3636
173.02491895295714,281.3343329045108,54.56808686544384,128.02065915018167,3255
161.91727353658368,209.87529686816885,98.11858771516908,113.21792257603353,3395
118.66399397976826,206.9591847396309,71.6150384992098,193.30951222719216,1044
102.56896448694081,215.36315203932668,83.26946185840089,142.6635324645257,1346
128.45413856769338,276.44001113893063,76.56552184446477,191.0065845535069,1713
144.30337063376194,272.3995384144738,52.73365359887773,129.44069943588227,4793
161.7105944428656,256.50177689061104,97.63733004962693,112.6368101361652,4911
184.99593305032053,246.82264040926324,89.62686130571618,129.65372729860164,1646
119.62457167061656,288.8325814702622,57.45489472346975,159.7174359328049,3416
112.55497898984771,276.66978238334826,99.08244381441334,184.52325917845909,3581
196.34799474743275,281.1942251301805,86.8450686085854,138.5390693224997,1357
110.80445593764071,281.32623013506543,73.61608252141545,191.48086592534844,3542
147.8491070107189,264.2717154745558,80.56850282797866,124.42320596779287,1904
158.55637287933018,245.8014624315946,55.336834100729874,169.3540687303767,1059
154.13744209074383,286.46777525856504,78.02057550078055,173.57133504822724,3345
108.60321570329432,292.60074176032504,53.68305360085297,127.3962919330616,3106
105.70269140036194,202.3806043258343,77.2427628559651,102.69698783005275,4495
110.54834274610357,205.15548732662512,77.63478443813926,136.52373420507553,1230
158.55876838726124,295.87432969084375,93.7219392580372,104.51961473061361,3844
154.4344887634321,227.71606138441948,86.2528750136147,190.07537754021777,4766
123.37407920367443,287.33694396494184,62.477619610756,195.3525262934058,1447
163.77741418455915,238.87951189614026,94.42130710939284,173.53799159460004,3660
182.00675020556494,211.91000576093555,78.66213324240029,172.66845853138338,4697
104.15789598465938,208.0443200209334,80.3189739287017,124.08926694117307,3415
149.81299435480423,215.65078990804565,58.449068461108915,107.39255765580846,1553
168.93104121026903,224.98931948673646,92.8886797984557,180.21046358609166,2052
125.23119270696871,248.85183539308264,96.5482557508272,155.91619315533677,4035
130.7770905293149,270.14979005657835,88.74953247474541,168.16275307871751,3324
161.3637902989384,298.63985764853,97.0376226322503,177.964106808623,3656
189.7935293443737,244.1506743289171,65.1149952061173,140.94342689522688,3750
180.99244203028994,251.81849423431098,93.05595841813856,114.45465899783177,2402
158.31302190995837,252.18157013832555,74.44465714318713,179.50367993628953,1830
173.02217177572493,253.94343554879362,58.195860147179246,145.37656392284075,1037
136.48224702077988,251.77406571044622,83.44002995167006,182.69242308559325,2230
164.0965528098758,200.8774755061918,84.20601353529395,143.7699146760013,2729
146.6181591127557,200.17248221098407,64.3462256878345,121.70164084573061,4723
118.99361364575608,209.7666318126123,51.374666581378506,117.10050166537823,1288
170.17382738772574,210.15566034291788,59.992362954278164,174.3921756559168,4022
155.64646373488222,270.4896908954796,69.98887738369433,157.48891227939967,2516
135.86215819535914,220.49160325159997,58.37814555299343,140.46029004646866,4840
191.13391900786308,289.4714104755613,59.70149741198021,149.2116756191332,2248
102.09341178267333,292.86063295770197,69.56953321911348,154.96386052865398,3499
131.5773151249496,297.5893337895899,98.08933071542802,123.94164418257961,3075
105.68813977776466,293.908130488702,88.21217577038242,137.81655796976892,1701
176.65273162216272,227.18883219185247,65.98742006132821,129.2411465109735,3804
170.21074541137926,250.97768447035125,97.58020344592741,138.8423846745627,3381
133.1352218736317,217.5454970196941,82.28233961293662,150.0562213517905,2396
167.5662902207073,280.62096551724335,72.77248223200701,117.33575390543659,2850
139.59372261959498,288.8431705144096,73.41500994775735,139.3515062648888,3608
175.62537914224345,285.1288839297515,70.5372233917696,138.54944433069235,4372
145.4183662736706,243.3366948696835,61.649602627296986,128.60038168422628,1203
141.22797278316656,275.8673884686781,69.33160961068529,199.8496324802452,3426
193.4729915488301,209.75791695762695,76.39481920216963,107.36275089942913,3949
125.08790998907003,204.02447706192507,76.40136753651105,164.29511392857358,2138
112.04473399965654,275.3236414308761,88.0868451106259,117.44386065364355,2043
158.4543113259458,242.53552743286838,67.93989285786763,183.95239892851822,2007
196.9321812284179,299.5549264739569,85.83990146519761,191.41965360093008,2620
137.78392137271868,209.72542158555325,78.90459193843424,140.14779826089588,3959
106.20367636287816,285.5627681535234,98.09227022634172,182.34784494207096,3443
133.93052673095673,247.99830655289918,69.26424630169913,124.99094493500604,4836
150.59316543195584,282.7150195503877,95.06082321303951,114.00685073292615,4123
116.19230066322137,281.7127282170145,91.03212736491447,131.58782664026108,4731
165.8102218056492,291.59920013620774,81.88321422947284,134.16740138910473,4257
199.77493890102005,229.78500112861028,82.72572333710586,139.7357544785579,4756
145.17394759814437,294.9799353462003,54.232496730320534,137.29589419578187,1352
135.47285567302126,215.16669603576202,97.51123027967162,141.1144452850504,2137
140.07041668344667,208.19687775934906,55.3468031747872,171.003336580513,3561
111.51461783952011,243.1615517372349,78.16166543717536,124.55801328657353,1545
188.32736014262238,282.8322968641843,66.50354002245773,101.85755957651217,1281
141.4825655521352,247.34211306334456,71.49259891449259,148.96805513812717,1672
138.72744114248414,282.9286677530514,80.50915054184085,144.8291244204864,4241
165.96902729304742,272.9686805794305,95.44256889411608,106.00649898434304,3653
144.20334209311235,220.94283861389334,72.87835617861506,113.38014015014137,1759
164.82334688078458,294.88816248994635,99.38647776532206,150.99208946848938,2344
106.14462901307876,206.07811686294033,79.64060326757499,123.47507600195793,3413
181.37233437222272,289.8279707543795,58.02769713210873,187.7598294141447,1519
194.05039528794026,230.4443448990374,59.50046474156262,117.32924864594952,4904
164.8765386159386,250.01480831643994,85.80555177946255,102.01226318485162,1109
195.4565928858811,242.23518727007345,52.51988971216909,144.75637693910602,3953
115.14323143699633,217.18345569169162,74.01707881111135,198.61631106082555,4615
147.74161894803535,235.81468664016933,57.41095549017583,163.38725263064765,4634
160.18067339454473,219.29344362927952,71.66093175889225,135.40297212619245,1952
158.17366474211866,220.3886475460524,87.49587110358598,101.68680114678583,1679
140.14617790890432,218.70568360263803,72.94064641207171,148.49484397422268,2601
133.80844093662614,248.90173803465942,58.17255544904635,120.64660021384303,4614
112.68240225504188,279.79313675113156,62.59626851783212,164.7754085446646,1958
139.17424505622782,256.8970033761241,68.37697943260912,158.30084937313012,3371
116.26608151054852,289.32065885508416,53.478059174320734,126.5213775387185,2975
173.43656764922184,263.65444885767243,79.2168818040561,106.88827342186717,3059
120.883093549459,268.93401156326047,80.37668956390252,175.50191980403346,2822
105.85653052845339,266.7607229727003,53.10759635662837,158.54640945929424,3024
155.23661378172343,244.9459193183741,70.1155660587081,184.21262495086285,4094
159.52297327194015,268.9338822200083,70.70003414423624,125.98000156367164,2184
187.19130612805054,206.9707746468961,66.69097842763006,165.2862064780412,3311
157.6981612417682,285.9851471915663,77.8869870165556,111.8680500528685,4773
134.5480853723446,277.78121434439174,67.29787450300559,129.18099079168437,1379
180.30118815263205,224.5229958231679,70.8204639738903,165.65391118773695,4824
154.0278893187421,276.80324542540825,89.87617737208028,182.55813051447933,3127
107.92802846311918,201.26426014000185,58.10546777151007,132.0925501743347,2294
156.58505603132465,221.72465724808805,80.95573476517104,179.88535565565013,3472
190.80185454216624,206.5137238670896,75.27972008454228,167.77524602732825,1615
139.63126254982205,278.02269166178945,65.25358187396745,134.86747715075998,1435
129.63258018998002,275.5874151178387,86.37673282452053,187.6396937744439,1921
114.346945701802,281.36360238018307,77.5594179770574,150.9229066035431,4149
115.14455219353573,200.44816933255288,73.86807634803476,164.8246822546082,2547
143.2771484341819,250.1232726678408,83.38346573856,149.56313419034802,1794
159.56798241615294,270.48361975173367,90.11451539906804,145.2719960490768,2134
108.06154051696018,215.54011287390153,98.63343950167881,184.79777172388566,4038
193.95685890251656,264.9790727512625,81.46751841881867,129.4704415038626,1451
175.51336174451959,208.41100993096856,93.72199927001915,103.66292223637247,4485
158.66239182836625,218.1325856104313,50.054577051147845,187.9782643544961,1259
182.84386709389906,247.5796814994601,76.51178463629456,182.50239530511828,3869
108.01867568121133,265.35651526811023,60.73237743850991,136.6560474569613,4422
147.68388777331245,214.5869126953896,54.70962285415686,118.54511387052112,3755
163.00931268616634,218.5223330830938,76.5985508532196,167.5533643048471,3899
182.86529061182893,220.4446367065663,87.3413253074547,107.87609036356392,2207
178.34695600492677,223.87008046989786,70.61362612371899,142.37547555388085,3705
127.70692497133996,222.6553848526291,83.50537246722175,108.58623215400311,3222
194.0880169559204,239.51491084976368,74.4859626920475,159.79096753287627,1711
112.43458414308704,265.37896508367226,71.8542932979713,102.720838380963,2723
187.51336186211523,243.80317831344695,64.51283202179303,162.92383756343116,4689
197.09402496046187,277.59739087498883,69.12967572505022,167.32055732893966,2978
117.71535232226256,271.9268505948615,67.48978153972139,148.71444746251512,2409
172.20660642037853,212.65269140490756,82.30935920074407,117.50073292976118,4960
104.02855187779984,204.8841623320744,55.80092556395698,110.13939386272072,3632
140.5422825139155,287.7941563999606,54.6318184343903,131.32923481370034,4343
151.6283299197674,207.98310665628733,83.00064971042302,146.52066796000125,4797
158.0645225909634,214.8339180719713,77.31490349394403,164.22083168448444,3233
193.59372482485594,202.21332755581182,71.51000483713288,100.12501275184997,3699
167.22506872941946,262.8336365298654,57.62214422039518,171.1063919235363,2924
148.1277951219237,258.2370563158349,70.55135559346557,171.27119321252763,1166
180.96750362658895,298.6903666435256,89.48658816600059,144.45378064924998,3190
195.0532820954409,288.69323963171723,94.48106178946284,134.3406445747952,1492
102.20661486822908,241.08431774809097,85.128828498211,184.23085646703586,3119
198.25212722560389,237.1585840912535,52.99560879404404,178.4587482031228,4415
108.61321390636803,229.68520342799852,83.52048883005592,198.3276088517724,3546
181.43867792687615,215.24069200378813,62.04927947731473,137.1930805338952,3194
128.03347525514124,213.8083656602009,65.76256215132025,190.68326048570984,4684
113.21796577538717,213.22837080096053,59.793660397999226,108.74018858929523,4572
143.9855639713835,211.41147571867785,88.78778953101023,141.1466066250852,2361
164.39565794476135,224.0512042405537,82.43010613186395,146.53741187486588,2108
138.0951845023475,230.66686303131164,80.59175272995904,144.08743162034582,2840
105.4565408282699,296.15789710389157,83.3986304834638,162.50981884311238,3938
159.94611396587166,257.8473251001886,61.838613070195166,117.02078388381689,3854
190.24032761106747,298.7595774513281,72.23222071626807,186.6452171726252,3893
138.32153659472516,237.24669478256732,81.66268607744945,155.17640185396394,4214
121.6332777630827,245.7626632589441,81.82970138091503,190.42095480132645,1890
144.25773459328155,232.4578659165279,89.59259313775652,100.26316440214848,2334
104.83627110487808,218.28876508965527,64.35519833440553,162.99881135929965,4440
182.04875844802748,214.31647077775793,88.51680608484112,141.24578468548327,2730
182.63408109501867,294.5079197807832,72.00922403084678,150.50990617494574,2719
158.80004634296284,298.6810681798756,83.50863460294674,174.38045107802853,3860
135.31028889383896,204.49094965087315,72.78596900326434,122.71517483366895,1970
179.97833644457833,215.03458747317666,97.43050848954717,120.4899435214388,4512
155.46870247883672,242.35240923010227,58.96511323708222,170.3007817737143,1066
182.59323085500162,218.63334763444072,83.75025442911786,152.136575894418,4805
163.14587925830205,236.38803936268835,78.82675003840794,123.36390980616903,4845
178.44054732127972,212.90963498596335,58.63655204738723,148.40186346694153,1837
159.856299321776,245.65117567217902,53.300316790583395,145.95584057771595,1926
141.41410682156663,227.16946161692593,89.95721944858317,169.14444274153115,4605
195.79458599261375,235.1905055758661,57.87256668231326,100.26611036192794,1340
154.11138248788447,209.43126514627477,59.3253341392888,158.6760265771483,4749
160.50895185405383,242.81280507101417,98.92171119945198,160.56781505122754,1101
122.04876394147493,298.32576109615695,85.86304257383154,174.55101371879198,4385
162.56507894272764,232.88330468811904,62.524342080061125,188.9230466035449,4996
157.1607649482944,287.6429274842435,79.54744800758006,144.01897971116887,1951
118.48383979470249,284.3199141623685,76.70559192012567,134.25202243088845,2133
105.95870973531437,295.20584182972107,92.22366337569238,110.23203775112863,1906
160.43593197147712,279.01095122670944,86.46603739163122,133.6835844893233,2455
176.36922693503206,265.9596827058815,91.58605627465928,106.84846644444077,3389
152.34013709220082,285.6584444227458,60.57532939886812,180.2820205341455,1827
122.67726253196457,207.56446806573496,82.01096021835026,180.70061478458365,2202
166.6521976693035,246.28306571988077,52.012042920919015,141.7237657294778,3726
108.01057266096022,298.92562386150587,53.447030613961005,125.96412338764908,3181
144.18337048019546,276.9600151294732,85.67635163522986,111.80200754522718,2053
116.33667583984202,296.2075378037223,51.22100513219657,185.12371660218463,3922
118.44590510598834,277.9634356133479,78.98825044502546,187.74952783854053,4544
120.22939491582036,287.4881967442144,92.0202549222265,126.62896145898141,1995
138.6707057043978,270.6529632303191,68.99709042090143,162.17605484677637,1384
105.11502056203976,276.050200441724,52.24202184199564,125.86536647903887,1597
139.7793440929098,252.31780098395006,85.69237248143634,122.51266271435787,1008
151.1707447114701,292.4237700814133,96.48432262320753,102.12080506314153,1135
148.32942849663252,282.50389106233615,85.85856960291339,157.71594175860625,2313
138.27841004030404,284.3884965665632,78.92236215013877,114.99415431855572,1975
183.91466080707525,267.30091009630524,61.501441493953,101.23711828669319,1978
114.53266924205042,230.4579947087249,50.76878120222485,110.48511643368172,2671
150.5696743781374,203.56297953901392,84.73360542395267,131.3769191587814,4723
106.20414169565544,293.5655129409545,61.55130879221465,166.91631901117117,3090
107.11556788779097,258.6120348805497,92.90813385911787,120.26230533321251,4176
157.38658496770964,229.81429711481402,73.31820594163057,188.75905625316716,2847
156.6018424887821,214.91351078475378,76.53177911862281,128.848841038295,4102
187.80335128444568,282.95231655007547,87.69682721331833,133.122628942365,4753
155.78736756600733,283.6520194447579,88.97153039016716,121.79771799519773,4744
195.97910204048503,281.45079681305316,82.13254165402842,125.38053370718384,3834
104.86948483999298,264.5082691966786,96.92159077063715,107.41351145531418,2788
109.8007684780741,236.60153875918758,99.11492181602097,129.47705787161894,2242
104.40658615703813,230.4070284780257,97.34427221873085,185.9617459600623,3007
118.527685033354,200.85547701181702,91.20895926719717,168.84245413956134,1112
154.1270110941678,283.360755868824,85.28126101221258,187.52682038656167,3779
164.55721814274278,208.74326974936426,83.16629289408337,110.48590143793567,4766
104.55851579486688,263.07549980407674,55.187508846026695,145.56166308421592,4331
194.59708898455995,250.40749468400884,63.57421734095563,122.9254872980115,3059
184.21653766503812,252.66893589263512,50.28441117646885,172.1215590556148,4542
129.66124821570932,292.6712845307773,56.87049351169959,197.02378247258906,2363
107.7187530226468,203.1615011271242,71.96147385845941,181.53594790502876,3919
116.98870732190574,277.3392224628772,57.32682753945367,103.52781667510064,4995
112.69444137549726,205.20523983673073,95.0831707338379,131.66596946442343,3293
112.32837792989469,203.81536059353772,90.2849592667641,102.85796904505236,4321
151.8561688665734,242.9817698141382,53.58059560447591,104.01669669309855,4641
124.58474424934003,206.30751743429667,62.4456857733633,107.95153041644139,3556
135.81397165291446,278.9143951292912,90.95359423057545,127.63269289705619,4375
198.95053333843225,252.95630936483371,90.15230632799367,130.42027676381312,4959
168.4314248925345,202.90387826597745,97.27252750588944,140.04535132348883,4963
194.89806670470014,204.05006864819194,99.87738808086802,140.4931094466296,2536
114.25565550331156,261.26685297394795,98.8135031620561,177.1409011843181,4432
138.21394748325693,280.61118176584046,70.50689928607207,114.14032435788998,4786
155.47318032823543,243.77995312747737,62.51642219010161,115.77406158042577,3091
107.6758061888738,255.45806715356244,87.92050952135313,162.6589051672234,2342
100.41874436279579,279.9829454049902,64.96364463720154,157.17421521924967,3654
167.04343337969175,261.05061740418193,90.32001800656649,115.40047054821125,2512
164.18195168014353,222.47602376588196,76.69773651989622,185.22644268539193,4365
141.07888099996117,261.30520258694787,89.69636376174769,132.90594141012073,3556
148.96440760320326,262.82794590652134,63.79399398585052,136.6967348544486,4592
141.54430005920895,273.41069808811267,75.40136577769104,142.04600808345884,2797
102.40050448448889,262.0874187556801,78.20118968010911,132.27018707389357,2349
133.53716062174624,296.9242130458038,97.15540338600661,155.74550522726264,2276
117.70822553972899,219.72883087170686,63.329878841520866,138.86477231581983,1307
109.84241891013687,295.10906795670763,96.83441196424474,125.94347259452876,2346
195.67204338893498,253.83394903500164,90.24294577328578,190.44748677107742,2631
159.93597250421658,267.1956140494912,86.54470270433477,130.83507401401548,1866
172.86562842366027,209.94615974521898,89.34351345925626,169.8488925468822,3959
131.53637432661174,238.0575941378107,80.27125229400285,134.72267703568963,4713
139.31471294940152,276.93791464631727,62.20400052312429,143.52199868774719,3083
123.69239938967235,270.691101509899,59.47474844199264,123.59435234013316,2640
109.69656709654248,204.013938816541,93.31707179251953,175.23296193872542,1710
117.90316374415838,254.65942634972447,86.25697012979165,173.7203251426253,2314
179.7514045296486,208.82781929684094,60.66021413804745,102.22399458081001,4959
167.75458051837757,299.58564291781624,80.75466829372007,106.01940403012918,4613
154.69288759854769,289.72965885332945,72.37732407071118,192.23764547449395,3988
147.5089872866768,202.1080660428537,57.9327584981547,188.88268472378508,2628
192.24342836561243,285.8649578902631,76.59285546785821,150.60871927785303,2512
107.27349477786684,291.9429600558408,64.07595462332087,149.33573915583366,4008
128.0600813237916,235.3548222563455,54.812206207878575,181.24241743837925,3283
134.9937853570714,271.9501655047766,73.34791492727054,113.84501468848791,4456
178.24258122127878,244.21037462077788,79.50542760467809,165.3699121345959,3408
199.25146201619714,265.5232484576344,52.34532051905752,147.59829944872595,4778
124.0670514757153,234.03174042981914,70.10463747054985,174.33310293156228,2279
187.43073341370805,232.25592366332683,62.88309599183427,103.01027913119904,1867
183.0622760431791,242.4433888857579,51.53252953536162,159.27255497239386,2382
122.46573976417666,214.5567758652501,56.28312748057529,155.67282152155576,4614
139.93325801992225,283.11389644353824,56.95170794091888,184.08483295891853,3072
140.9672869292519,234.86978953616367,59.143712405898555,167.68362975550278,3862
197.82206685265584,240.01495539058453,90.16887857189606,188.01603583956376,3999
118.08919013788983,289.40546127021446,71.97459332390696,188.72733216425587,1983
179.9157971104782,249.66238140631714,57.354299613519345,140.81640008997178,2024
133.419271417311,254.42539093508628,55.01484834639446,113.74341337518132,3405
173.08703457761604,295.6498124777098,64.89702293645195,163.0283655822188,1117
142.0011004295663,288.67263831449895,89.90077593522261,187.37460984085104,3526
157.835976311654,216.94667088884395,68.22299239698218,107.49533441947608,3724
183.2611773326131,247.32150299181052,57.994868014696905,155.7923273084664,3506
180.41655649838842,297.12962274285456,70.205809077308,111.49995266598239,3160
186.64231835397,237.23662982286027,77.76557786435288,102.69959917552019,2218
105.96173253446591,237.15731085162,51.47920918190069,167.96353539408335,4723
169.2050553039745,219.50302317891544,81.38209007200865,168.1849611872164,2043
113.99873767217629,211.4323114119125,69.75503765073947,160.06580449963622,4357
141.5818568018411,274.0304790755982,50.48629375655972,185.9222803901797,3505
154.85884150546883,277.00304687015165,83.69446994731905,108.08764397934783,4814
140.27394847468307,296.90129635029996,85.61938177813241,110.52602616987593,4519
151.96116758030075,277.3418210905363,81.44198942793415,186.45354379794472,4662
199.65263087986193,224.33524940335988,67.09651087992111,150.32767198862632,3687
113.52173137128547,204.01165782885155,76.48024270329806,127.30528088382373,4156
167.54560453364257,298.543738436966,69.35788530667176,173.81569779852873,1575
139.60009663856152,234.04506955436057,85.03108650798472,189.4403722604402,4345
113.30097989073288,231.19715424324207,79.17900931168444,168.96032862029622,3847
115.87367633743095,290.59552097493827,54.08995569137249,179.19325966784493,1402
194.9273106245617,258.5099898544986,82.15467791094987,128.24972401951925,1252
187.9601496711762,221.48711738491346,84.36192071689007,128.87753594105425,2629
190.7041960415022,288.90962427162395,68.53510903073497,186.41238803546324,4872
199.15327758273867,299.33608550547433,93.78928904798522,161.48628486552153,4005
120.83153900085179,208.66785611508308,92.15071774224813,123.41627516737364,3709
135.5439337364062,286.22516283024873,58.75832619498689,152.41618154622122,4436
166.92190299248665,239.0515697684394,95.21331542429343,168.58604714722492,1668
148.38025398606473,252.40724465067044,72.04361857475388,121.8549081250788,1727
141.83895333783335,291.4815975764981,86.18748263171466,165.4906408207736,4331
135.7811249335593,297.33791957751174,90.7048503483618,104.21448498177678,2457
159.37806319434523,226.21639104087993,75.2556210534845,130.36916230041612,3659
157.55934286400822,221.28507709599137,69.95509696854079,167.39718117261148,2145
116.14578340642402,208.0516558591512,95.77256843075492,114.93490654899016,4715
147.1739837518439,256.1797852662138,61.54267764677116,122.21990306424989,2540
155.34717762098498,201.36043954506684,62.84850388595723,187.90932903583894,1978
157.02869387313905,241.18982976099366,68.08101570067186,167.43210994316084,4816
121.01071929123518,207.33840166520085,92.97328889852828,149.89187102566737,3726
174.22713922522868,240.5225782929334,96.9394132106538,121.08933921274523,1568
102.51990948210697,203.99321892656093,61.003385737743095,134.1409656582258,1542
135.48318555431626,283.52172606087686,93.19350738156227,157.43304982873593,1518
178.02126485356337,220.97389939385658,62.910147973428465,115.53125939046684,3059
156.38929210554022,232.8308710357912,98.53206233749441,148.1744079898189,1009
126.11624325108602,287.0047996606392,79.8703945990791,140.89743941380223,1156
169.49531193430477,274.6266061332205,50.35432337236912,147.66873414276182,4059
156.73909441560733,221.90383616420584,51.706495203558895,110.55608212802994,3772
179.62436094563873,207.1899418657496,57.374226540235426,110.64970870450286,1140
173.50251861898232,271.567377685534,59.37865789093784,196.41109527463215,3686
161.01079220362345,239.07025506881092,88.38095614132983,197.93677337247686,4781
148.81776753108142,276.6079999118221,61.138293820847494,142.61646579118184,4998
113.31821256675234,244.52947723752104,98.457081002493,178.89954536508372,1136
126.13330178853838,234.60024129722763,81.80560286014692,165.5791426923077,1690
141.90994729170853,245.12054082123964,84.62587546267588,111.6916854618389,2623
159.92992870063887,274.8558985670677,60.89082596426037,129.66786573346977,2423
151.37078552153048,290.22202865403744,94.63531570475423,131.36514086445203,3490
128.81845259595295,204.97671965885755,83.39072864099657,159.5774434859224,2465
100.64643577897105,252.4111541226955,93.2202812170932,157.997671231447,4338
149.6239221900814,203.28354290838777,97.82405486156135,192.35086937027557,1675
128.5625988562243,246.84095450243586,56.28204885547982,179.00363139762737,4832
173.46083007105352,288.52828290969,54.82936151344728,185.68476646029737,2536
102.39462652704835,236.15902664203097,90.17039132948179,189.12286136110095,3324
158.4827811305791,293.24504210806435,93.30630295470851,180.12766725549804,4755
194.14742375060655,263.0608471650609,79.18807104389928,133.28812610571077,2379
117.44092671114996,293.41553437930065,68.30002738752603,121.50129713345001,1932
147.16494907505955,275.71666254125194,82.63148180376119,157.1767338021047,4845
109.14219918171382,210.34351666487623,65.28320362962286,168.95683164533187,4725
162.56819122613527,223.1151367562677,61.919284607673404,138.65679689631656,4164
155.05316805962255,239.41704545835063,74.40726047636328,184.83386499645104,3688
140.73655242128325,217.0106882012076,60.807691380318985,196.05665928179835,4207
152.1377021473741,249.49116047766606,74.18518041575865,156.9395726137352,3158
189.657465846901,247.13681557014905,97.8303252731786,145.65920622162184,2067
119.62943023110671,295.6259198027381,91.98920178086952,184.2887116942518,3938
102.25645117053472,243.37278828959776,97.08154597500112,102.42695469893867,1210
186.1664884699101,278.5626804287998,90.31644874236792,112.9012615834248,3390
157.71170823879066,294.191054485148,67.73754679731384,184.5657659006268,4430
189.06584554618422,287.69888309739855,90.60226192757796,173.20285856479924,3408
159.69452234131725,220.8667624511592,96.14578717766071,141.6136698204326,4402
181.01610899597023,249.60298942535442,97.35178939185272,188.88518577244048,3458
142.9673363355148,234.77397822959256,84.15989253424985,135.14582876453872,3806
174.98599312882686,239.98586951372155,60.568332190755655,163.38453578669174,1507
191.3041466889856,236.08068262457513,51.98645766823454,163.4334470325916,1231
157.21229637222064,282.63592101750044,57.360011408007786,118.43318926142362,1803
118.07851505623796,245.21390551224474,98.27734589469728,128.4851736164058,2193
126.87976150301982,252.36943322446882,73.10484120963847,191.60069226960857,4475
119.86445768974058,298.24473570470747,92.74930074160287,118.3414853793417,1233
124.68570275957329,205.99792721915165,73.25220767791456,117.35746218476245,3567
130.64154493510364,248.79576397907488,83.04087917299196,147.96154737338742,3349
155.51337867531885,277.4061706946116,51.20703885611668,109.2197368237841,3147
158.79916294638326,215.11619581882266,62.49324713596834,189.46261889843734,3300
142.6499747241861,261.1531594614774,71.81346400212946,110.0149138312471,3355
161.54207798208353,223.94647795344667,81.53155235770816,161.65574768407944,3841
108.15749256113659,286.74041132245674,58.57605940265893,133.9781856445318,3850
108.778823705816,232.70996654000794,88.2275732135245,180.4272885471034,2723
117.18294603576584,232.90628169009096,68.22023530681187,158.98107457675385,1386
151.80774980403447,259.8193878517894,90.87176346169423,138.8306141079438,2146
121.39946786983135,218.35629081199087,54.898454519753365,198.38729845448108,1131
128.32844034925773,228.4888638903061,83.9878293841186,106.62309884655306,4307
140.0312836172994,241.66318501194115,64.66641666032551,157.77863032306766,3268
181.18661240103796,235.36378631401104,89.7691587061309,198.95683115440448,3109
101.38621359128601,252.48772180055823,70.10852135212053,169.09526432130173,1831
164.93788202366224,259.96401440689664,83.26748161317832,173.97696316421928,4761
166.88765310406853,256.6667453750165,96.71526343182367,103.20911445794859,1731
179.86557803566365,265.4168311991932,51.03133160068822,102.13631630969624,1402
193.27529390603132,230.77495166078202,50.55583911671868,103.61101119821929,3218
102.01378489492899,212.6426227155028,88.51396260883567,199.17239021762322,2499
115.37837055132162,276.0807541431077,82.31965257540391,197.95197607408514,2617
188.61712940559931,285.0780382630682,64.64898602522163,133.45089257642618,1013
145.85185621870153,225.70062322224322,74.71983513871312,129.09818162658289,1269
156.45906389334635,240.70919561580197,52.09678327994344,114.59587455178442,2077
166.30272037231475,249.85692169635553,59.62228026806204,132.91402991647584,4484
167.90666044956373,253.33268427529364,71.22481872635838,137.01499305472703,2154
193.17404033165082,265.9490171087652,91.70222081107411,174.82828167590338,4681
199.69494174116699,204.16032333553213,73.98335914300424,186.62935529197347,3760
172.01574609309404,272.1477082734017,79.31812522629893,174.67351197413882,3919
128.72212092051507,206.19710069794104,93.68768959968902,164.64751010955723,2796
187.97524022943435,246.8288567672868,65.44094567944227,176.5900078088798,4804
104.92209145407617,282.7671135569194,85.03496605510279,173.84974791518053,2540
123.10808528744963,245.12153132783962,93.08336293391267,147.5749693730395,3676
189.7385717463715,214.90897487682477,60.13078503480884,133.58514024613578,3348
125.6191514439355,298.503384500596,67.82390825739162,128.27807168775996,3751
122.06510596217484,288.92854620742634,98.99050869446776,167.93554595127816,2983
113.81252931402473,277.1313633225014,99.16092823981054,195.93041244452252,2962
185.91117576469165,241.15116028992105,61.16149651469689,158.105471893563,1426
150.00582591910867,218.38457268892978,53.3222919446314,191.2526502472266,3163
167.48932030541548,294.14111814185014,63.54608056550264,101.42293709729475,3283
123.90663840750297,253.2351126517139,69.88659786518437,179.44706467360058,2586
175.80404210112164,285.2355460387485,72.05028004655819,185.36026579600798,3060
176.00055449620984,234.20950057594257,80.94031536652119,163.09938379436957,4289
131.25980249083,233.52883170794706,94.97513800657731,193.40609993617295,2352
141.06826330102828,298.5540480674039,66.51740059535813,158.99129928812997,1067
120.96902774302009,252.18330484948498,92.49922677496042,124.05369025267493,3790
197.65610233229043,214.06954238607463,54.673946046331345,121.57172294481943,3884
164.56025770584117,221.96746779947074,52.09373494866074,155.58362666927152,1390
193.45438807155153,248.1944279392721,75.20225915617306,190.6483930496211,2115
130.33855436291333,204.24709104884113,52.98311116653024,107.2367945755077,3151
178.18909129968898,246.25339853783004,69.62449006171151,160.4390512210911,4661
176.5858643884742,241.89408420801277,94.83890584346172,176.98034729820245,3007
169.16556518665413,277.9336265319487,62.074151810373664,111.54020696235692,2449
196.56389752668002,235.49419644892419,85.29878875624516,111.6769690712013,3661
139.35553361063154,298.2548761539599,65.11826961950334,136.6127996669588,1772
113.07173235897574,218.07699193009032,52.246002762106784,127.38811735497168,2966
167.1708859244061,259.0986684968135,77.83452907051547,119.83141588936897,3351
172.93098004772062,208.96992970082547,91.74267452683759,119.86941736113452,3426
157.50605734588146,273.3863983993982,70.47342241713096,113.06690324248359,4809
120.68178931333964,299.47536880619714,80.86469132290435,161.08540130819523,4419
150.44559416693554,281.91386377516324,95.00117988288629,168.8125603584087,4246
131.21897365691294,255.5703540720301,89.48472563684939,170.29362268790447,2415
142.7466528166689,248.4741357399692,59.69381996964097,153.2353976138606,4476
164.52185758446637,283.5029961266847,86.66919796825029,195.29062696655666,1087
174.52147426908346,293.5974084710724,75.0946512580076,188.05327775900656,3677
123.22246909013431,298.9206525798093,87.29834039430423,195.763114266628,2815
140.53253606469534,239.65392275644842,74.7257775261109,138.8795478127178,2676
126.91615709916292,299.0917474794512,56.39790820541514,187.77831599550245,1624
119.8631613861869,215.59262521738316,78.49547233446197,176.28746994068837,2934
178.33872199958384,225.3549775931909,74.60669961986699,133.99729030340131,2272
190.92526944369922,208.9016124733896,75.89608668207208,110.65932585042194,3413
137.02321856845768,227.17385164844816,93.94512268229352,168.26212498968079,2112
175.1278924373767,276.79375516180113,94.74185233531257,113.64523241218804,3924
189.6995289364411,285.292435817845,72.67685533828592,129.3775807001112,4892
184.61242105302316,277.8892645102572,72.78660206400443,150.03645764437874,3779
118.28133885392259,263.10657781676963,75.7593479436308,167.98825351484732,1998
195.62918815133614,251.39665125226458,75.97946391671285,192.6227657197305,3503
137.66764404294625,270.87042892136463,97.51935720895563,159.32400448489966,3462
133.92406611738363,239.08335492672217,82.47002336887468,167.14130996720948,1454
106.24313272777803,284.13083514997015,63.8728497443972,131.0013850150978,4634
148.6173654104883,267.7190093976785,76.57683984769949,168.72926164285388,3558
110.90136156409287,269.78046984944086,81.36117914539915,143.77901207300744,4246
124.8539820927426,253.59359931290712,81.98858605069822,185.69311828837738,1934
131.69426217672813,288.52289842111725,79.26271131190913,139.24505139014744,1208
180.8826323491684,225.20147336790524,58.88680773107687,146.8272021656557,4700
187.54886503958966,238.11476533610508,51.679659453975376,143.2587756910258,4384
130.24663174614696,277.7642569677689,66.89215261834272,181.1122834307385,3418
185.86981212445738,249.27488961293378,71.37610772801267,195.36991970119053,2336
185.7230937369791,288.9214013424191,53.090211978804334,132.72763009832738,3850
176.46509503848733,234.63993197628523,90.74836690099231,147.50279007620767,2527
114.66951140151815,236.93301688196448,67.20387187551368,170.59262666932358,3133
169.0322846900729,288.87357893866255,95.68163730892523,189.53816220347312,1646
194.5024064580569,246.4370320182041,57.72050539211326,149.37006968460207,3868
168.2540478767157,251.6124584202487,52.84674784686567,110.88935082267272,4337
133.16168491078338,233.27637153356795,74.11580521931609,136.86713835013217,2243
150.05793174308315,227.66699421790818,59.456466841285334,155.0361885440113,3342
164.57250433510535,265.59487108383917,96.86996377889307,141.75246059660327,2721
151.05704087285037,211.9840661541204,50.51516992268695,118.655572678807,3026
111.99529417309698,287.9272641182909,70.63098375295175,103.69894953432176,3553
131.20640446520207,277.9203136765108,96.33738856725842,168.7408666079895,3012
180.23960305536326,219.07482637058027,69.22091033648842,199.27371907771425,2186
186.14180460955174,269.40199458245655,54.65546403002304,191.9206633896617,2150
113.73000327155702,260.2632921285635,65.14474714308935,168.32709108608134,3874
195.23867523987246,218.45350507366442,74.90051969172167,184.15298085164292,1116
132.88226178486093,227.32035060502324,59.25758436716666,125.57276184671932,2429
166.23137387307202,240.89865037338345,73.3280852571631,162.24344360784465,1648
175.18251459566812,269.9242735245474,91.81715978929188,106.06042153989654,4839
181.19462346378833,263.8723408817006,93.63089850983064,170.71839273124579,1355
194.574970222593,253.2234847676698,52.463036735536605,196.98723390242685,3823
131.29195480288226,276.8410543114034,58.04516790262868,186.0797307217859,2022
185.85064545515544,275.7937739606166,63.764506788340206,153.44408747716375,4293
113.16869034362071,261.78591540622557,79.7432925443801,178.87402193127767,4447
170.50409063535926,278.69900833848254,68.04973793962336,194.38988099481645,4385
174.19777295139858,233.42633747792092,92.20204567230377,121.60175779392154,4966
167.77232412013205,288.12495283226053,85.83359341414689,179.3258512977378,4934
125.2314736135153,261.4910085801941,55.02280115567541,126.98469579688535,2173
187.30431470152035,282.236351381243,81.22787512560456,187.69474219396665,3283
116.8858463370395,254.6279104790284,55.65063126734892,109.83545056901454,4934
105.36347915208309,221.84382449886803,62.751783481823004,117.82184188698415,2191
171.74649906119123,254.24101286783088,58.893531676711405,172.06164634718016,2518
147.54757152327338,237.1111663776588,58.65309746003525,117.4777503863249,4483
184.9098019958676,269.74990360370947,80.81977623884296,115.80543019030443,3989
138.3397141058259,247.57937917347357,78.18024612770807,155.5466877398872,1068
116.82785885077128,283.61128049276874,58.80140763938634,183.49872377090708,2744
183.64421924698698,267.8072512321917,99.50864027092159,126.84674252746291,4635
154.89096316400716,268.4544433031324,71.09183661841469,184.1138182705485,1266
118.91957923903549,221.7155333491065,54.85346640774683,180.79533965459746,4221
172.0383998586446,298.424976649129,56.02845084775576,157.91054009593356,1814
151.11136384895005,284.16752092714887,79.19468568632973,164.656275368727,2880
160.431298224032,278.90048845606947,98.95347016917364,104.04411866119082,2548
146.08983382065819,233.02152251600273,78.59755508095989,136.71355583037132,1381
182.87089838180066,253.5631652847232,97.45207383083186,126.33949311183525,2635
182.956271568305,213.71031880743286,72.20664253790133,115.00038607274723,1373
170.93888218243862,253.8475976662706,71.79205518260059,138.96593291569815,1684
110.54013773964623,214.5889246483287,75.00036796579411,135.4904196347433,1505
183.8853861904069,255.30378439896012,84.87127290777777,172.8891678129727,3284
167.10129805329098,264.87218801549056,68.38079832256663,159.80963404767533,4658
169.70241660042996,239.01959672499024,93.19430163394784,191.31000688020194,3372
136.29828404038716,249.85448783312933,51.46406923840731,114.54075830558389,4960
187.92795561570068,287.56533876745857,71.98820975142212,105.9748605323526,4321
172.53716002348574,210.85631447028095,75.54959249899589,153.46077874911288,3637
111.25904665291945,279.1732892999653,80.35161191315481,100.10271386107851,3837
140.77780344061625,217.07545509961963,63.80359561829316,178.77189431349655,2474
188.63803619601418,203.67079828046283,71.37399854929177,150.59728886850095,1753
104.7196701697379,218.55746027450476,74.22688751070282,148.80655760578935,2954
196.14166196420496,276.504318997049,84.34549893416066,136.24959787241744,2951
167.91625683195628,240.512607333686,88.6772092367907,137.49738361487624,2445
163.13759776433767,287.2520516846182,86.89136636718936,143.11336782506558,2849
127.05592564879913,252.47075411822658,67.07915261447927,101.60323444260302,2239
124.87917887391771,202.2250351926331,99.97252614959818,108.35457872162047,1731
194.20582194885955,271.67136096019266,92.43326558935897,150.50480200112372,1020
129.82724542341228,211.02329087212328,63.00116865724844,115.01222652198041,1304
177.55052967189994,278.9379633461924,59.75529028364138,177.87626083469982,4424
139.3121798207079,216.810254980518,65.70106252916952,127.44851740045257,1603
113.9254070784704,234.54463858055135,72.61724264998224,109.7899637349324,3854
101.0715297695359,276.127142962536,92.5399689159807,123.52099259034497,2009
154.42573370152508,295.42313574764216,88.91811318972672,135.70982301557882,1444
197.57788185489326,237.14339506467323,92.5623061752938,103.53166085948835,4683
136.91361938092047,282.9400220198936,63.597855745516426,114.1675524386329,3313
135.71923339930447,219.07922654758386,79.6730611225918,132.38467544775196,4044
134.40916178494422,280.7179770202491,64.16245311386872,131.0480473809764,2191
152.05438373048585,265.74940592562507,55.45115803597466,180.03866965598394,2081
144.06648834242935,219.27435072123683,84.20988717373403,184.32554753126533,3648
187.99146267270146,230.25039603514116,57.14987755977194,119.341859914355,2708
150.55207917234904,213.1770888597036,83.38488808532358,112.39398839128474,4728
150.7757838188569,238.29670110643133,82.39821524527045,163.41624843214183,3680
113.83715947205566,220.36486411232775,90.51242222120085,180.46235556954315,1756
198.2739540910386,264.39979536304736,56.97773022817822,196.37230972241315,1323
124.99728908688297,299.45051042205586,89.17400742544055,100.67962847465142,2289
107.33640674596026,201.2009163084264,99.96382629731185,141.36781134268045,4956
166.3146248975209,254.09198132872987,92.55212242929511,173.39878340943858,2085
159.53663701568726,257.366659754901,87.59060381638332,182.85592988743542,3136
141.51456539927457,291.4208789680812,83.10826773473538,106.22859486830978,3463
142.2192233880678,250.60053347669376,71.08907423427146,168.06145194641272,2607
178.5063921046431,254.37014196449175,86.52500839458011,128.893871739897,3729
119.5712640099649,247.16528013283886,86.20890175702266,107.45969593331253,4756
182.02533189448897,226.89043045614812,81.5749141343644,148.9102581754667,2099
164.8747113895018,205.60291332489138,89.81391891489142,115.81533432041459,3452
141.89697737795245,240.86576822098363,72.43819442134173,173.70075180616846,3412
145.80286165838686,205.25914712406785,56.06263560661953,174.12617996994535,4994
125.66472071860957,255.04924694659178,77.95338638046186,184.20677649875094,4967
175.21143326969747,230.72936432422932,63.25217643556713,137.75686851477522,4741
151.28747423052678,253.3602401525428,69.2216548714575,101.33097972306436,4913
132.08545427498436,213.42969643951866,50.870745197061304,125.97359383744796,4796
159.60501157609502,293.262996573936,69.13952939589417,146.7811699525277,1384
199.57344520513232,289.4521243549935,90.44005530677273,169.40112794160504,1008
143.52622796565538,218.99965092022845,77.13611834691274,138.20405856867413,3562
192.06914007786196,234.34442832940098,50.49002634669855,153.6048396067138,4440
134.5016839924566,261.34927718519793,73.49219101199236,152.4263587455717,3356
105.47327069249859,209.56862073059062,64.57258238227037,116.49823493583166,3217
120.42421063684289,235.4567821116151,73.87753276985856,162.30495000800127,1146
141.8695143327684,225.1112286819006,70.23463607239385,143.92517282053979,4589
121.9634928594569,291.55167287166967,96.59896097786907,180.7918701652493,2926
100.02270382182556,285.2510636289205,52.05886494815079,169.06112081288998,4754
191.50015377475273,257.9832741266864,84.17940056409661,111.14691861975547,1079
184.3879411230929,252.03463368715742,92.55132981508707,148.87584100365686,1803
174.2292231486947,293.0725794545397,97.96192923252377,170.24943584941875,3499
116.78145956460287,293.2427782978815,58.88181132721479,108.70117258073427,4537
112.0363576209986,296.93301253516603,76.56524009830969,179.24970325566315,2759
106.76047494723832,212.53788841081877,52.179478865860595,122.20045146443994,4935
172.4029188772921,216.05578107631703,74.95917622275442,150.30847954736896,1977
192.88079606878853,267.6736698679887,56.272904477049096,194.0561287472636,1806
143.0535820913037,254.1434476609845,91.89483373493567,157.1334234822284,2578
111.91406719960482,201.8465904893236,55.69350013026824,142.40544517039473,2956
151.23928207321066,206.19750359895193,75.66441801932476,100.67949273991427,3804
134.883190745863,288.8080382258805,76.05480344963769,113.34136227740781,4483
137.48249243499976,286.88707955393863,98.58252489658027,157.86638850979875,2585
162.13306241557072,235.7270921996045,82.74903470194441,149.38250406537384,1294
171.87181132622024,289.10506169305347,64.39201465384009,136.38291756468314,2153
111.06035988731608,259.3675074397902,62.03996549690692,192.32158853941172,2916
103.55902308064763,280.5905647018902,56.41241028225325,133.24825374259407,2787
199.43303026857149,242.74310711602143,87.82573620245297,153.71507564441066,2188
123.27283489155519,211.33983273449087,84.53783280911694,156.871340952413,1612
105.38305249084591,243.37270626460162,80.49385636540529,152.74683900639226,3930
118.987532909592,245.7299797996898,52.04202214749942,147.75853915400992,3497
103.89578463484642,255.0944193840603,88.14144331971472,133.70637360119082,2810
139.18108946171716,210.5582712904428,82.09437885742396,190.87636330396197,4578
180.24017844513241,299.14018630496116,98.19444340552442,145.08032617591448,1068
134.12444497577206,224.41368208069065,79.3601064938406,152.84488673460757,1555
144.41834068783666,219.8552403537093,65.1975953330854,165.64779838302422,3956
167.55867735674389,252.68029188559365,69.07602760946601,106.76560424315346,2685
150.88940700698802,253.72081793948885,58.792035268911626,178.12881414632452,1499
186.14456860213244,243.98207378332444,86.14570911006925,151.25073100860357,4206
186.60356750457566,277.1892146325255,85.38608300108626,165.7176935844967,4969
100.99106954911537,251.66544007286026,60.03250077388381,177.20120654136912,1829
177.80463064831991,260.9695455144984,57.92446615911393,187.40993907642147,1501
146.07336002416739,272.37463854077856,53.85024666010973,139.22204169529311,1973
198.8840541303663,202.50251015638665,95.59878718408794,181.1429892682255,4416
148.32320758754352,257.06441825450446,61.653491684742555,125.88368955659017,1729
198.68959453882974,288.4194471228369,67.2081763375902,166.03356509573663,1900
175.45693612057366,201.7388742925434,64.02522541887453,110.27073006796394,1659
124.86048846133063,240.5182103800961,70.68123013053955,102.00304674240752,4709
153.83949792869578,292.622745020583,85.70243996912416,109.57631261126397,1760
199.2135639478583,235.31544022825378,93.52978168631422,131.9382486562476,3101
185.75306077519235,245.8728824200241,59.12993747642701,103.10946138246642,1331
109.73668937912211,298.1541393044313,84.32061718705825,163.04912721872626,1958
170.6371996809996,219.9323858950574,67.62810711212425,131.6544538382265,4491
134.55795858708132,206.5255189125006,99.02635841486463,173.6376067714298,2758
100.69822618803481,285.94225908613043,64.94595796420384,104.59151362696056,2744
140.34809690269995,286.84653412123686,50.359647800393,121.67015665474982,3703
123.47544217249713,247.2077834680013,75.78199870099226,140.80034253296986,1312
181.88692705204716,251.42071744772863,57.53655421379689,138.26515622940462,2855
133.73306088457656,283.5806369617836,52.224721340919956,113.09986728363404,4209
182.75236939538172,273.85594981157953,84.91346159738544,199.41368135816572,1354
100.05979388347953,226.51490022170105,86.61296412542282,128.4439580833836,2525
130.78191500261192,201.68933550715184,73.03495065582513,172.1032084651463,3272
124.1165214307762,247.97001625335457,83.84427583782886,122.00266972117183,1613
123.35673610686109,285.89123260956416,76.91197241235669,187.78512107260838,1098
106.81866197654627,289.5834676690162,81.49005538609659,138.77583101496924,3354
118.71242704105018,295.6226197076154,79.83519865939806,190.09024889891043,1794
155.554956988562,287.9563237612781,83.29113820277962,134.1834919633971,3438
129.13610728377444,258.00435552980986,59.981532433658565,100.86438214969135,4162
141.7394782329148,244.4605599236101,63.43533100183501,151.70204310784612,4880
137.68668803471886,277.4849846534099,71.9981574753846,152.47879361510965,3421
187.59049249998947,273.98216343655963,72.30640047095932,111.98341827886355,1203
190.52989990105155,253.81434300814544,88.72058557934521,123.49635734192924,4965
149.295697165586,208.7327372558469,68.3696829614766,178.34955909813493,2773
133.01559503156045,292.6081346786919,58.12525780295912,103.67558246286592,1608
110.68007040023636,245.56025375016623,62.57329852455379,148.95266866866808,3680
195.34028793820949,236.33337819162642,60.73667511921142,153.0408123413563,4980
106.02269449002975,262.9567395168772,86.5830009628011,168.8712060676124,2140
129.76502775682803,267.3837961166977,73.5169807312991,103.74562674001352,1065
129.80662011700042,221.06879170303014,85.43153489854917,158.5646327090464,3178
132.04012861402148,283.6938844809956,70.81098403788135,100.30980365781832,1778
116.42868432724093,228.9937093662378,94.48678012519525,126.51783672891906,1900
178.3161430923697,218.66839259143165,99.17601538613673,149.9684255316481,1827
112.24978619659892,240.63998528544974,83.49212543513059,191.12813374256172,2409
163.49066591531627,273.0560080897465,93.19062786181095,112.65898160055355,3139
112.38460267058174,296.54581784398033,75.39666335860313,116.9289129003275,2100
107.05356375929566,280.9281264371433,96.73104201769539,166.92500643838275,4821
190.94295036858765,294.03483776701916,91.5793242836414,137.4861693822399,4323
119.01287663187057,214.06058040765268,99.58892858830195,162.34214019228716,1738
182.1250154559704,207.11767988636768,81.15468676638903,199.74541671342672,2895
154.4630871107136,255.77047619066713,88.96033701341142,198.6871661348854,4391
107.78565196087696,229.02974830440343,77.14340699891068,135.37135794944214,3700
195.54481914380676,282.8054972969273,62.956005213571146,150.39253538248326,3101
124.69611669918925,267.19878714023264,67.73775855648789,190.46901586293933,4723
185.96453453526067,297.07281639857945,94.70027073656581,109.21676624085576,1657
116.88100057845642,225.4792355731304,52.79739732993103,145.23039038368472,4857
185.39428821418528,248.57841143552324,79.57399430372041,137.7577348316459,4216
101.3228812905294,250.1240477425353,68.62420162520543,129.48827726609971,3726
151.17804565694806,223.9176794857376,69.33462690027778,199.4204211922348,2109
176.94425794215567,259.0093399488008,94.22856032068836,173.35492939723778,4212
193.47955174927833,244.32859860792394,92.69111872731133,138.8746992392922,3092
190.92021362064872,244.67215559898736,79.94211877862344,182.90218916654192,2663
181.96248695476447,236.27366479724836,63.645942370216694,148.96661007120568,4941
188.8191349661304,201.69293524255352,73.7728173081012,187.28244123678587,3164
119.92196858370765,252.2095236914789,70.4146696894608,126.63798456305784,1146
128.41842957117288,233.52478357003312,67.68090146012477,122.36002273870653,3706
128.89685249210584,200.13198689843296,55.13927892786482,124.72866812474476,2044
137.70539310016989,230.7943707661932,77.15569433576601,153.84805761250524,1535
139.33206703851886,227.8628333089757,65.09156489372418,129.13133911551347,4229
154.45553246546754,239.3448153223636,83.04039714637642,114.7119684146384,2499
115.98797633664414,213.1851989643397,65.96019679127653,199.4627918505732,2071
169.12466637859893,250.76838246350843,71.55817465674008,190.043322744141,1418
116.75665393045065,269.244035251813,52.618018709720374,163.50124374930797,2133
131.03084821045476,263.0185569054572,99.6269034952739,189.1542873923946,4060
150.3345130606154,280.37549475691907,75.38051916375879,193.5462737507819,3618
179.64405615234773,245.20082879870813,51.21187970820864,167.61082918658354,1997
173.94692332387274,251.90917303397282,77.06153293805721,151.8679778691308,4600
164.55343564105223,281.04019408589835,93.51769996528249,188.20017922146772,4375
115.57732605801702,242.77011708192384,88.62760671331013,156.77969969129094,3529
154.70453456155778,270.1599349899597,85.0453342064727,112.6800542853874,4638
108.74465017998854,243.46023687179917,56.97323272995175,136.68560004575056,4208
137.7363176796651,241.77361945115626,82.88685394937362,144.5920951735377,2100
141.3516530289959,276.020562452916,88.31491890061301,193.53690161355956,3317
103.98114394457538,217.48369154662112,78.62095319827483,165.91854723058225,1921
127.39880994699718,233.85859719415737,94.63745022601758,187.52775627958908,1691
195.56494672664894,222.41722767469017,63.84948908924427,175.75917008399364,2108
195.36326078296895,235.91099429675972,62.107234986962524,130.9860886522683,1811
135.23270542525393,223.0374822366024,93.4784872471323,171.87089930641832,4539
104.3100108948324,257.94056310866546,81.26991214957262,119.52997359238746,2674
117.90949393281815,279.81708026178455,50.07236102604997,140.81458117174677,4890
139.221779343354,278.6613061217902,67.65657042555263,180.6091857155932,4753
194.77796979692297,236.45009645487926,92.89279929073373,161.19291619152284,1241
114.11990635371849,298.87604058942617,51.36597558208717,182.5412505952615,3978
176.3515843668212,259.3854364705801,50.16239641307544,125.47035823500514,2087
110.8682539374692,239.94003017782947,64.0629645262565,174.9748832427295,2263
198.12575773912766,283.55392792414256,95.70000185046389,120.23243614418365,4166
138.1616499109135,272.98740126426407,95.07387907350082,154.53041723980073,2681
177.5234538899056,274.92753368241046,75.9380972900754,143.35345944544315,3445
134.25910828111319,219.61393497338716,77.66184355698113,155.6475857770807,3935
162.76688771588087,246.8324307368555,66.60040056585945,113.55334240282725,3096
119.20160847400368,286.18281308246026,62.18683310139049,136.12278755130117,2476
114.60210192969626,250.40380076287573,90.76109271060591,166.69038308661737,3192
193.80641395681312,268.34527434210503,55.31474302498207,155.85307940810273,1916
191.76472779044335,258.79337330342645,74.36771854393179,154.89697589118197,1397
188.74689402128826,284.2356787718382,81.71986297485422,151.08301121312545,1770
162.54334501665934,228.45608397616027,55.184014518551464,194.38849100388785,1670
180.82682112162783,257.5475277886365,75.98035477361731,193.45696979397343,2752
106.90369369113749,212.32346680098038,78.87606439562217,136.0144972798294,2326
133.47890418906792,269.02107766994675,87.12480302536824,135.18950115842048,1427
131.37031247571562,273.1967838352712,61.74180245737664,155.48984565730612,4088
163.56453219526134,204.28373211889985,64.66637516453791,109.56062841392078,1080
135.59577734706406,267.5790963627985,78.47605733165167,130.3006700767516,3231
114.85067816436808,241.46901541657863,99.1563204990807,123.08675658011728,3514
159.64670754135437,212.40968761096823,60.87465914100572,122.33896683364284,3330
181.43839206690814,241.99075476984677,99.2951913561732,163.85055258952679,4142
138.21234944599732,219.42329296955816,85.71712665272406,138.43503343441495,3137
113.22687150984817,241.55595321233164,91.30410348150116,117.11643747583062,1708
119.6688197312823,238.43390279585276,54.48206341181696,188.75718449877596,3689
123.7483305169384,273.83916369360577,65.02100937153162,187.41486879377942,4663
129.98975929945362,277.4215558166359,52.88681398254905,186.2462923532235,2981
164.2795070506309,260.70286543845464,68.57734975015876,139.0744942257793,2388
160.0945484537719,202.26868421824474,99.0644829960026,105.69824535104524,1202
169.60798615670393,293.1022279070994,55.26365311031692,110.6742017894436,4302
136.2501984531513,268.62332800964475,78.11863911855997,127.60480797712992,1598
182.39976518799784,203.4195449921189,50.303531140690616,121.99700041086547,4810
120.40876611557603,281.8832899214118,85.63414080220313,187.39856201488354,1005
146.9040747518154,220.0266154717996,59.85963461860205,198.63581803892595,3404
180.093872154143,257.9221189571107,56.47922685623814,181.66736623318025,4520
118.01586477326192,246.6634369950187,66.85089060803938,172.98489027491883,4808
110.9863113740783,241.98387823550766,88.55221489694907,158.86241399273143,4217
188.36839676879896,288.97137201243976,55.33065431556054,176.9908299179873,3102
134.29296627591958,243.73612915626148,61.491949789934765,194.7033312192391,2090
168.3870124909032,207.53441175731507,50.423221080865474,160.13446699070812,2720
102.53486042639385,294.66387272149524,98.4207431347809,115.46132440198339,1146
169.00468884094497,292.05352312396275,79.6072799994432,116.38583172687197,1585
131.61013115469706,268.4432689581599,85.99498181923497,158.38628031285862,1979
105.57408535874417,246.7892528132025,82.56915855780073,133.3468539784808,4722
160.9812761548117,209.28594729435213,57.21822794348372,191.02473752449694,1735
124.08038160731732,279.0748118577476,79.7469969496997,161.16423338359724,4303
138.680724205188,207.54779144240288,56.57077975706311,167.64926134233605,4539
108.05808122865136,206.86009848951457,70.06182269815639,100.58207101009026,1694
114.71632510949453,253.73838424393682,78.44815679626466,149.8848552062623,2119
129.79772354958436,216.01282401846402,77.9440557051078,143.11647213889117,4562
108.97595005601572,200.7730267340349,55.95367129913705,170.58718567675328,2956
191.08262646863153,242.3113430995786,51.72179848232611,138.26386603333657,1853
100.60470431839784,213.7217231610066,89.9117156936907,197.65750318871625,1247
148.38602188643114,216.05154152806912,86.29612184980027,167.02031815564018,3179
112.32474581325515,207.69106387353347,54.090945228236905,165.99183331425894,2548
130.76790894779487,220.50937537236098,56.37077594007767,191.93411447579825,4141
192.60595598182655,271.54841797743893,94.62918881948102,199.52048338983457,3396
116.16945532739868,280.8927307217791,88.45644508108899,119.78206892621132,1441
196.58323197183324,245.25336440293006,99.8080148108337,181.05331432147278,3303
120.57943769894217,250.65538158814178,62.699372460251084,116.23194953220275,2409
174.15661084668295,203.26550345942027,74.39014944344075,145.704345305421,3552
154.66772648973117,206.93162613713167,61.822978803117785,110.01854043324701,4771
188.44787275967593,225.7567725649517,81.14000692386549,162.3370978467165,2624
155.3993255503131,254.38984207131475,55.7707119545659,146.8518163405075,3463
153.45592191563088,273.95511487349927,56.36215863715165,162.8698948325715,3366
119.54580003683999,260.5003061338033,53.594394570256135,167.79607526154132,3363
116.62293620516587,239.21278549867884,84.67930411320835,161.9432250031238,4737
191.64891511155142,211.83240730031383,74.70362887166034,129.4029122607373,1985
132.78381988500342,278.07732348871895,80.88656081773149,183.69591572436687,1997
137.2082254962896,236.3786051599057,93.96505232946794,155.1686199375124,2685
175.98236584283885,273.60540144827894,87.01642423776792,148.98511732168032,3377
133.88234824228073,251.29788419143418,73.08614590833454,198.70638042348745,4203
195.2062446639003,273.8662053561825,99.21779941971133,128.35079067064768,4215
173.79277689988004,290.7289561452572,72.81280505709866,152.8030304895173,2270
159.742924257342,292.1029516053802,55.62253366167666,168.23245786079914,4134
188.08951605447527,253.51067800006035,99.6327373626358,112.52259329332335,4753
104.96059083494828,251.15083647656388,51.141036500742366,135.42397241465352,2932
125.70626921892088,226.56784655028372,77.49417797438761,180.1688715997326,4885
146.50363342209099,293.5799831529291,65.45477443498547,123.67582345998301,4574
122.6978539471521,245.7919167199621,75.17760755084925,149.32903649036066,4307
174.3905187302152,212.75912392873772,77.93564762972608,163.0630605982971,2420
191.9208031053725,243.270491462655,62.00479481392438,167.11623533076,1800
142.37701199309234,212.70532502380038,77.84293778686309,172.8310442047826,1122
134.2132600111895,250.2531684257075,87.80305560027688,186.59773170429443,3317
196.15507321375662,256.1275514856212,63.32549186219992,139.28594430336375,3055
144.48524328275408,233.77557614935853,69.17130666569535,170.6631925963856,3777
148.90484004492833,207.16506142314847,63.412134658202895,173.21746477702516,3389
135.16498723419053,294.3503535633239,91.02798654941012,130.02741301269901,1685
190.95484730121382,277.33531134834294,86.24911296047983,196.81579502116412,2661
156.89554832818507,283.8881080505121,93.55982186092037,186.5219173522062,2920
176.21745871816447,236.68683942862293,58.50249464508296,128.9861328699564,4386
181.18067183508862,276.08310300194506,53.67898190798758,167.50686766869876,3875
134.18490419172582,248.53728951691943,55.96917519293367,171.7800634459294,4632
143.369433132038,220.1083488406046,58.05091664121182,143.14836362753795,1335
184.84717744062647,212.44233769072133,76.65413303374012,186.37432859409665,3795
136.32553516758102,234.5050869322057,98.54560351813825,169.02293535090396,1860
179.3935133451851,213.75521114751396,67.8617708308391,165.81546851527182,4900
194.0992322574437,299.82689762040684,97.92541346801025,122.08403722847183,3303
162.3210373068007,204.91889902320221,51.91003974945899,140.78423113495825,3163
174.16272874518887,244.11435993690765,96.34361014073292,143.392248913235,3838
180.5097312041135,245.20935223903842,59.057630365248556,173.36610965790206,4460
184.50396488966425,230.06319285816755,95.62374928596745,161.83945452575523,4156
139.5053337856796,257.13515657069456,52.81137150577306,108.5860590626267,4703
105.12634591759982,214.99770241515446,97.41097237475162,130.769795188724,2919
140.18762712367396,278.3912380587234,60.039913215943045,147.30475044615454,3097
167.37562297840898,233.24477182476383,65.13570300365804,173.6732945856993,2187
145.03503857807928,259.13425897986417,74.54711720514791,174.35691300796742,2171
174.89631508603986,271.56392360669594,69.03604406177377,149.05433085716368,1554
135.6982429468664,288.9042117690161,83.3763984631575,111.69323822606776,4207
163.47441411040296,283.57874364522,98.74038836250386,129.2903403372839,4829
118.64198048539745,260.83090281035595,80.32132454024703,125.46923822470693,4289
174.9369436644957,238.83931803838868,86.07427047182746,178.10264103082412,1505
154.56959688130257,250.3204670074964,54.40026251528508,117.99863140056536,2816
120.40643885466005,276.87347933788027,81.39062145350027,146.49212223951923,4443
129.1911173497807,287.7545542559473,72.69248885232065,167.071880351439,3281
174.86087085818323,210.37819281766718,94.28911789598142,196.4786152950037,3822
148.26012356615206,238.48562624930534,69.4105549821551,199.924058022444,4186
121.60314403930722,277.61165984135005,83.97270720249595,195.2922143555439,2877
196.72711903702975,243.1651762593961,61.40768641295395,171.82423452535352,1188
171.51250198168879,233.22277640662838,62.9686266762098,174.64408330220917,2440
195.71348325397963,241.13226968232698,68.80612154611367,175.92100976090174,2220
142.7105045360343,260.2844746786351,65.20317687532514,186.260487654629,3597
147.51003406917204,299.98051441338015,62.69394196950374,195.17854628522082,3571
189.79552161850194,249.2992429104532,52.483435295040465,144.57061445203274,2659
152.50493402453847,220.84944749542606,91.83731658762295,141.6510878042127,2579
170.7278911905667,216.28465752790947,53.21507654456421,146.04644623786308,3868
125.217287749553,204.23497474764142,94.36827578014838,165.98171714565942,3061
144.67264687026406,255.88172349183213,56.27326945340301,177.54453962777646,1966
112.34498658103551,254.4572091488834,53.263086853132954,187.05443909013292,3907
120.59800358769617,220.52339267803092,78.15023819903486,145.62107542826055,2587
100.0943415267631,269.5329406452567,75.12208962873609,136.33726261801294,4316
103.92650516486603,274.1107041629681,74.56172844159425,198.33526147022263,2715
197.72838231769293,225.90982053821114,78.72521637506989,123.18876210072263,4373
124.23536951367623,234.40997640297365,64.35283030595778,122.20048352524773,4535
166.3310709504002,299.04716723472563,83.14746367148055,171.54074548264956,2960
183.90996987996115,237.4264467850734,75.12011098535916,117.96572956026424,4713
155.06604592365642,276.0801671756102,66.73717334786626,139.94089997461225,3480
115.31445000839562,245.272542662994,91.3250333490364,129.2386822314252,3014
172.81164373361662,279.3344827860976,86.3860548163355,116.87104567569486,1611
160.0251410099583,276.9023238782648,69.6805170972311,157.97072390978934,3509
173.12505893473752,266.7756025198536,92.38088926144364,137.3511490754629,3925
176.97466228570872,285.47783462955795,96.0129125055887,146.2234172848446,1283
197.5410367684745,293.9218494877685,76.84331335421813,119.5863004825516,3670
157.356328002671,257.9983320452084,60.74762250784604,176.78668026717565,3847
134.1641112690602,223.74689072227457,95.78960782734934,131.4712083450746,2627
164.8464556900237,239.86289616440752,59.473981004775865,134.2718179026899,2611
106.84407092426261,275.83057135132935,52.421161320863455,125.21539621001126,1716
189.7397318321586,265.088348512387,66.37435044365654,143.44035721190338,1533
111.93810113381969,217.77983385652487,86.34831722305199,146.3576627238672,1681
132.78428378858183,205.12395411464246,96.16370431767747,152.9666916329515,4439
181.57453806261208,268.29615935420645,81.864282340722,196.75682819819397,4068
159.7312378330712,225.10790240293454,97.591927348333,190.46918080457033,4228
139.36355202774422,249.96702437290534,54.61854196379483,160.93926309870537,3781
147.34356593750215,274.6746772512594,53.037686479401,103.89034677630976,4534
185.45473932021804,256.2666780656333,80.2095975371832,161.22603408767344,2895
134.00043860598922,208.33025831117965,98.30581612463774,108.96686067641163,2603
186.9649684812171,218.55802367835554,75.1360654477362,171.03442385187475,1160
108.81344309766915,221.93281840309191,52.575761296965254,139.00776465809307,1173
177.67984372086306,225.7864253644845,61.06093280387281,183.76964915685187,3952
184.75476330547363,256.5403391950504,62.23964532078853,194.25292452651306,2522
118.18176528373388,250.39657798253936,66.8928564568475,141.7110341465609,4621
143.03465323722003,220.3160038364209,52.18016917931063,146.05552954737462,2359
116.54997746636556,206.7554843455687,95.24463502489581,159.01475810128503,3073
170.66041289942177,217.1432204474718,75.77819723607476,119.71327218580505,2789
153.53477680616567,298.43813126186035,83.54653964770546,192.73328408283612,4575
163.53233467083209,246.8546949791472,53.35864184475045,143.29999265013726,4370
119.64869669562111,286.7345504702113,52.70577339018247,116.68203359160073,3484
121.17458620524195,284.8752466668843,79.32338860202736,176.2731833418884,2818
104.14973255099063,251.15195574628737,94.3648005252104,121.91513724439852,3806
132.20675351957297,270.6687708460544,76.42410004797735,114.3529275071855,3058
155.97446613336749,219.27520104127123,93.89095862850357,156.2872075494007,4309
185.7934913997329,268.83967049269086,90.54956365276198,167.14952552915906,3666
166.69274474586808,227.23845792632895,53.792689289746036,156.95627406649163,2433
143.53963233997513,283.2062096754151,60.09787371928449,165.65106489473632,4405
195.31201143941377,208.37241331089098,82.88553345776712,111.55240123077445,4384
171.92452005758318,277.3138672885277,72.17506912750207,147.60180378841073,4072
193.016520286255,209.99369065686196,64.53499068234603,135.70186440885414,1522
152.75879732721657,288.1189236894309,70.93169280239896,197.3368616240122,2693
125.89042747931396,230.42045181350036,72.25998231353172,104.96239341794674,1087
105.2826686364722,265.43933648305745,95.52761254107983,129.8294203059923,3289
172.60848514838506,248.750227862028,55.17291418524765,194.1862194091722,4056
112.13029980055342,236.6303145262339,63.98653734038075,198.34961831843293,2155
130.27751282719672,264.54418331834967,76.87824082913569,182.49016077271335,1597
153.24709078838976,294.7522980551238,84.91434633152959,107.59982440164093,3046
156.44165877797477,204.12697473746218,81.53186444796218,156.13550283435404,2645
160.0583196987136,291.8852855883104,97.08213688686973,140.01229926704673,4399
116.62553303497006,260.9081655021014,89.78044624097366,180.64525676954017,3158
137.97374048216489,280.7314300769052,77.85384209872151,105.50242355713333,4791
161.71942271169667,238.38749534342776,60.73413458367538,119.7128751644702,3336
196.9818864633785,247.18429748376138,72.543711570112,148.91950662226293,4488
172.76311376996887,286.8850751801164,84.66911220972386,115.7647662947827,3121
192.2603757093958,241.4847969809823,91.89810874180424,169.27151426942982,2857
176.2212058314177,253.4659566749085,97.98681122111937,182.07672211397983,4832
159.17169688924005,202.01949230843329,80.27263830689589,170.45198936276435,3155
119.20233691363445,215.85980058380423,76.34596836522162,144.02837136399825,4587
166.6685651892513,264.16865079748,50.88459615605741,187.8387666252646,4798
162.3379565959907,271.6976901063877,53.604953457509,113.76861317199418,2714
160.24691704572666,258.26009367844995,57.80524988187001,126.03385838990089,4738
148.97858679882407,214.33100362756107,52.7379965594814,148.95396852523032,1800
152.86566039892756,244.5405428577835,70.04316194024632,106.1338598879252,3784
133.4442527118104,235.509476636319,66.8439272569436,109.56857815665472,4176
151.9312692642303,249.56613440350884,81.86770789341965,139.7443371722372,4453
119.75559056784783,287.03290345540944,76.78325539667014,194.3886296734554,2619
180.51743973603766,277.5861438658652,79.79853796939298,190.84136932770002,3124
118.57769546987078,208.3989501389159,73.59886014688271,146.59748582784113,1202
108.49662898894664,289.03091977745646,63.886857427712854,114.215854451073,3898
143.62460263571575,247.17671511498236,97.64126574732384,117.81076559584356,4572
165.83074395060618,274.3862144885999,54.32045798800695,137.75460546091273,2264
143.77168249335415,214.0039231264352,96.94454997326537,121.00741950867814,3847
127.67541319513086,267.0719525707048,65.56190234323674,108.29755943903778,3754
155.81711838904408,223.6326017609458,75.63307226836487,167.3777483519997,4443
134.70023354122,243.83808971409314,55.442116141377305,158.14486377926949,4276
193.2867690126633,201.68628700821043,53.54655341855046,129.12967579780852,3459
192.2645139603572,215.16106379304762,71.47727243593015,177.8948382552304,2237
150.23718199720955,209.20804931236196,87.0848688189839,177.59488877058345,3488
132.78839940182584,223.97441729382584,63.468238877427446,149.1001970212762,2554
173.7132413956639,210.00180900243222,78.117394446766,109.65325555118939,4742
103.67129434830666,269.1910026619562,63.932517026140914,191.84694001013577,4283
147.47690060436514,202.90399022092194,69.43065304465205,166.86605235409712,1052
133.63233942703334,261.7740500624998,95.32231592369124,124.7050819151951,4582
192.05358851025545,214.07078308255743,92.79198127474598,161.04545470342265,4159
101.20030272726825,294.5161457177897,75.80087717088149,140.50214958276302,1671
155.2814875718349,293.3094073109854,61.90528137360394,163.53496397359578,1008
174.06635810666262,222.55031025209627,59.65919563665114,147.3870895731021,1690
148.5017987524041,261.44212982230295,97.7043676517857,148.54721502397334,1082
108.54030301627216,202.80053194724584,60.13582982553437,173.58820919073594,4734
197.24613900279022,293.1788543051174,90.40841554562695,161.37257460639756,2048
151.80104313760978,252.29873081917097,68.44851047677686,107.99526912442256,1224
161.41862443190115,204.3223151417779,99.28299237791191,106.53735704463037,4568
123.66097827075073,234.24999930081373,68.4077870181394,130.50092374967252,3477
148.3498085106804,207.68494618612343,67.5758312455363,143.02459965387465,2451
142.91494919583218,239.29444393733598,81.87318144388115,127.5222559179286,2217
107.48958420019838,266.9926342161323,98.07584033134097,165.1459858069918,2141
110.61603535474673,246.98899080414395,98.81048028982164,119.51079317256219,3882
183.74725196187745,238.37221747194545,85.36030732334926,170.41410963961698,3942
123.98199522065903,211.91570455404647,87.73031828181769,177.31507418889302,2947
119.49582714986306,224.49390456936564,78.17010879865138,112.43193075956506,3807
150.49114512501393,210.0143287738351,87.78878695661659,165.0806243362988,3020
176.87471313625127,280.7498731656661,92.98898274852482,196.1435975900114,4042
106.19465185789879,213.52398279847225,74.30476515975116,119.28238172633468,3125
157.68079196382558,259.5373366548894,80.99311314150515,190.93028311161544,2175
111.92104428405733,234.27404135888457,76.8658347616524,160.60479492740166,2079
103.64610508256185,222.59783846551835,78.12353067643386,159.0944867331712,4889
105.27439521622173,263.94684394921035,94.50239549369704,105.19226823208672,3404
183.41641082084413,245.70023093769407,67.7808415102785,174.8300278386398,2282
111.79724836280616,240.0145467284559,60.40920128003121,147.82730526480583,1534
104.5151364412292,259.2852004892222,72.81400551368145,172.1174391835134,3721
143.7899887142912,249.12676284900007,60.40425952406326,180.9181103446606,4848
184.39934719420248,230.34842085515606,74.92002128310097,152.37963733722785,4665
126.2408376489302,255.90612877652518,95.17540526785294,126.36443132783143,1570
142.17126175259165,266.9498576550694,80.87167602412389,114.15724913928133,1577
103.99225325637512,202.66931585868542,92.77164266515388,116.05031279324143,3453
144.90785141348758,246.58717289076753,58.30954598077559,186.69346539457987,3162
157.76130806371336,205.76832845835438,95.04367962685885,112.35780956303887,2826
157.09070537521447,218.6405414068111,80.08935822035579,138.46940730465684,4998
133.24266921743651,256.0508734077973,51.58798943702399,133.42746462890307,3521
131.55331806631355,286.61889152655806,81.65594776425183,186.54556667389704,3801
110.66236189365979,288.2805679188485,97.5698478130459,147.76935006942915,4405
136.67983206462685,206.99440101386313,53.958350023768105,199.64464173481377,4692
109.94946688729647,241.91050862867067,79.1228065234786,173.70547463031448,2839
176.65959447120517,258.3006483004551,95.77393014348573,185.09235754042857,4380
196.62742977481858,214.70699045503434,50.484758416718726,109.86722660266749,1330
197.0074456666707,276.5432216744772,81.54564632329115,125.31022552648959,2567
186.50710993753938,274.4235258437239,73.74511459154813,113.54461955718283,3772
160.0792149339619,290.3341013706795,67.34946593243053,146.36219724005596,1982
170.086569724388,200.8486012083443,81.3768244972688,171.82874881619097,2527
128.5205802680414,221.66842439890027,52.635104729370845,116.90635682030002,1087
163.07704201726207,282.7186714245322,87.65315231437,113.01685445697387,3955
145.56495494398774,267.0580050826935,50.223973845985384,161.46087487804402,1573
148.20173397769327,289.4389853698491,65.34678718961761,123.03127537634239,3050
175.77765603751578,205.71796545302666,75.19793188423392,147.9325071753741,2797
128.19183555972518,259.6963965716443,68.85111252832758,105.11177277277177,4454
131.80396116945198,256.9046574893674,65.37379676027912,168.0612812067465,4695
192.46417911286366,203.56744163605325,91.54175727340481,154.13163816420536,1523
105.62242948509723,251.35220769124834,96.74162871359545,164.74228989586328,2588
148.56342984133403,260.9520311309924,93.68563424529444,127.5406380059746,2171
191.28008004078617,219.12931742021073,76.12156565249998,127.86029753615311,3553
161.0363007818157,227.3329583124663,94.20820875967415,180.1360533090758,3693
154.64070742121322,264.0347346297737,96.04307825907719,171.8562312984826,1083
124.97441792293552,246.83009475999583,70.4619198523731,157.97286511986147,2421
134.32754890644483,285.8013657568327,64.17229297527227,162.81434757820804,3231
185.2048415804693,234.23817660091885,54.91326029066602,109.40441795011054,3216
155.92181317684583,226.6659658388201,73.95459605246145,185.61713044512535,4632
151.474219375678,298.48659403448426,97.31484602192208,176.99070330116626,3155
109.9579713540029,291.11357701300835,78.04537640351856,159.04915338234477,3240
101.60281564551231,202.89927449989798,83.37810508930858,191.85951311009072,1851
196.3685188687049,277.0728615306566,55.64419092459238,116.86379076993998,4285
137.69861672868416,211.0334773825203,57.175983207112814,168.66573860341668,2383
160.32130620995042,202.7485194829371,73.22366309798363,196.29817776521608,2118
107.9715073187285,227.3695515966349,97.56323994918628,131.00089645699208,4614
168.31142857230464,226.93458790611044,68.03923207957644,101.52923140675095,2179
193.2566708705961,281.93187623469646,93.87420206587669,173.48674669691331,4595
157.56652529974195,271.0667245942835,56.014429671285576,100.69803244561271,1271
112.61153223754106,298.1609427332014,80.85086034668551,187.2533649182167,2760
158.17215274734767,271.1512900311818,80.03064884552592,105.63012521035698,4234
176.63472131046524,241.8255553256048,92.99373750351342,165.27647298718773,3603
140.64165365740186,269.8927660945217,50.16583522024508,137.71841444231504,2859
187.98377479414677,299.94590671864023,59.496583359878606,120.33406537167329,1905
164.86829533573643,271.0141882562528,60.984381271474085,189.8258399853829,1737
189.92489182892024,276.1681355980318,97.49830440453687,174.62458519268623,3812
162.35053112473372,293.83650151902594,57.684682813494746,134.044056614326,3792
113.12879720048242,211.36512613116832,51.84811751102802,128.41530928572251,3818
130.96917111051891,270.4784293447727,76.7230747370904,173.60122941611394,1798
120.17949482524568,285.0805957967449,76.42792312168407,183.65707626063306,2203
190.88264977168623,295.4378600220893,92.20234826839322,171.58504642958093,2246
176.04000672874827,221.09692897116994,97.44298250889011,163.99892250357414,3163
167.63983689100058,250.3929007724244,76.92727210700656,122.79247251886488,1960
130.09663196316217,268.0554847644482,96.49970912098277,185.28039832764722,4076
118.40447720502135,224.74677295013373,86.25795756499149,174.96619834583748,3820
175.6451087988912,260.0472863250274,63.22795639977925,151.72742897664145,1065
147.41579458790795,225.75787824979994,96.42103554719631,151.15877622667807,1526
122.5789552150629,233.34570205316473,83.37215880909375,156.91730278073464,1448
161.6621978165275,244.1518696510865,70.7047966371317,182.82763941786627,4220
104.0333852138452,252.9190098746567,84.01210422584654,174.22595488375575,3148
132.61702541282534,244.93658716251505,70.06564138718754,185.62449939458833,4338
146.85569945911345,249.3195519787929,55.70918839939796,150.72827716587224,3777
114.79583341094059,229.85887562882925,85.94893735884499,162.46490590182572,3601
198.46544775908396,215.89650940226306,91.20438060853718,185.45718068959798,1065
120.90973645896142,204.73499773268395,86.44030995096938,123.23200601767154,2373
113.03531300432655,219.59787224916676,61.45573338783383,144.40206802562238,4900
120.35348738868964,258.1943641505783,97.83175067388065,162.0652236979387,2851
176.90611331597242,278.61154478031324,51.26272808455779,191.51462573581014,4981
142.55056592718427,216.92475974428945,66.63426486878203,101.5836011046125,1119
156.54159397525382,210.85553577726483,63.00462172674477,121.25731581732275,3292
102.10091569863607,274.929036054925,52.40631138074255,123.44505077612904,1388
103.44313085733145,230.51583305372895,70.28648464943342,132.6612680261794,1286
144.58255498270162,295.14994392273525,81.15574200813873,128.17866204206788,4119
181.66552432016235,271.4317970610373,94.12764317425507,159.01387855622386,3847
188.52388787075654,232.67560472430307,99.4844858095735,188.56202642547453,3872
108.67065675956403,228.9542747793705,90.4044793202199,163.69778410723893,2790
153.83631021010228,252.3698386271309,73.43402593564124,124.15265589543591,1417
191.32296862792705,207.91446682782095,86.18522129835154,186.37528500700847,4017
138.79727543978862,211.7676512645299,92.18118942948203,163.20457891475132,1350
182.95658314283685,217.58578813161924,73.26535982093407,121.89621249879016,3202
113.36956543994361,277.472359330456,89.252721701275,136.16665371665033,2361
193.53944896677987,251.38573592691225,74.13262091564384,178.99648067397825,4332
175.14233175313026,201.0567122774443,69.32479954383614,173.89311814871144,2552
194.13343927869016,267.3516527472109,76.30454188918806,157.65823695056426,3250
167.66172335525064,242.36901786604972,83.79273688135724,114.47675027405619,1964
136.3403931999427,251.0852364963798,86.34410281592986,180.32892973145042,2908
193.81811725247223,221.41162434129356,67.8368134446054,130.7542528552748,3487
127.55667763091785,255.17822283941035,78.56601257780174,177.15979389991622,4237
133.21725220617327,297.91532397514885,95.49354370402236,164.75663657622587,3426
170.08084180017403,207.34446910057613,98.81564500553199,126.41702816435182,4509
176.53162995253862,228.39173996644305,61.36240455919773,121.23692281326566,1047
192.94034838491538,224.29975928608297,59.641558285667074,113.09099232577188,3276
120.48024090562095,224.85493107511797,83.83428167143242,124.19462365881158,4796
179.7998035219224,237.87063575653772,70.73419429117219,115.782902244914,2751
173.85460533969635,281.81097847441674,51.21111692090685,161.70512477877514,1989
106.37945562535978,291.28586899643875,67.34309353236421,159.87831189772535,2999
138.7223141210207,220.22150874589732,90.3372371736126,158.6172060132797,2840
128.27654570600987,254.29499379481126,89.87134651915912,164.18898092248384,3728
130.44904243540304,263.68989721654805,74.7342574408291,181.47845339645664,4093
198.29468795547007,252.1827474363845,73.62889674437676,191.35527115498036,2298
164.2777413479928,243.40763941969195,78.97537212171888,123.03755379017622,4184
171.76761577934997,219.19755058592378,60.9698355281788,158.77744901689258,2892
197.6617637315009,248.82193591992385,76.30218124454777,107.83362212472714,1897
137.72017824576386,240.1214827711329,50.55231800283242,112.01424383555951,2738
180.1840168452806,279.556336250227,73.77797773915668,165.43393129613906,2568
143.45309633044954,276.36043591629954,66.80255231252963,148.6580561690451,1968
186.95336718149798,213.39986812056708,83.74348029518299,175.8332086834434,4002
118.06575413113032,208.85190525630676,81.91767920763138,142.56774809905713,4160
194.76861770642796,290.8153943227503,69.04179400914045,112.75984068329382,1645
121.87717084108797,253.55083889644976,50.36364907392958,187.20536538308255,1010
132.62205069809315,285.7800937282591,62.61368146974802,108.28884711453223,4098
175.61922341067805,205.81511205664012,81.66739250945811,118.8964642535382,3503
139.37551415654067,252.65156165216302,53.618667150875226,127.6976865961851,2964
160.82113767664467,253.94265145762364,55.38212109167319,199.52806070654268,2054
144.45735010694284,286.070203254215,82.35175122835436,141.6859820175984,3650
174.2369937089782,209.76099982297075,87.78837004746461,150.17085304781148,2470
122.8331252368611,224.04455636759093,66.07748540063561,176.96967509738684,4499
105.8457987236877,240.65383138870132,74.48365327582809,163.64155853388138,4752
129.99293974730662,286.5841475419942,97.28556824918293,184.14206919413334,4630
147.43086648684303,293.8883315070567,97.27717810879847,148.64334585878936,1964
116.80200521926785,299.2724619593628,65.3751387231715,197.2177687493222,3638
135.47972896563886,295.91934864585215,90.49939375085451,179.68123615863078,3561
139.99830182935685,200.59417558443545,79.69720264034294,140.1365388313265,1398
105.73918436882735,204.7708341453872,98.77422466751901,138.1271822945248,4603
158.33072481842046,214.76068191575888,73.88067848555482,192.94911920442178,1386
188.43434279712875,234.8862096770273,88.73534340077808,168.4415635814717,3665
115.17429129530524,282.99180309869587,88.40685648074356,162.14336345256385,4878
159.7808013401514,289.26561953354803,74.87164338165381,175.7830637433811,2353
166.47392049108464,218.6834406294583,89.78150571486539,156.08338281117113,4673
141.93346804192885,261.9664151619709,63.052016665349825,115.91667730857267,1137
170.109758736427,291.73619850652767,56.112651814511445,131.9215462078431,4751
141.0731543491012,246.3731735931321,71.2581872327658,155.79448637089698,3700
150.4637287977435,210.3543571952784,97.18153283167923,101.81678209271669,2748
100.7353044554427,245.7813650084625,75.03723041012644,143.73507049632278,1481
169.17201141346888,237.57949022880572,81.76295693234636,175.58028792759367,1299
166.13426789447243,257.7657996066007,81.20812279539376,116.42340045162723,1031
103.84008773263446,243.86586844071036,56.62864336347652,106.45589501569057,3504
136.82501073951332,201.7345926853718,69.51484411886051,183.60291407276986,1541
197.90318407916675,299.3997733413671,85.34694864609375,161.7273868463362,4456
142.07365625686168,254.3540237730571,98.59950492903631,117.6578972489464,2844
150.19454051318417,247.36307554846096,58.400886914851306,180.63049805831935,4403
190.99301581597186,295.4617371504054,70.52209451695582,165.81294714872124,3091
171.72618758657563,215.5860367587077,54.75468999013647,133.41192696484381,1546
158.20701311242237,218.92376025452484,62.1188229824628,137.61962719617392,1983
179.78046813410725,280.8014749062784,68.83796716630751,115.58881631870483,3471
186.43662664559733,226.08310800250086,77.03216239761753,183.52555942087403,1044
145.68880717372667,279.9227106291527,61.52834411195405,150.9006651643742,2979
147.51083649318355,227.15334829085026,61.37813305893429,155.70190766436605,1379
138.60509356518358,203.31876302250015,88.89149895701019,188.34919151977476,1496
196.67061400184605,251.7014723886716,98.13208314734406,101.58306164530939,3931
169.71662542903505,219.66864341268615,66.1806483875728,106.6923062523292,2915
108.32230662080723,275.7846292932471,84.39960093178401,116.15789818598151,1958
186.29596233130184,264.11996332321485,62.904023067896034,103.00378130881455,3185
148.0559940836268,292.3602667977918,96.3976127482816,165.81561566243994,4630
106.87539064224875,278.2988357265736,83.64511800826992,163.38794681883206,1407
154.9717255163311,218.07759548407267,90.1338427318785,121.08019029289856,1184
141.7164278975702,280.0158236664796,52.46770215995824,114.94064448866948,1488
187.7749404862625,264.1737044814023,79.92529841203122,114.56847013866067,3065
120.39946036093873,266.8951641760625,76.3806165679191,195.3241413318642,2720
182.6464609492183,283.2262885970149,64.64984534557661,169.35045286247416,2095
155.76886911854527,257.38240691889405,63.1214992528659,158.54288284650792,3682
105.46103032134691,246.6003514353013,79.00124011584849,132.24868718050942,1170
197.18453013254845,263.6641035358728,85.32428175036125,143.30431979087896,4148
151.26152441032,229.7957428958359,51.65863785175945,108.94058811992076,1399
129.08768542315823,218.25971310870995,78.37007909618522,199.81518880550016,3957
146.9406841989258,261.6587838071246,58.52297644733143,175.50854635716348,4592
185.7857783517489,223.38483690854775,57.01813656930503,162.1453156828228,4272
130.49031243850635,207.99151093466068,81.15597440473422,158.77671952278823,2778
119.26763964867003,200.0554184585254,65.54350586087365,150.43143720331724,4652
112.90712469308815,260.83194014000674,72.04401165674321,125.74274276746958,1238
129.78593983902113,236.2148783480237,67.99994047198865,122.63904034597337,2340
178.00480870400435,275.2310970673456,82.41681600762618,154.95324571892243,2546
147.16263651952616,237.51763983131025,73.50598830332345,107.02008145579516,4986
122.748160369354,248.60034482382267,98.17293310189737,107.44707988685357,1319
116.61849996097492,240.70849728153848,67.61913795532327,156.08136031603502,4621
133.2729476510379,265.0574791109346,87.01421701314176,191.98120482102394,3569
193.9924372885709,235.6139162014968,62.86462837915222,191.42718511298546,3575
134.30267125900244,296.3767649942309,75.43765463130734,101.08283006607923,3524
198.81240759546353,293.61469865985305,77.62848759509785,110.73942156474497,2348
148.52304557653562,284.80279026572816,66.45546405313661,158.3077693758695,2489
117.91639182901508,292.0300270572748,73.58902644563145,184.8475721806164,4826
189.11400917935094,244.9139688459391,63.963931894924606,195.44490866568287,1758
146.03553731348268,253.6430396789492,50.3000390836991,186.0582226045779,3089
170.96713435045245,274.20925925582446,60.78241508189394,167.76131352964558,1233
198.37115832091519,269.6145924938541,85.00320862466003,120.05250775892358,1555
105.0175350319974,289.06785956054705,88.54815122426885,107.26214739789623,3484
109.66945597875672,271.6331027256695,64.010143356946,104.75157826856447,2954
172.04567414627562,299.7884708228461,70.4021499409036,161.20767846254114,1675
128.1825003295472,234.8505799831591,51.868283006930554,103.61886040153577,4733
118.4301396950099,283.29977422394177,61.85314505488403,173.92399564655506,2303
103.93618798197295,269.7634822832664,88.96096416861496,171.2470737350969,4275
102.18467119862018,269.1386445215019,80.29931351325286,107.96108247766789,3790
177.4485603119791,232.5835594844999,60.288526097718574,190.66223650367948,1907
113.443342736955,278.56017924230224,62.87209975612161,152.19292886253024,1802
146.77206159711508,290.0376022347599,90.84010114947802,190.44385673377315,4377
160.5896815179483,221.8548461520563,60.45421014724504,190.1610056188322,1850
142.8351800568846,262.5496837116704,66.70788629235656,119.70340638871183,1996
102.71066523362332,239.21348291027752,83.21793458273223,138.05776279362848,1845
178.3501502587909,298.95481192948773,78.05561928540394,113.46263335038162,3006
101.05132245416534,247.88328158316816,73.04351026169071,177.49780101363206,3557
176.1889894377484,222.83201737969426,94.98705454898722,150.41249155378625,2319
189.33044937881226,238.18576252218327,60.98552313575259,192.88075753949818,1021
143.28399210571723,265.3838389816626,87.07099454315,120.82152148762773,2710
153.55424730977984,207.6089371349576,57.953192030909165,168.8367661519226,2007
147.69833926176537,260.3601920221238,80.78669167410726,198.92368277727087,3044
138.92086186234388,293.1224759178898,93.53117817056565,166.53812618209912,1241
188.74245353703603,285.036278765785,72.89508927390689,106.87739328307127,3890
189.39335106699906,206.76735366579834,86.21472535956644,158.84243496951905,3625
133.58163646415346,299.33898787390683,91.01966764994941,117.98427496812367,2417
161.5069754014698,269.8726923703879,56.80132124388014,103.05027774193154,4498
192.69075621458643,216.22808243140236,85.2913447641055,133.4960697305214,1452
196.20584989413516,201.24160891694234,95.99205119943382,126.61040830540657,3554
150.89590404220476,217.12826362921513,78.81853049277721,178.87708988157542,2629
145.28248052843267,283.81759206857384,59.306112226437804,137.36805410781005,3260
127.86943159285258,202.1639324945164,56.34712657944715,173.29587803851965,4312
195.887187319041,223.31473036180864,62.986766523337394,101.62389919493314,4040
114.28143044728674,275.7305595334875,55.17566345083413,101.4812133433391,3456
157.9829576047725,258.61105358981354,75.66970357925237,102.93134575475571,1621
128.25502675186388,278.2735710360192,53.485234135336725,121.93584417825804,1558
127.90082903477966,274.61505038267876,61.17023123181132,137.39877850285617,4974
140.49685873761885,205.06013871218047,71.99552219561072,160.78458031168546,1871
199.87929358156543,289.25114190941514,73.69573752010108,198.59138858269728,3715
105.4966306839822,222.70318342822688,78.26992425734822,135.44095670143327,3639
157.85418182035315,255.33924402297637,85.28074813753634,105.56589067571662,2068
108.25721580352771,264.42881565277787,52.36143198327338,119.49001616658487,4940
115.4520829990519,216.86282108850955,54.031047608789166,189.7851833814862,3754
143.95629417728986,297.62312567009747,53.042957590239034,169.9379190147709,2260
151.0460131346441,248.81559560873092,71.15751577324552,179.02008240385598,3770
125.8792408364524,205.76426955973935,52.09239724414672,112.41682056727926,3827
131.6457130874416,293.72620447778405,87.30406334156632,113.49869887075079,4666
108.69670202559331,258.6267843193268,61.15000905192389,111.2246007544896,4184
130.32197838442505,269.9193197981376,96.96062466449794,185.7169164309525,2802
196.6558439380544,252.5175789934224,74.32018775485557,120.99676086936044,1506
194.47073816724816,283.47379547769674,72.31628762211008,164.31517453797215,4714
133.4878290136985,203.3133462193211,89.02693463197501,151.6166366183259,4900
157.08539362787616,226.83783652771479,85.65769919464955,154.43899118738537,1449
190.95953911109444,246.96483564026923,80.36545204740715,119.54353583912683,4639
100.61838226408966,207.66036163137102,96.7573353125185,163.52460934539894,2913
181.06835703375918,270.59066693266584,71.11296304935385,104.31005344583312,3797
194.83695527889188,239.36634140556407,90.42658378861432,199.34722762576286,1537
109.1325734333557,227.2667990268144,69.00464728729092,102.6758906492729,2877
116.1447686032921,200.33788468084123,91.91728371480525,105.01565407158621,4828
196.07463027713555,271.9830311749954,62.97373144829843,132.46474198916815,2232
153.75401436403462,283.3809308872862,64.46335364180163,183.16253557695381,2313
101.41966344717237,239.50405356814986,83.8934767008727,125.71892117767429,3545
125.76319987635291,256.42179770333655,60.635664747589814,147.1935013791328,4254
144.99436742688596,222.76866259295986,61.45770935127144,101.79773311761929,4790
169.29089110247676,262.2197646280133,65.26312145087074,107.88793164836443,1715
173.31603781367994,201.21374583152004,83.9464384830188,160.79660485407072,1399
199.5421512925456,248.86438970987584,94.4694046211616,119.43584694494285,2231
128.7511199383759,264.4205481840692,83.72838255634933,169.42545630195252,2446
153.82201018684754,291.8191773229734,91.39071221720626,178.53911750171773,4461
153.3323547859605,238.13358171222842,77.17802948472348,185.0334199472283,4437
140.56452594472375,276.519020298103,53.446161067257265,113.37993379993226,3631
116.91618938424202,259.76870299435006,55.02331057542503,145.5508549031925,2459
197.74565631838425,292.70121129250805,77.71959891834578,194.70814499038457,1920
185.33171866665862,239.83776756594307,66.39004843210549,177.20835424443078,4383
149.83330282942373,231.9095339872988,61.02840368184713,111.69603818461484,3386
160.32454226840298,288.71419986941436,73.31284636513104,150.25002450183942,4218
122.72610535596623,204.92444014082892,83.32483704521508,192.23805818388388,3043
154.37870703917469,213.63853929336767,69.24959738679291,144.00388055231858,2739
169.4970133121476,208.24044345840446,90.12711285786708,183.7417608840969,1456
151.5167028386589,284.31099565764026,86.92616232856969,149.58437211885573,2884
199.02851705849412,201.06074233703194,86.74574410797834,110.68116772457537,2434
161.1341656247726,286.1657155497048,99.25948448386943,114.78549260595074,1644
137.0973712592169,245.12677953712668,64.76149886858174,104.66757528081797,3329
177.2152027615838,200.40252788539706,82.23627931704476,119.53147405755645,1413
117.04625115816421,240.1645177212042,92.77391700801567,189.36140998704343,2613
138.45158137062666,218.68008410450355,78.97622169569554,165.01980459432565,4168
134.6958950377586,262.4400487472163,89.47510880576962,173.8856934882911,3210
143.18070951077772,267.93587899216465,70.72260929199561,162.16614583933278,1842
178.17798259287264,248.7527570405,79.52456728274024,138.65392921383477,2460
148.41730321634074,204.051952543967,52.78331964021641,121.68611327960016,4267
179.40144502659626,265.61288043672016,99.28838029124067,192.56145840098307,2651
157.64889031398658,284.20387836055215,90.00092407242087,151.48297815580216,1160
134.20694346575553,272.03242773264014,93.44045358157248,148.10998812079393,1254
180.99787436834725,282.99579189553185,84.71471390714731,199.61040885935458,2093
123.82896705530916,220.05095235508875,59.302501640434976,138.39299883884766,3459
122.43829797997955,288.88879396564823,51.55142212090161,185.4125314892239,3761
150.4502924054836,232.21934506479627,93.23283038680069,186.23440603168564,3042
126.0849245962089,201.3404814251991,69.81653268680616,123.26702103577955,1035
100.90870349512163,284.33916463290706,63.193243801996,109.4839692350162,4376
164.82975272988017,294.18212689647265,78.08364794194722,197.56201157158642,3777
151.10938214723978,265.55581974173487,71.04492612378597,142.5896864135567,3013
144.5517814493161,223.14366304634245,82.58329978437786,100.22203220101954,1469
196.69685146183153,225.17444642825305,74.18966165272568,149.90178338289587,1308
157.11991839629138,246.65928734356194,84.86165702201353,161.93003637474504,4268
186.34315777893846,289.78310796014193,92.67116347545715,177.60882474480343,2921
113.94502362051603,214.95976561475584,59.777850547789456,194.29421182236388,1480
156.92064631294278,282.5973669583487,66.47164402827434,191.5170628945463,4407
186.7979626730903,229.13028087051504,71.84077932853194,194.01358200548685,2862
158.3105757279898,280.8586169429098,98.1029224013819,103.21251482594728,3751
171.80141781270015,292.0271197601539,68.26668067737427,171.17741338304677,1788
137.20435678122072,242.74938719943202,69.05499247963148,122.58579628056866,1290
109.24495170370666,236.50506541055307,82.67362614797806,118.7552687205654,1429
145.79002951270715,280.22213189713017,70.95998549449746,180.03185685992503,1597
139.44793908388576,252.9482882379394,97.56118728198027,141.71296891728798,4954
186.70601823789474,268.44490484631973,94.72343802377219,191.66000757823358,1431
124.39953023524723,262.28292369611796,75.67043888878365,104.24350907957066,2557
196.6734227535108,215.28888456447964,82.23876169739249,180.2180829487163,3693
195.8138119804496,284.47903602895616,52.901528094181025,113.68344112825957,4581
124.76316430714387,219.5775111413136,84.78652640161991,117.65772015649844,1504
134.80519554773204,293.2282144070781,85.36004364745162,147.7351715524499,4959
189.5555740873885,225.0571291422148,67.9599647821604,139.55899408727996,1672
196.66222208961074,273.3880973273742,60.98414418126363,148.6172306128671,3854
144.3439102836044,228.4655393493592,95.75392009085084,194.00265220310553,2578
132.0997045640898,231.7785408586864,71.33524504025638,165.7388935563573,2432
152.6094013251542,231.00018527823053,82.68530524008554,129.03093818420007,2425
168.7769206365735,274.78922540260834,51.6664397488128,117.29087123178451,1040
127.34745153749799,255.6815117969393,70.70335832884182,142.00462751309337,1383
173.64731746190728,288.29524558474975,90.86294055069399,145.16410272677376,3933
105.16573571146411,230.73727192040448,69.37880002003575,160.1294409899516,2314
104.92944927644164,269.19925220567444,80.15805800684385,126.6002703539768,2815
138.62877051455453,275.29485996631104,60.49279002422697,176.75092470968167,1182
135.34731920607206,215.14821130299583,70.82628244197798,109.84602454793816,3811
131.56332153671522,240.0589357319811,96.38188590265933,156.04533636006545,2895
149.101976266891,248.2817494350411,78.32258748505186,162.35316532441112,2063
132.07335823115713,235.56873898943743,95.09657295464658,120.68315810651453,2622
119.22579184680919,232.2112595969138,95.10096497447717,182.60113504996212,4296
130.9469549088601,268.64198939976416,97.20739002122397,161.54321252076775,2308
197.4904272810235,221.58663976594886,94.76958300400526,164.57222146479728,1137
141.11134169948485,270.93907452511286,50.164056450515034,149.77435057634386,1334
144.47127768583357,293.50441963907303,96.70074457907984,190.95942171763386,1137
157.654498995114,256.5197521177751,56.87297195426882,169.39275814876243,2497
198.33407684142264,261.1434236739474,51.99631255555753,138.18355648957626,1487
124.1601276435763,206.8932702124089,52.769426728902644,123.86058877840861,1575
168.12821105324338,286.4476903617828,67.44580975882168,107.10616748234872,3676
171.5984693541724,228.54477871998654,81.04020426343968,116.53608371803595,4996
160.7324416793066,261.50511655285646,70.11555982594987,199.26829520836597,2633
108.8578339636644,297.9112169744802,51.27771423246897,140.67668959916404,2169
167.68722758275766,259.55026005728075,73.82413170873573,189.86872272774067,1897
106.40947110361755,272.4709487464378,72.10653711351901,117.05693568852644,3456
159.6142649549897,244.5319618223752,87.84246327508234,142.53608713408497,2533
173.95811772217428,206.03658435150572,63.98064492127192,196.05184670334486,2108
121.09698906199505,279.75993494897887,60.87655868971836,109.11322514192999,2586
184.16220075427742,203.49988412639857,62.79694788383131,159.39842838125028,4678
103.03538055330043,270.0657828887854,65.1869911314924,191.9171900696302,4861
184.3812863658306,202.2921573149637,79.95824366835832,194.96833729542504,2032
146.03290506427652,286.23052365766705,73.576274272604,184.60074771117758,1858
121.75879399316445,215.76360358329805,66.8447282589529,185.59344323601493,2112
113.3778144993968,251.42714954425512,68.71570791418392,165.21829541174657,2112
195.33071675823726,259.71507044831475,68.54618300794881,122.04231080949926,3266
107.26655875811568,245.75454073734122,98.62033473551587,173.06785444849197,3889
119.90934199359256,234.07634893488873,61.649849402647625,197.8384464458723,1349
134.7822347433046,246.78142961809718,90.90307801361294,152.59335146728108,4962
162.02348489611205,231.14157538811588,85.41054187940935,126.06973590769012,2923
154.48010852760984,243.81223470808632,50.27850028017753,157.34710677649977,1404
112.5643492412314,235.89129909980306,99.6588109062744,169.06103562406165,4963
128.97279837382146,256.62048235071455,87.82196853167868,120.82803094244132,4869
123.8751771086024,223.79241622449834,84.12247931753956,171.91893476094225,4232
121.35428544903414,298.86565549140124,70.26623538383187,158.74328588843917,1042
141.1144336479987,250.08699533821655,77.76015444571448,161.23499091480522,4545
170.40314525916568,219.41620774145096,62.66354478337351,130.59879297398342,2781
121.74529322172359,247.70667495672726,51.77417025728487,115.52668101112012,3305
136.66788797029812,286.64151295248246,91.80108292229863,162.3449895305657,2878
139.09174268411624,202.18067931243957,94.82422468405858,158.62329891525718,4230
197.64565294354102,267.9554119107289,58.123531830712,133.8012187713805,4203
195.4666356879069,254.7967796793928,89.35280479228665,129.58936675458872,4630
180.01375827520758,216.95579943701355,87.05763366428293,134.7244461662284,1851
124.16589208191851,281.7476439304921,58.91875009680452,148.98833384988203,4672
106.80373140916697,236.88846223740057,71.09144012873969,197.4819735111161,2068
131.69041377206247,229.38020288155076,71.13789604170518,176.35646220262063,4392
126.67945494338309,282.8125191856901,87.99821291526243,185.17397391654885,2013
150.5925800146394,263.85250461916644,91.88304528880278,150.5649568903531,2217
177.7727910067793,289.82590836748244,54.73875606956855,152.6123611778777,2541
185.83229388788578,262.98837036711996,78.14846174521014,120.43246614370277,2286
184.48640854105085,274.0817657932115,88.08742484644426,172.10458363010784,3482
135.96755612230677,283.6445896259613,89.30952970325792,142.15840057906362,4779
168.7234343460683,205.4739635909937,57.399676221520444,174.24468588177112,1529
131.283419752422,277.60489588693804,76.2752571575397,140.90553813126255,2910
106.09055432351828,261.37064818495764,92.87793531813514,110.85171872139081,4368
170.15652656029422,206.95077965151933,65.92592882926421,117.30536877858835,4572
100.98275525697879,250.8577921868715,71.25584494558986,181.15700780746835,4690
140.91825874584885,208.2458077983954,90.21792556681662,125.86164895589326,3116
132.93792693020757,273.59472017232224,54.465976059188115,126.43544225670693,2048
169.33775385188522,254.6501713897883,92.97466449444892,192.93680900023315,3615
176.6245472760379,295.35735374122976,65.55783583654045,165.76356228668493,1512
130.4094635971284,218.313537157177,50.07251582955636,111.43075538843563,3017
181.16270144448535,260.60334525203785,61.70795725281791,114.35852701319342,1182
129.39167605049337,221.15821345704913,54.475032044775325,127.23674327202794,4970
144.63263599865613,261.4064984727398,54.6192453498122,159.39956878266327,3101
172.7018527014134,272.2649702360857,84.64178670712957,175.28254699056728,2104
169.29202292247885,272.2304329329539,60.69881678195324,127.4496443453197,1159
198.73684723122,281.507399068261,96.73711814884912,187.06420374149644,3007
122.51610242159319,285.3550227958317,75.82222732956521,110.91801788841485,4457
166.23179135395822,207.7271726267177,73.00491289774592,120.75991680431795,2472
160.96819082757776,234.3267157072404,71.71417591100759,197.04649211428776,1737
191.509845449003,268.71225203598055,84.6293819835816,113.47448636536576,3311
115.63621416448751,249.85862873912123,72.61313812618042,188.8111307723811,3668
175.1798163586933,219.06759467547914,56.43001781125959,170.39350754040953,2977
156.82686162687685,255.2709570166698,94.00860903203782,107.30870906417067,4053
127.46658697879055,240.7435652766144,71.41976744628293,148.37068288999438,4380
147.4434914147174,239.00382776543051,53.700228784975124,151.89793531448063,4115
133.37765970697978,280.97537174356637,76.46829937488806,193.21396314158375,1200
157.93134027884608,240.7598333832181,82.36734292278517,142.11045930771687,2307
188.9000610814666,202.64545054804242,63.77912320788793,144.6763615464276,3194
156.9304984412202,205.80633388910914,90.01702038369211,111.24837547863783,2463
163.17224183265841,285.62440416916206,83.48879230186819,163.91725634376624,4475
151.87478471147094,296.0600810012521,82.51705846322167,121.08969758890966,1710
105.11655064454759,268.8409336455708,71.04124764338971,107.75332582237068,2769
123.28585568760943,236.43682941000802,98.0957650705644,199.6919000070794,4255
149.20017294320826,293.8600315794728,63.709458397462384,126.96296279628052,3594
131.0235283744705,266.28030863757357,78.88527505077263,114.10531651288039,2938
118.17635977611943,284.4333549199338,65.45275787363087,169.94903745971763,2232
150.41328419184384,276.58523040370096,87.2402376485777,182.16821559219017,1871
132.28097934478504,237.91393157725923,52.38957419350607,106.40774931263466,1574
125.81076431734147,247.87022008507856,52.29469339375246,110.5393307469787,1081
146.39854174403808,218.61321543680995,90.54304847593957,109.01738235820459,1262
113.32842580821732,229.2014100440734,71.71340805318356,104.69593033225112,4838
192.77457330754072,277.8125661286522,67.05900273001778,165.94564786342838,3970
186.7702097919239,289.39783918831085,80.37634310876692,158.8313189739364,4110
170.76205857405353,272.4460423251412,85.09496719344868,166.2806656559933,1285
110.62138275884563,246.51736966566384,60.06006734222033,150.5667163274181,1022
177.5877254469693,208.65092689397474,59.27156207023658,181.75076854055817,4667
180.79573281090188,205.69479486984483,97.90753738799407,154.66683024985755,4990
176.7764617714338,237.43255646128537,79.48321531922846,191.8746934799625,4545
111.39658871192411,246.3821718767663,69.5058238647134,148.56485325039932,3031
164.3907957067765,260.9120622213297,90.07208473347532,179.06586612115987,3350
183.43247957493986,200.6489521386997,76.25794793889585,140.73603536836342,1205
157.73534012196677,298.97228904663064,62.08314051872907,143.52238947764428,2455
164.6407375228089,236.3938883404043,60.33676528207869,184.8992045237917,1094
145.83634794263062,284.80946638011216,69.84296330849108,110.76598353576634,3522
152.87073198840525,253.49667056654044,92.99479301299398,156.4917754983208,4646
103.43768583517252,213.04394545333466,53.072395802212945,172.63364677787854,2399
163.89630219732845,279.7565552534522,60.92630003773816,175.04206154170538,1136
108.14472128911592,270.98270749198764,94.65759094262957,159.14935271699756,3198
143.50145943402234,252.74360849292282,56.08672844846252,144.80644841595137,3037
129.2655097667408,251.455309133378,81.48128591320841,126.07824438667578,4700
154.54279502117132,208.7479605750928,60.675568406051255,190.94262353541222,3750
113.3416335523207,265.58489485738744,80.29334237559442,136.97879475213253,3249
169.16434019733182,291.12451557543,69.15520834221161,179.89920885333459,1942
179.50115369284703,209.32449192213585,55.08384482154959,103.16656129626362,4321
116.33544497431565,226.3511450648905,79.12375337770533,123.21692146866091,4670
110.43130873518821,290.23079734420986,84.1521373542293,134.55847928841226,1073
114.55154827873591,228.43439098197933,84.01363094829014,167.1574063310204,2345
187.71275618985015,265.3943672179926,81.85172045363548,131.9330807161891,1548
152.81892617563562,253.48181649431442,75.01123904677729,104.13638008193071,3684
146.72609960075027,259.6327605003862,75.97363084296629,117.3867516054016,1999
110.67118191023543,241.5788901577253,81.78200549039798,125.9165352369326,4045
164.9556006756962,229.9991470553711,84.51296808733206,117.6047479935819,4237
186.799959189509,204.8533450729669,82.74383694156926,120.37245601411334,2024
182.81858693234528,274.42809392941643,79.34727824567258,176.89569406733546,2967
162.6054708980801,274.60934621942266,57.79194924020592,141.203364395046,2361
107.52787166516737,267.07257400787233,60.53082692464309,140.51792446679252,1290
111.23970271760129,264.3633788119621,63.011201051767415,196.6606336659486,1070
104.93089871098246,224.37171321675262,95.98308285437511,144.67018379442004,1107
125.74792164924693,202.23449337662913,87.96975458984832,192.7658132532395,4561
113.56614671603778,280.871539688544,77.64334097684392,129.90630982166803,3645
126.00480402524339,249.1138535695827,62.60284642720234,140.0626259904173,2204
138.50580557189616,230.68381307026183,55.54457616220856,139.62833560674622,4096
194.29827840711357,210.19319067805702,94.93796129899874,154.60788323146443,2833
161.0376059781692,206.27215909013884,94.63330079114584,158.42472908539523,4222
183.49737856829623,234.88667217951775,55.534779784784575,124.81250290422689,2288
171.0351500712332,280.473706476694,89.86083330482481,179.35842504171188,4994
111.25031305266317,291.87237493338307,72.33225346549563,149.65259546767925,3250
173.5920406373949,289.67513646130647,66.19834664152701,100.70435535188075,4634
127.50988815591245,292.0000834749655,86.95522681043536,159.13406333166802,2498
163.91078469947064,290.7725343129343,80.71647705303653,179.80594415291364,3023
134.09619736429886,252.72247516003958,89.00150537966687,125.04667378154578,2243
199.7672263264659,221.9415638556904,53.716443031646854,103.7871009361926,1568
126.35514794967779,279.80465828368204,65.92935099787282,180.71786556507226,2105
127.91304707742697,221.3712974852579,65.96584252083679,197.6276715971627,1163
193.06722555623983,226.72072767565692,66.48765461438828,107.65636146649024,1929
102.46444046363227,223.32543218225484,75.12399363219028,193.8036807325721,2292
169.66889878731968,251.49824036958057,64.15069015404737,135.92744119760619,2206
172.5326390735878,232.182750816908,72.21918050437598,194.14396085880875,2965
183.63785774103994,215.41560496253413,68.3888796557708,164.88393240024467,1179
197.44393106384751,245.31734118938823,86.76480240102556,189.0244312448413,4867
197.56019191566526,287.3907238785167,80.17503978375251,178.58330250514132,3645
106.52767575664639,257.05528549499724,82.68147161586577,102.79977428206269,1471
182.18393227529026,287.8335605887587,60.52919470413222,106.54425023250539,2134
164.63099336573814,219.58721850791375,66.27510826634446,152.5744605118544,4741
164.7342134373091,216.6973873672554,51.05827238060371,112.96190198449126,4116
112.83499266146949,257.557712569842,55.418735364658495,146.10342391571515,4621
165.01871664456533,246.3328901546273,63.25271159944437,195.46302985644675,1531
198.24825806012478,266.0172641646957,53.27318606510105,129.47572875544842,2989
191.1818569539447,279.4626791026782,80.13162001773512,148.8912713815741,1608
143.91306608048507,275.1307295652176,99.90650579619125,138.42596300680694,3478
103.99479732860944,294.2261173658561,55.04076070326943,162.98269642482484,4429
136.22934900002048,239.82564091570117,91.06151063346326,119.38449306515588,2082
182.63903116005554,220.6386742248181,55.94081236325736,125.99392901342833,1974
170.14991014651662,255.09126399478856,83.4957009398218,185.876785136401,1974
145.93436555939564,211.07431201911857,82.15788015295087,181.13362238603384,1223
105.5101535158831,228.88511233316314,95.13584674055997,178.91896888706404,4981
142.68947278233026,220.78880552631443,55.69728068402562,177.0919609317896,3857
146.90249397178835,239.6563716797081,65.7722233040949,145.94374934615792,1188
192.8555532894136,211.12165750022154,54.53898801773428,172.88907725322082,1058
164.10861035821594,203.18417445480978,70.3691662902217,138.72048178721178,2031
131.16529166546488,265.67940046300316,95.57965867787225,110.07095801894802,2507
152.53182644507214,261.0248978289805,89.0761575530928,139.33746416488924,1824
106.60553078221601,270.8358936038661,86.14500502226596,115.86630442279309,1405
197.25682356497367,266.0386440271344,76.6513752431351,139.08516806325096,1613
136.0059901930726,211.42946811423835,94.17428711677614,129.74252153628865,2875
147.78673549131358,229.10788813756463,72.47208991206642,159.9160667067925,4543
135.52839742369227,212.95266099003524,57.48428335503191,136.15404154984233,2044
168.25117301162,284.29724020485634,91.87926115603895,170.55896633791784,1383
166.22321583295928,274.69036553555236,63.98191640258634,151.21466810476494,1411
171.53223105291357,220.15270029182423,52.6816770512224,191.94922785154,4376
126.81432296119209,234.13092404898936,56.30190153343957,109.1025435350387,2942
131.5668481164066,296.6614992264214,80.45294580970742,168.77091886413322,3775
112.5251231096208,259.41593578796517,80.35409819605863,167.23968775700396,4381
165.55099718461128,280.1155597301157,63.009158554101724,195.06265474127008,3278
103.97971273356525,226.4591034768729,86.35900739729895,137.15518670436524,3283
159.76823355234592,221.00529201793051,88.6820077699767,130.54379697121624,1662
186.9695884851634,278.39169288465484,96.02513130668092,117.23934442136566,2603
189.08321482896335,268.587245523144,79.24687493391184,126.52885153552936,1045
144.90377603699616,268.0977929211764,88.97116820737864,150.18907727551385,1221
145.93036882130738,255.26345818291938,87.65498398858168,183.7712961959977,1751
107.69691830080174,256.3578342776549,62.89045242335965,128.4286603480641,3203
167.0765025443036,273.56975053062536,65.51129639688297,115.77421166573906,4166
182.12594203728455,227.00024811211952,73.92411978764358,127.21284710741688,4680
124.4655054604713,235.27684658569558,50.951948376462425,110.09269750284845,1817
142.13008816333647,287.1636770520055,64.86988865788618,192.6695416307996,4154
183.88393367652702,230.88652010121578,73.6941436672119,187.2624152022247,2268
187.7120467662288,254.6309571379299,55.40346476405719,130.84917169851522,3622
124.3179980264226,270.2639464006684,56.31379438875627,124.69878159318671,1009
155.05706345413643,299.99248268331763,73.16183678686706,190.53973140649157,3136
119.24931506358271,243.5291331495332,86.54825157929656,100.17719513209559,4748
110.18787641395565,242.80928766249437,91.68744654603415,160.05775279913468,3956
191.11205013919576,284.25883794336676,77.31569487523743,191.60037609456705,3373
182.0507504232109,280.55031112598635,73.73744937733656,150.85574889063528,3333
176.00349018031739,273.1075881734549,69.21402842298775,100.29669595996339,1214
104.87663188131404,246.32296374090288,59.64744962188031,121.88714293851557,1995
184.37287927102574,232.39391201607157,57.328100140718234,192.24415938919338,2871
143.80440759053837,260.87304825848486,89.5948225830904,101.70224241798293,2095
134.23951232958598,287.6223293131641,73.25033161061681,139.47797660632014,2231
154.64763610253766,288.37774582085865,89.51601227398774,178.9744726332978,4210
109.13532427235558,210.84983450704385,85.20415179503149,183.80909936850034,4829
175.66465493523987,242.83502838131506,59.694795719168944,147.760793262867,4450
158.2435076888296,246.47219561987495,75.51536321056129,123.24837517328525,2664
118.65900968731675,297.7615367523753,72.20083152113403,159.97047176861588,1981
118.82321997690457,267.79980152425844,71.19367530453484,126.37780315573015,1401
118.42486515726742,240.72464172620704,77.12855246019069,125.52642579959164,1611
105.7002387551934,202.6057885985593,99.10409505377189,180.75997633970132,3570
158.7798449371685,256.5385160099196,90.64502988353726,115.42658352966131,3387
184.0348177588508,209.6075975638356,95.18562158151958,100.55214784019908,4977
101.74982139873886,283.4449957347763,51.48197915880188,133.67752170058492,4247
104.90046449712736,275.2518660570362,57.016818339625296,149.097395499503,1828
157.2770276686946,246.05091599081788,54.23818301122817,170.50803918953238,1905
181.94956853860523,242.92107795416996,63.16155025326383,178.11152576042886,1356
132.67388905686335,289.73389655687686,72.09462459833253,166.351921113363,3425
134.96143988077222,228.84583504181285,82.10266238279448,162.65088803169266,2339
159.63464974967758,224.90199621067708,75.0415633143301,166.57487223194352,2905
127.4212889124147,293.9197432825762,95.15919574565699,127.1526517581099,4733
102.66083660776842,280.92458367534823,96.9927979446932,138.2361322964568,3122
173.5228518101596,282.06255930671944,58.17604755987294,161.64365009995646,2122
162.5649912941453,219.51938142759255,92.64564601323926,106.55706603539728,1264
158.07559990556592,214.32959914309345,74.08611020066505,129.53253500678557,3958
174.16841289918233,202.60295498171348,72.66647356586921,140.6418944757653,4061
167.52308375620373,223.704150891868,89.24696742422842,153.3440682853936,2778
120.58819881783211,277.41904917143245,54.65702545224383,148.6482107360961,2106
135.2481046943351,224.00384187641498,94.12465637095733,171.81318781539937,2828
112.61101416786249,272.9103283594876,83.54316772738073,147.3426675416461,2605
112.9857013417881,225.19082653674215,93.76308038289989,190.41299838249887,1227
167.61957463565392,239.52924979506716,99.72387888538114,138.03183421524173,4755
185.86001069824982,298.31622899114086,75.90022261786267,152.53717061761563,2988
196.27325838611392,224.48117312841356,54.663109895446446,100.32103896020269,3178
162.83471175494444,237.63706272982677,58.32619314654433,131.04779564461893,4081
118.4101323360957,230.10871804652137,66.1809121277155,186.65729773139924,2923
110.56503454489307,210.96249863300022,55.17764710673548,133.35763945962915,2591
181.2850971536758,248.9894142130825,90.76709130688849,125.3186333332462,1544
157.87564763599994,237.86906633330022,64.84339255163843,154.35369624422216,1243
161.82850210137198,269.48870858072803,98.79430940099326,107.87300984420725,2249
178.1462088754709,281.7594546951546,85.12957159659278,153.16051316503993,3275
170.32772277324517,254.42497144956386,58.67151851277788,130.36657982421883,3292
183.44582528560966,203.2196422087337,73.80213234719702,138.31028898743875,2952
105.62139054598785,261.8922356234722,73.34421108166606,179.1365004337145,1443
174.7520636746505,205.53907300209391,74.6255829166817,166.19640186141183,4988
185.08527573220954,261.6356323599025,76.78455853214678,144.61060931238427,1614
128.61350424583142,268.50299492691886,51.55865411588654,157.75163130849393,4780
164.04472739932527,219.77676276175185,84.31505628718116,176.68587553202292,3934
131.41620638369722,281.9346148721771,74.35958876442217,174.57837451961882,2836
195.7971066482454,291.10851315740484,89.54826994343495,118.53217105511784,1824
103.34235724355038,281.30869641138196,90.76747866302154,130.09192219992048,4532
157.97928438329552,230.51091902120822,61.526756099585874,134.82369309660254,1935
116.65035470495151,258.66430124456343,52.42114732133889,118.75422900050044,2744
171.22202051771586,291.4815149191228,85.16169280561613,101.21614540063042,1381
117.58902834186621,232.066472622285,98.8881394231937,117.39672687888122,4263
123.53832618983576,282.00278222654254,72.33289932904505,180.82443270814872,3686
149.4370811045758,200.94751312616964,62.98064047967979,154.59204513924712,1521
191.48349499968782,200.36467027846763,57.833594729174045,134.1658026987181,1841
121.17143721479708,275.97116603389674,64.37227986952925,160.8344445629465,2601
114.42400211181035,276.14475821271213,66.39597756857249,173.9834125346792,4941
175.89768318540308,278.89771878522936,71.19373717172323,135.44277830208625,2876
150.0619532333931,293.0026837888162,82.77035616072934,146.60748415349744,3205
191.17851123817712,211.79063118202842,63.65815280401135,106.42132166701155,4327
114.66145571598423,223.19849849836885,52.5488381734338,159.7090536212479,4921
164.5927893023039,290.37249203738077,68.66393057863598,135.64070955521845,1546
123.2879146151815,217.72361977723534,92.78148080795378,143.35236476007876,3553
115.67604286516394,268.2229267576584,74.9175755425942,142.26006179469246,3868
168.34294151572703,253.04630000408153,98.23918788727049,163.24092887425428,1166
159.36846199087333,208.31936768515072,75.18107655443659,157.2465348954481,4951
175.4827458362331,228.5263661941533,63.79494084609239,142.2106047776568,3069
130.94625764461824,252.0372216440968,59.66569986226073,101.69550214907287,3114
144.79716563821898,285.23501166838344,84.72622483927881,162.09626146313792,3757
140.54716763304185,270.7538489614674,76.81906428887181,187.9577474034327,3659
198.4089463966514,262.18831614549333,80.19994644977207,176.95515715938978,1847
129.2248956739388,249.60328899414148,87.75633946670655,198.16156322500822,4778
129.4817238346767,229.86839838141344,86.29517321324465,113.90753380207134,4683
135.45482088286073,211.92449113192612,52.16816500841135,122.25200527878536,3634
156.45940812903214,240.90760345660954,90.12859526475141,153.9267465221979,3935
125.23227442637452,202.85184939112926,76.63516535258557,123.58817023438064,1016
191.5289940379274,221.10558892668507,69.58542654073864,103.45497812816899,3706
126.56855648662635,243.24833758726598,76.87597131340351,140.2288276163946,3809
189.5815731560195,241.8605185671915,80.62257242286626,128.76447341539824,1254
110.34750636465847,204.42954309969923,57.47531549368985,126.37608456588828,4259
165.65627023996524,258.90601535252915,70.87076976632225,195.31728170242485,1327
190.69855184382436,254.96842558532362,66.77931050940919,123.84541162654496,4451
116.87494383982295,207.81043040209127,67.52044724090192,112.94325711873978,2997
196.83269600992548,294.31630524604395,54.56674692036541,112.53192579078511,1345
145.28833604155116,209.938277895086,57.99217440001152,180.63240734885292,3287
194.57151084410245,285.4834151237336,58.09160337931107,171.48480745267403,2496
167.6820043630047,200.0309731915006,68.6612371610824,112.94861955670622,3354
130.15868698735517,288.22810950453834,94.72457724373957,121.97531188607863,1175
118.83025249171064,201.97197322043127,60.30136859604713,174.73430084435302,3360
130.37350462250993,275.7812031892116,70.80962538374023,127.46163978346141,3953
109.3017409262675,236.1690811300253,65.5804707649569,198.1542075157352,1543
114.38679663433298,273.821680013632,89.3691656275669,154.05700666209088,3382
110.46604403464812,240.17452054249785,52.50632161604081,119.20079704100883,4450
142.29435437415577,207.09079223318417,59.82716977679452,185.88084545127333,4705
179.55783762575862,276.7506695395364,60.53207711773972,131.94755458972352,3883
114.13835542163402,207.1252685321365,99.64814001566157,128.8807355064378,4611
113.03204331723359,292.2120435961218,78.53875089831519,132.74412334514983,3947
164.34289495173306,205.09740357916613,56.94791321917591,176.81972482230378,3748
119.71829819680663,247.93252777715156,63.609956963828274,117.32129497159481,2356
109.76100381089915,272.30344308507955,58.39110470614621,138.17857802609382,2163
116.68485782055777,239.32464647920378,56.2302284809724,103.08327727844105,2806
192.3731395876776,221.72334745924348,89.85910142039464,182.66266173496078,2308
182.14712527761907,275.9090961396027,74.78763143301774,134.07187663070053,2366
135.4064562355094,278.42947047887264,81.56050684243907,124.81729198083744,3316
165.58207673273927,292.2694983954367,66.5625623495998,157.9893242375499,3853
153.7275673668038,237.61651104310778,77.68475430336647,170.49918837513752,1185
167.7124263482564,250.6251734497327,62.878451626184855,181.2896037182943,1109
168.26711524627592,236.3128442846072,65.40181374641173,134.77849454990678,1766
162.8734015059993,225.70818218513682,82.61189721833665,181.23008501490696,1034
126.61013685373086,275.1032961537609,57.51750629596151,146.4881000371458,4915
103.90064207628181,233.96518450169555,80.86109295837309,110.11422675452249,2245
145.5566781990109,242.8149441992352,92.61174082115636,184.63074827157794,2645
189.09738846907038,240.36736576240278,56.021161309038455,154.76347821046144,4844
156.94972585185758,271.26612256467456,94.87306402849896,160.24695719473854,4585
183.23910417019079,291.77956261106794,53.97228401494475,193.74912696947354,2769
199.1624342961228,266.6756061307377,67.44546134779365,155.91514849392553,1797
116.36162041382762,247.15825960942325,80.52546576189972,100.5583530677989,4170
169.17776391419824,277.9205114738883,77.97073800592685,187.06158410031026,3678
167.42935737000246,264.09713241221374,54.81955362472167,128.475108032346,1009
197.99554473582785,206.06103571178136,89.94565838929265,150.17669207840038,4656
198.56007339528003,209.56635864188416,98.65766465726264,120.48866025614203,3256
168.66786117241293,203.79169440736334,59.061414459188505,129.69835684549736,2659
124.36147919821943,245.681632620632,94.75654849077314,168.66488480670338,1037
179.85558381305992,282.58534343389647,77.84047210558752,142.9573351037914,2978
110.70291342110382,231.3083169351352,96.79668856226637,162.71306305813872,3141
178.06993041716288,238.41601830924816,58.80429792083805,182.3575691312951,4304
191.01961241446963,290.94771083678904,89.60106965897123,134.0822022186345,1886
138.28333947684354,283.69034453166546,52.98907877226656,156.83400383260408,2186
163.06352949830804,266.504811238256,94.15982234013632,177.75878933731363,3886
143.01427320968264,226.68037820922513,83.70797110998168,171.51231927693746,3699
143.77650549881284,211.70414826884434,68.5127391961215,153.9843435981851,3289
131.037088910812,201.60588226801138,59.52334117489251,138.33835107273552,3729
176.21296204503244,210.70106726044207,90.82665492836024,140.75019812330174,3145
193.6176564166505,229.25964436239428,80.16206606974058,143.31352119962656,4454
194.07508592344612,255.17900635794956,68.02079264740007,134.88455289461518,1578
117.47812848749338,206.4000082752387,72.19179124012581,169.9075634889698,4360
187.4743649656566,213.6227778318449,91.32713280361882,112.54152522718297,3663
173.7431441427122,218.1080702307941,66.94635966784338,196.74541207172769,1140
125.28374006902892,263.19820929833065,54.48163390549644,177.898550197154,1202
106.72846129215145,261.57897989801245,95.56410861017363,129.8163052166774,2511
126.7997266884378,255.0765726372153,69.36718698290173,104.25475692706357,4475
191.22082367815256,225.05014246959396,67.41937555576067,171.1303172378926,3014
163.31786748957722,237.1119691218732,60.21998094379697,173.4359044969833,3464
172.10546608978717,209.6689716337743,94.87112856141728,196.36226105275767,3849
125.71523511090959,222.6460603758055,60.87526668439169,125.3705557575165,4377
171.93881555748203,289.7705226472581,81.83364340006918,108.27250902042238,1945
102.81215062779238,297.96917464358285,94.03825058040515,191.51347577184328,3184
137.53213457730138,264.76595856402946,51.74568073016087,125.86490346127752,1774
162.6753348542331,291.68232920234203,91.43958526500978,172.15314473238817,1904
114.60965655413202,264.2741900401425,70.52997108448872,106.0659637827678,1617
182.30035744469347,203.31964861054698,82.89872876326059,176.0584804976167,1921
123.50312988119187,299.6762584986409,68.6202281612777,112.70258971371405,4201
165.22811128184463,209.89523016865348,84.7758128173747,169.55863480416036,2796
140.51971425753297,268.2641801445061,62.71474572788496,153.2343047853405,3672
159.60435954776472,225.283620307479,51.09652712176981,195.54881304672602,3881
110.74505526289082,239.198111290696,97.38937573939768,103.6917643077343,2139
101.69127999216073,264.5934184800938,50.81838820200414,129.20487458000582,1137
190.95644273803012,243.6487349307707,91.20496448167535,106.95089173342438,3462
126.96300087671828,225.05460589311284,58.45687966612369,187.91976352397188,4232
181.96770027804592,233.44461868783247,69.6110114301014,159.39011536611076,3667
199.93503004722004,234.15481169231762,91.12461882530279,153.4969612357899,1247
121.14312579989112,295.93239045082134,60.29660751561727,113.14578921163098,4950
126.51707411833556,279.8613015923451,93.28538027625179,148.9032257313051,4205
166.28597876346657,245.85487714794002,74.88794695509507,139.87036551758155,1525
196.54486346006212,219.9820920341364,68.30767313586382,131.57518681390232,2613
191.5814348190744,281.1016110262656,83.1218873368168,177.21889554985944,4342
150.28755200655849,215.71824716083734,67.06948609904788,106.12760398334447,1224
179.51102825267247,221.04622171420033,67.36441794981785,164.66857273622017,2144
113.57458530999011,236.6013391840151,86.67631954691515,182.29930312022117,1734
197.74381842040123,288.034819585199,65.4916112269554,190.73072828603244,1720
196.43532340359866,213.17866686341102,60.03863241772125,174.591659475541,1462
116.37289578791709,212.22341928545262,90.38230639982861,128.24556788582154,3963
129.94231248031065,249.39749883052662,90.26855168636159,160.05074605237036,3287
110.0154997506767,227.64105410936747,74.87928518534346,114.14036109143552,1020
127.17175988981796,256.872794164816,76.33278080814776,111.7060623744776,3495
181.59557894152067,245.16366846832236,84.80383128838193,163.86241421385145,2820
137.83156071652596,243.49591063512167,75.46371458812168,185.11076545842027,2978
108.83969671467584,211.19729704869934,70.85199794846163,106.7248125699619,4400
134.22255247789045,214.10496902498403,99.74470966483729,110.60037321332987,1447
198.138333424128,282.107857744685,57.38202139262795,156.5607307429357,4676
162.96835952592028,288.5882737571744,79.63639896199302,121.82118610193402,2963
141.61609464061578,223.468353288525,94.29315130378302,161.18181227776478,1254
116.653851349727,211.3460501524769,84.36075205905574,121.45438252553399,2185
198.61767972836947,205.34166719345106,94.04616495441192,111.64819743060595,1302
182.08490092631286,260.8297613741897,66.81673601773363,154.55749821648274,2787
128.14773024509194,271.53532125002056,63.59964881301196,186.21951380326186,1776
107.00686957211894,237.28099892032054,92.56361934510524,168.512197215053,4259
105.66255573775581,267.96758674906397,69.70572880927303,181.87251375359648,1623
112.03781495055338,271.29588155595263,85.48411615286557,126.63351743900483,2053
158.07685836144216,293.5342281396905,57.387428920705716,188.59786512970257,4856
192.87634212054923,206.48736378351072,87.79190626883374,137.70391745762709,2459
149.67434280059845,219.22917232310797,77.44913245124347,185.24476678569937,4386
184.29454824561972,206.85259875969882,63.43058199552304,147.1175590148726,3934
144.5886619859808,286.7993933336111,74.72519819794525,126.78576473604963,3435
170.85835457678252,279.2587160033569,84.84718129198518,126.02588310267929,1679
173.1872737286501,257.4642070621839,50.59432044236918,156.76678843646528,1479
117.39637059033387,208.36634100511833,81.87335294070647,107.90102702068458,3655
136.12160589758116,227.33123586537195,77.07953891366373,193.00561945885084,1134
163.7302156538024,229.7719848058517,61.01430838733663,127.14634956985357,2061
107.06966081843662,256.07431960154173,87.64905369880984,133.56248178458554,1287
136.15401877629566,225.80438940367154,65.17304923166006,123.33015537412328,2092
153.47994662811925,207.2959863912955,63.84304657732824,100.30079605607214,3793
199.62244930446388,273.0762301853299,73.56091744996613,169.2550236808798,4138
147.45335626224409,229.90802116554113,83.80748392111823,159.05529010342235,4639
181.60567571143235,245.23741770233005,96.44229879381271,180.96445401971158,4859
143.20672850666176,212.76666349823054,57.0678621566052,104.10107734509805,3239
179.6390722619709,280.25483033945795,69.82340603758668,192.86556447333203,2143
159.54148016201083,256.55318769240574,53.349479625631496,133.08869400603655,3448
188.65954415023984,290.1585626209863,87.92753737358711,191.30698625057937,2423
141.094255235011,249.54715630653334,72.38664448406803,110.71314820675396,4594
160.4304419821479,294.14256718178797,85.34645675940925,174.39205814696413,1908
163.00186806188273,289.1868204381326,66.10972119881436,157.93582314323265,1657
141.73829418004732,257.64598564592336,92.21586207031618,135.8191215252584,4085
114.43120436874815,293.3893438149863,76.74140391200574,107.91423959330193,4617
109.35594069123356,232.30887472945523,97.18039109118276,160.47365098467407,2739
101.6671550599633,236.56421627042113,53.940731957201706,102.64398830739131,2621
187.35342642452144,204.5477951306037,75.71384122710371,150.12820991460075,3516
123.64749122386945,258.9200906763853,88.32276229988494,160.4208575793655,1892
121.15067492817681,272.19239699289335,80.00763240368073,173.25237472875222,3201
173.60354004260654,277.3519190242103,51.159707021342136,199.1334634224846,2193
132.00161130873917,214.98162860461034,98.61693391719405,126.00937135077649,4004
150.60446924118366,244.41590723125003,64.91318465379491,132.2389821373475,1678
116.25110652974563,217.68632120939156,62.4638933183191,134.1145346808992,4457
195.97457214619692,266.2127348854249,74.28299378032898,173.1582711858835,3744
185.15814000172372,215.7946372421768,77.10790537616745,193.18192682561138,3353
186.37896229650033,290.4163683956075,88.31440687949127,197.4323749581559,2648
140.6773748572005,223.06346456614133,69.66368288294946,194.5811366558129,2679
176.23612137071729,229.14022662882448,71.99801882311061,187.93830077152433,4389
114.38761553897801,285.09063221509996,76.74799579669155,199.0977373820631,3401
100.86190025917803,245.8467610145724,69.71935498708203,137.59457268344968,1906
101.99729325780281,202.3995945800073,95.72740395505781,194.83213199987063,2234
158.66017374045606,249.45862512026457,92.5625983317126,176.10199623959116,4966
145.53949052479408,208.4543335380123,72.74868475389391,116.84598595279783,2726
151.80153489085197,298.5344718687311,50.009743116865856,104.54651878772023,3845
100.74631404172194,258.8111570455602,95.04672477646403,121.44839578703223,3741
142.26866196574258,225.65326176109784,56.21682867197326,177.87511242876263,2478
171.80681612008607,256.37176795476176,62.22562075970231,163.1696881225884,2690
144.26937019674358,207.6867103381755,57.61806421826991,122.43562573466852,1853
173.22192063122225,279.98913042688173,58.99077849905119,174.19214544713594,3239
123.30189643968347,292.5328053864164,90.14387689449174,114.13222394382029,1592
181.31420044817253,287.44443882061597,78.97507208329621,182.18413938586946,4406
158.84312404534523,234.17576022985628,97.80475815626743,179.4160975970732,3952
121.07630994299062,232.57681196433685,61.57267561618582,197.25759707060485,4915
123.6720475853833,203.50876112163,74.2817454065617,115.02795646293181,1967
162.8030464569537,265.14003587009165,98.8714184541235,190.66129944146002,2019
182.99395932124435,253.49047841897948,91.32217571373849,134.11026637218384,1897
141.56277820291552,245.93463713273414,86.43078395602456,141.60598647953117,2584
125.83004291275923,290.7630953334707,59.4487600685396,146.84450628867694,1815
186.70116069106004,216.78789010828464,88.4702700454858,162.6904053202556,3614
166.9268291750835,200.96662666901824,67.37825612979589,199.47633701180428,2871
144.80854872830764,207.33164521207655,76.52684485233789,159.99588030552331,2090
148.79001952793018,222.3371437827369,80.45806065197701,192.67158650404073,1626
120.42564679363964,203.3285549263457,80.4681855762127,125.5028202084723,1111
162.68026300648438,250.28437106431355,86.32617359567581,139.84116618151495,1670
135.87425105428886,231.4090455233578,83.08510463211027,150.44995294385808,4178
199.56451766743493,218.04830080681327,53.418543965529494,132.29019897866706,1025
148.01835152618878,275.0084074948662,72.86735129745537,197.686710296433,4048
148.5885606189613,220.44513262325302,83.20108033599897,172.5683553897227,1621
156.58517874106718,268.7605100993793,64.79964910828643,147.88813521825602,2089
191.6756003118747,234.92649058476388,65.65283436081948,175.1304701209794,4485
180.08180998597504,251.18277606625546,56.228377387730774,146.74424990826512,1716
145.11300697978413,293.386703985132,70.93074929874277,101.7225327367926,3660
171.8699265972796,203.73516348158128,99.34152171530874,154.31934078103362,4571
158.62354987807618,250.0264507477462,64.26596806440187,162.51852187612016,2741
149.2367048701249,285.4422960327618,76.57184463430491,198.12074187185618,4072
119.23157727843505,258.79742483703484,87.16186263895422,104.07928482606177,4807
146.39362634548908,227.68705169651565,50.67486354421354,151.2096957455134,3629
124.58185870225746,239.76811351450343,95.02197797991494,109.81547567083618,4733
191.48421498516547,268.0265628728574,69.32750923624693,114.89959015709604,3506
133.5406813496347,289.0811894313803,93.4557993355491,161.0463338968476,1368
195.22640145333725,204.10663737466115,51.9473829449739,123.15677122664974,3774
153.30552900947112,207.15388218903763,57.283177593183794,174.91741112950245,2845
163.15443786761602,232.50515236095876,66.12647272387795,151.41986925952727,1141
154.29404444893277,223.2779684437479,67.27308865316394,121.82128851657373,1013
112.93806169667009,226.4930886222406,92.38971115140083,149.3791677601065,4539
137.5821219007941,222.1269998625881,50.56005576941176,100.08817269081207,3758
109.91461122776239,219.58250488551576,82.05558882348399,186.2740043657841,1530
162.29540441833817,213.0623966869292,56.56562180892752,101.26783770557628,4481
144.68741952004387,293.3954131795238,91.16078253555247,100.70098924921825,3874
177.79849715709366,214.4189463906153,88.92866329789561,161.1503943179647,4221
122.04704809993699,220.4403774765536,74.99605137056002,197.35209257900829,4845
116.4566058429335,224.62657239807857,60.63436127561876,185.59334843539787,3878
140.63322309637678,293.30148731304206,81.72476954827782,125.20189125894517,4404
192.6585383218381,275.57141336010847,57.81291588288228,119.66668111476856,4145
171.04218150124117,278.96994303155145,59.50118962963268,162.61121806334555,1437
141.89236247929188,210.4758259538498,81.33449511126788,182.26377470220774,1382
151.72721697543105,283.6309875015672,99.56142230443122,136.207867090003,1914
108.42130111770983,240.8193081817418,94.55304186262731,143.2354590367076,4422
198.4575896376113,226.28230262123887,79.65536788418385,111.54895136777512,2289
166.6407304694919,257.57500835203103,76.92683843837119,115.28264212553592,3852
128.54040684634225,282.2182905816734,99.91924400040543,156.8351595026021,1972
158.58083942152444,277.86521510749094,77.36985738169469,110.2656145748437,2680
110.9482366068994,288.9997482581132,71.0058260979722,120.2046124795901,3037
196.58366688075836,292.8132186015444,95.47777678876707,123.4677024011884,3998
117.4784987883366,223.81220714277495,61.70921479346441,144.39245332136304,4716
164.8030318055214,242.38578941692717,54.87629951484045,104.56119641236361,3452
124.54544625389305,201.462853920507,81.7045017180915,149.97709716929387,4068
171.75613826485358,287.932165926506,54.79248168843745,192.86744063940813,1885
177.6821367240281,215.45721514747675,68.65742684764801,102.44636611190727,4494
167.34197289114326,286.14748123426943,71.17886927908603,163.09848652074652,2683
161.44994602551924,232.93873219865964,77.37690335246165,183.58423651515423,4014
189.24690939520116,236.8133589981138,99.58297728739811,131.24608425491772,4982
107.86267109897581,203.91322544838593,61.04908616665904,113.15185450192249,1078
133.09147657801952,232.68787897653198,68.7878189253456,104.3339787609263,1308
124.8287479630846,288.8363682801264,56.612006220532905,164.39030594358024,1726
198.80139620654217,202.5547401121604,80.38067630166174,155.22343802290683,4104
138.93897796668733,240.63274730467253,86.38365911539168,122.92949883919977,3937
173.26126992403988,203.13996298127412,74.10384116179395,183.1617307631748,2451
168.47251638810047,237.0923425109065,62.291563414498555,173.55063521523434,2729
121.20812374773777,217.26406407802912,81.04441345908738,127.64287849867831,2713
123.89976802115513,225.2218393268372,76.95788616844247,175.33630228646336,4871
128.1284563553034,287.7598373161419,58.559286170185885,124.49942135007726,2358
141.11272782593792,243.6049220621891,70.28409502510651,167.5267461866361,4526
123.43250656505268,227.3797991401912,71.75985458175975,111.85450410738794,1712
101.96514827468478,258.9338377950548,99.13088768857165,169.22394633332073,1950
187.93930568071954,214.21069598325823,92.46429160777609,123.87744189822602,2435
196.5609831380884,225.9391607420856,86.7185394136797,157.2469354241714,1469
134.1570387031568,254.62479676028886,94.43885127514737,117.24638668518826,2538
133.8506879425473,223.7523041848069,86.77422029143574,172.59669475679522,3612
100.7091812774371,267.91277374008735,95.17009275628666,106.08795743930517,1937
168.0250688330374,249.14913022595226,52.7276557439754,116.54177868027188,4841
182.54398957486288,277.1989070254691,72.80331046334582,118.41364798708365,3168
114.66083003600032,294.82445357224685,87.34491676209169,104.13435858539985,3197
115.96663493671508,211.58048893474077,79.16478983050068,174.50125161602455,3200
179.00832499714377,233.46650099845448,58.75830820753933,198.09525047399327,2752
161.62907483541446,231.95490628784066,67.02460432642671,177.83977884116825,2951
104.4860557627717,215.11829193372543,65.88871875133457,186.06319621223957,4051
162.25469904622815,281.0303137333471,63.0673456592168,100.60076603382771,2670
130.8917722843766,275.987870403879,67.15677767569831,111.78699637745933,2279
136.8725155470846,248.4425470834399,75.74266442305606,155.90203392948624,1573
176.97314182968802,253.77707777946097,92.74345123916379,197.78688847941675,4870
181.09351926726106,205.95441380024963,87.10163311968782,166.07129310482037,4134
140.03566268398305,255.55073523270457,91.76248520081168,137.41366937380775,4364
194.71529360063548,279.13415240196366,94.18018722815432,114.61493054814592,3115
140.6462717952072,257.38275735838573,70.80752280488036,115.28356943826508,1224
177.183603523011,226.5306370120419,67.30131420133736,136.2753202316784,1846
148.38772645642592,266.75482723343373,52.88116908420809,171.38101973440072,4720
189.7532326522084,236.14884299652476,96.52458109382172,103.18192910249107,4525
190.77612436501786,254.4873284285735,53.2911508969072,185.21775914616387,3605
108.74168078710838,248.7565363278925,87.05677576852352,194.15514356898058,4678
193.64933313102256,238.117500096518,68.90541522327936,188.8816460530831,4361
182.55348415204156,271.8877980394135,97.43903872495932,191.30269093968928,3923
179.1310714312667,288.38761119858816,70.98010104670645,101.53392794182638,3294
120.09113396855224,200.5212518476925,90.83041756773582,197.7792315949896,2339
180.5119208754665,293.36165192303673,64.13274160818384,136.6357114890349,3956
185.01327346850368,251.1515136083225,64.95443586219233,186.92811183651747,1291
128.9150334454151,270.07318803632654,79.7759704939217,118.68088706996141,4551
195.22600783623238,285.5624566175877,99.89913168537369,144.6525742662237,3261
104.98601463991642,246.710369231427,75.87862089895981,104.41643886239767,3815
114.99092532471397,283.497407336489,96.81543181966452,104.00759968428272,2583
153.75811380515142,217.76198194552023,89.31249141243639,194.32761007696382,3652
157.57924711223097,215.91675344798145,89.79321570886174,181.0606612529039,1970
164.51500833009032,265.74713688561536,71.7979994564382,152.98260444137932,4589
101.69691293154665,287.0143005551737,69.32711250864003,152.54581735645377,4972
196.03667746221302,289.24261775360395,59.59609040454077,174.87546184761862,2216
104.4588092734144,264.3740458377247,98.19706334918268,134.166878157049,2010
114.30619527234023,252.54892302093174,97.96968062219099,176.18692758619522,2638
101.4014517526057,233.13930876965162,87.35338671550915,148.50083799932725,2457
156.68584332940947,298.00004155993315,64.81262249263348,163.79174029114648,3121
193.22668839209723,231.96956866662504,62.258977017114105,196.48294501031478,4145
166.59471660804644,274.4186107231593,99.43051211934815,147.13155575202615,1624
182.26574684804274,253.19817999050008,53.32714075540888,141.840465974645,3711
101.32812034585801,260.85123425253465,92.17821460706546,190.57491739413587,2286
154.2015298479726,239.34805505886263,67.77290002412373,190.25804949163438,4157
145.95629775055218,296.48231254722475,70.94348598636103,199.2418701883176,1057
149.8967944220793,257.1682326099271,91.59888243744186,155.08629993083093,2684
107.2213185335188,293.77876304587903,54.530150800267904,134.4261541026603,3773
168.44353610693076,200.7591416173914,67.70848392601286,124.03900631777036,4488
150.32204148586345,257.2670583191121,97.60121385847864,103.40963569516617,4883
176.5148849861264,271.71868897252716,84.95329563856282,172.67286242108855,2304
148.52906340617153,274.5080171162218,87.74695824029452,123.34761737354467,2630
114.9381636226432,290.4976881781681,87.87526504777382,160.66408852256572,1207
164.8256954077822,200.44016090037863,53.02850415819722,191.65923653643955,2907
117.23863621051663,200.03301592594764,60.16037966302156,195.0213607394527,2166
187.2394563354815,247.22634607952153,74.5631628040606,100.44101339803103,1412
161.31162390692415,202.92937050053706,68.40751162376876,131.70750313763563,2618
115.72038835569542,297.45325536623744,70.54561465664267,183.7378029465227,2075
196.2338057481207,222.2065174541392,89.07236893128362,153.64452053515353,2040
151.83654633353206,247.26647293648446,50.733961753386765,180.7508733482153,3777
107.2898451871655,206.11376300122237,83.02459631606195,185.3323282837938,1739
162.68329044150673,252.20484161712585,50.005511590091125,144.26262199413227,1803
125.31989070128103,237.99561251474086,53.15292627881219,135.89829380247855,1418
180.36934518773023,204.46600288772237,70.4143059918812,145.54332660505256,4495
181.78220735661907,233.51242666962247,92.04742599024107,165.27952026242662,1918
197.89473558546618,239.14360202228556,57.24978827822302,136.71591528868183,3248
150.1869531024504,298.99214912749403,77.73107045643059,177.49882886977525,4489
145.4956879727737,220.78858719193755,83.9252613413372,190.39927936850222,2465
175.34756054464805,254.47796153700997,61.47664420860803,128.23112021587264,2525
113.24706563419265,298.73155491986284,75.61651276347915,196.49896441742396,4153
154.69155137931241,279.2019207940135,95.57036415690962,162.27252467253106,4711
154.6247600130851,299.3367500882089,75.61142626827663,187.8168771219741,1079
108.94731228103872,296.8298314660169,57.8661530893824,110.39164352721055,3236
141.79840855069136,248.95395420941543,81.39071483437723,125.14991370562387,2503
185.3284798567202,269.6375849870566,79.6100090004257,132.10190794325922,4227
185.61536219946603,211.04431269411512,51.34773798990656,130.28221511745133,1827
109.9237664919681,244.1148825046802,54.52972028737833,117.18611565985319,4231
109.07208827478308,280.90185422666974,57.839067757050536,186.82009475248321,3801
126.26954770019353,250.53353209771433,56.814453878093495,141.861214128955,3873
187.47660625539936,270.2699032817232,62.97328852804665,196.31302124667883,2617
112.8902585073499,274.5751329984277,72.7052661617784,158.3472366790147,2067
171.99968026274462,225.34691412428938,68.58581489494922,113.83946356448631,2185
110.11656196131032,287.56993729425653,94.53249457022984,154.5904709833957,2756
162.31378537478253,245.9822430909179,80.60547047031685,199.35451477242424,2684
135.60672991191447,221.01851036215436,93.80721749809216,156.5171687099275,2659
178.89139629658672,286.5415881788444,76.35196624587994,100.18693451295626,1509
123.36904488253636,241.78188061062536,54.493523534466995,193.30799035904192,2536
163.920182938996,275.03124383797194,73.16437245332173,123.48944061281894,1694
123.5682534575885,254.80330722215928,91.10162734211825,168.85290530689565,4279
171.36602831121536,238.18717522345003,59.7051883583554,151.50801549554427,2120
187.36780345607488,280.98764150385693,54.560713937632485,132.54337568408863,3068
112.68017991267601,258.44699316446133,66.471736916913,128.26395236763886,2378
186.65956885955035,239.05621024270317,69.44489153200698,192.87598625071047,2974
159.3575254414298,210.9597870335127,65.31288382029521,191.19258959198373,2528
112.7110490867024,289.54453137667076,56.7620392812278,151.31348400537792,4994
142.7541855359712,203.54695853416666,62.541992986085724,125.84951955351391,2427
116.08602934850978,286.3187348368056,84.11412023010551,110.23420321719978,2246
170.03478888665694,235.99615248831554,69.29642581465819,115.65763828590856,1399
175.88681344179497,263.93387635014057,81.6274722309278,152.22517257406045,3036
110.57965202727989,292.2199723835685,76.81518899593662,130.7829960579009,4533
150.61398526946442,215.17066155038984,77.45264699288344,104.20681422599567,3607
181.4625056025917,256.695047563881,62.4274778973898,145.51673853111,4103
193.61630415509967,276.4432862370192,76.07715163840908,174.61892924643138,1488
151.351786674177,275.75838327190576,51.17973569316009,189.16951159599876,1287
195.02792236114072,252.5631914599504,71.58718711624631,158.52840456830893,4508
153.56889704560297,262.4739459906458,78.63114115949575,172.3292123842446,2403
139.4190494599908,275.75269941328446,59.099781067705464,136.40704708649324,1436
184.82031285528956,284.1027637757412,62.82792531244757,149.62381792169396,3177
149.29827104580892,276.18130968758635,60.97655099078097,172.96268565100291,1440
147.1902510564523,235.40049431812426,53.52789776327121,172.76582273722943,2516
149.03124894098283,299.6726401057733,67.39286605700451,142.4526264569504,1789
184.67850018697453,243.45026937193043,98.94828832259697,154.36673415583226,1996
183.1941541688052,202.44647027589335,67.6940203231805,192.38553395509695,2268
140.35199924402113,236.26169515854622,73.02683109184878,163.19976049432336,4123
133.3299859870525,212.77829545738433,82.65436254781876,164.25746256865898,3768
149.19280240391294,212.1442615728375,82.42488755845535,178.462029238536,3911
157.27725097371092,228.15350401068943,97.49474900093121,111.52228963159729,3277
123.8337210627997,205.33754941772608,92.87820701995626,152.28842916487275,3512
179.39550847155908,268.85121884095634,89.69753435525762,195.9431736270982,1185
148.6482765732423,207.3988884201905,97.58136128891553,136.1660392176099,1161
133.40455484199595,220.3289555435956,61.53826927415858,129.4926146422091,4270
110.68209929639906,209.28997144941195,80.85270973108963,160.12079656047575,3448
123.8845160403607,206.31677309030312,94.35983833610781,122.11194245653034,4543
194.92811717559837,226.77516655395416,81.2069079139051,155.5945156523649,2479
130.50996868195267,257.189896766037,98.87102373034347,115.56520108576406,1790
116.88592893670354,296.46855564468416,55.01763569531895,157.97934606979055,4062
146.06727916549931,287.55566543496064,71.96652513966,160.23791836451775,1544
130.70877433602487,287.5933925445325,98.86814539543181,141.84004790122628,3460
103.51592502711941,217.60670360376577,68.97840142849628,138.27464254386885,3578
132.31452172794172,226.490719349782,86.97781875496523,124.54582784004494,2144
154.41086239394684,207.63933167953056,51.52014505393246,133.09223078335944,1068
155.1712372019967,277.8468339915185,84.74185573151566,149.83459671913633,3340
135.65589211768886,206.9816301485562,96.73133662637892,124.7658901029101,2750
144.73027562526005,255.66956708208534,69.13531425950013,178.28344633718626,1634
196.55179182347663,224.78755723239507,51.06499189634647,170.90352413257716,4481
137.73484772303115,224.34456340287448,51.395490219774196,126.93058671459954,2303
125.8226813259983,299.0725055247605,94.60116528555446,109.7435163101548,1565
124.34670440667601,275.67798069785374,86.12580535481308,100.01800389839627,1532
145.77646127041342,283.69393582910504,55.33431921132899,159.6718852381489,2632
175.95201487169442,257.1982685344013,52.729513852559826,121.13637464536488,2881
120.59881841884732,287.1014287393749,90.24126818077397,101.25824701015391,3697
170.92961271407682,264.5490539166353,90.49303164026796,135.90852705920227,1553
102.11498233494163,294.61737047963453,56.02609198960245,196.19984623174332,2948
141.8932977983946,228.13385860456367,65.07602019443183,168.99428076298173,1952
177.5865065202787,259.5319545782895,89.00130322869447,185.77637029224582,3805
133.87329557744314,269.01313479368923,76.27060354770032,114.47390982607301,4490
156.37371014453996,239.29373050278068,97.82924303626497,107.32881546194363,3075
120.49792328259107,287.9707982404053,74.05313226730024,101.15297635097224,2419
174.19953911261723,297.98031631041545,83.84789687827563,195.56622900194873,1569
105.22791032687596,249.37694913726617,75.48916828707921,130.02027353535485,3686
185.25426448755002,239.0640654804339,97.1482747842523,145.9504942340858,1427
119.81963864216681,247.19379285564588,69.93295460338044,139.45236236017746,3822
187.43980317083307,285.27367457319315,61.48982275893,173.04569353928594,4215
135.25292413005172,264.5468425518168,66.33169301404966,130.9964881952743,1979
172.26835744744866,204.4772372518095,92.63876020826146,153.54528826140515,2116
131.92252977861884,254.2169910445715,74.89692817560666,199.55822649554676,1034
190.59116712346474,201.730012274097,67.71261517511195,144.40635513442362,4675
112.66371255183743,277.85353710034053,77.21300109047414,155.12715406997557,4846
117.85197892725986,232.83122735424638,56.66148536384212,150.25280623108378,4541
149.30301251588023,247.20074821173293,50.2679652312798,180.31861581360323,3573
108.19384390381461,279.8678105907632,64.02923418467454,126.6839654033575,4386
119.59801847017619,204.64488172857617,80.25028598917712,117.0438016142797,4555
194.37663822120143,215.85415355916103,85.58403848306936,175.4093158264862,3877
197.64896611478872,239.7960376445115,91.33054831759833,141.56181863686544,2737
137.62593293304218,222.99251635455607,96.33317796972348,191.37260089766872,3423
192.32860210139359,233.79014257750632,70.60561734823841,164.41592857933978,3881
154.48246756734318,299.8174737892465,87.02583997787274,156.43431117117427,4861
126.97424658737671,282.5414437573811,53.733646509903124,107.04570548258772,3703
170.23987210805987,288.3901814960109,52.876499938604006,173.04119051377978,3914
165.8901806574857,293.7054633565775,56.23989959930783,168.60403655129582,2006
198.91253191087333,234.09358803141956,72.42845489153812,164.00719244871547,3535
126.50472874092833,229.70769577964728,60.564071924937494,126.79095235706905,4567
167.20595026617355,223.4062492572075,64.34624709689079,194.67393216744443,2994
105.20237550294469,283.01169113081227,82.39400867561514,132.165512703282,2399
111.36460386967194,267.9551862285185,67.9261089401423,115.22309567539342,4562
100.39183749510933,223.61719824828774,77.8685778859011,198.7201154935014,2322
199.9460681059673,237.6993829210455,70.62018783682961,174.6246279123768,3400
180.2273697147478,250.67117639327984,58.448462775990976,141.47868823261814,1353
178.67230147335408,252.81400572737536,53.70099951279471,193.59164308887068,4955
150.97260752881797,288.87277285517143,61.81157476549439,109.11173743661973,4552
130.006708290544,238.05661329472161,52.88502347455222,108.76612164265578,1978
115.1264284462676,290.85240305005124,80.93059799449034,168.24510186285855,3451
128.46747388464638,244.13675603197896,89.78588007330501,117.79720483788435,2417
137.5971221929139,274.6372674792354,66.98703841187005,191.71395151932842,1402
175.6310096980294,293.0254319985056,69.35555276761791,184.0359174298871,3804
153.96617889031523,290.7575703963266,90.80955313796534,130.63672241011864,2514
107.74836265554826,205.69528672956812,61.13064561867802,188.883958226937,2547
101.80290089589123,220.570429497657,55.95801325974371,104.28876870073283,1393
110.23321795340631,247.69054255322752,75.05590586655433,154.8637852737494,3630
141.04987136973793,243.15542899531073,82.30950847666186,193.55627737088332,2719
193.31929170490184,264.0891664837207,79.98272125232396,185.53829789356982,1103
163.74024812092216,294.4709050825412,85.69365226370904,135.6073323800995,3058
180.18258998755152,211.24047112779488,52.83755910865119,118.2870435234635,2009
146.63745945045486,245.18586651342406,71.41008063791864,121.05405884037445,2743
136.1666083195043,219.24110378871393,61.928526197284654,151.45078780784053,2248
110.84003727166227,289.41075983979476,87.9560629773012,159.6772943836474,2340
187.5933022186205,296.4580185801653,93.63652420301747,103.28143166236364,2917
178.31600290279027,247.870168189035,64.06678704032075,141.3551559234888,1421
116.81180975977252,210.40102977281407,54.76090395347041,183.03871156439044,3320
151.22605638762604,278.5294666722673,62.67139809956984,144.4328950235797,3101
148.73748079212447,269.71413504923987,55.20042445294598,116.91753909494105,2196
162.50915526865288,235.46708266103104,66.12110830567269,195.4860293019097,3294
194.61868939912614,288.7407473968964,76.90992891609129,126.62755399264667,3712
157.97714417624798,297.5831889782707,98.68404771991032,179.84282656340605,1617
154.02172667786186,255.78538491301953,69.96851271756793,119.37941663389348,2182
105.0322932934664,256.5727911344292,61.001996192731056,142.317272922159,4177
106.2907476018024,229.75135051137778,58.34008701854175,149.04225397748118,4776
118.73467913267889,258.45060359833144,58.6519883069338,150.06352959482444,1294
103.24707716917483,243.96423205248465,59.62988416307296,151.6473868100705,1275
174.33528955700123,230.2191026928052,88.11335112687235,122.49475406897614,3632
172.3330303993963,206.71851965239014,53.051385571621,151.5915521960835,4114
113.60562344316429,225.2707859709125,99.87013534715172,148.17127538777544,4955
183.6078900795281,219.78546496776644,76.13431955831305,120.87194971262633,1193
115.4786034846112,254.2041984553949,77.21359471504128,198.81915595037108,4712
130.11755869973587,260.1670021763594,67.87819393498025,186.556339278655,1310
124.8976899161365,260.8571724306016,84.51276797060602,188.7576351022483,1619
137.2307098573048,238.81810010456792,73.57281704403988,168.55710503828948,2126
125.46637658899618,242.1229733685496,66.45306424822749,115.98970306917565,3692
148.8950926438452,283.42384296406397,63.256920185402144,156.8092063899749,1249
140.74078813546853,247.62328135171623,96.28256034666298,182.1439631627386,4467
198.65694907793267,298.77733321371227,64.549475752621,103.87364886886625,3829
105.59263501282257,243.96172300088648,71.81966297149211,149.58431032876197,1955
114.21813763873516,264.9580944617839,67.51707010582341,139.6122879994918,4686
105.28258939086025,205.03629989933958,54.3089413714018,121.21247296593036,3015
162.58411949823758,265.3339924418811,59.29671972411336,137.82500037653176,1295
105.45092774137196,285.1426394415006,59.4750987663191,198.34975108694528,1237
183.64397373761233,294.2457838533296,84.68247571948274,172.32433263617776,4691
151.1938630681928,299.73206116397705,70.32927049829046,129.95370800149414,4720
152.70076245815338,228.2178645649233,89.09837815353293,160.53550514808296,1809
156.1594507712194,257.53700648257166,85.44754621670785,124.66562402856798,3336
117.08137063062108,245.07179855321473,59.60248831980188,161.0843909024274,3584
119.76903031144876,256.3817480575171,78.14584600600503,189.61666894849316,2653
131.88173228730048,215.74529571898466,87.14544230244013,155.68767999425523,2765
159.34964158218514,285.6149572595941,81.65214617378615,173.3339975452683,4917
121.01177759402145,290.95689433445875,80.00082540439905,145.33389987162968,3303
111.63317271332612,244.96616631129226,86.9805443700384,152.41239176639965,1520
197.01168864184322,228.0429861573577,52.83903696281534,169.50750787548787,2142
102.19818148096229,214.08334276530124,86.57109736807163,181.24050050513972,3166
180.26974053360215,268.3764824777804,63.63276315767142,165.94513865254498,2114
178.80351495750222,231.2231839620735,78.59361272546771,197.7491993890093,3219
129.7214113845096,290.95385699133885,62.11524973482537,181.98225877982827,1722
113.56266160073135,267.101247484487,91.94087861034188,177.71602046078752,3873
114.56286467054234,264.56853251742405,74.0279677150378,184.51015789810253,2944
169.74316172371925,255.9402115898241,82.14706060124918,128.1210935424349,2139
164.28065910861739,204.57763394287255,89.7041021738364,143.20471539483808,4871
178.27456742513868,293.1922435685587,94.76576275356823,156.44629183945906,2557
193.74811723991047,262.793749329946,86.60310485346704,146.23863184426855,3396
169.1927363266592,299.406198338311,57.43842880952029,184.745781822408,1566
115.58515365514435,253.7356404772887,92.72661847928933,102.7068517679232,1475
124.34426167654107,271.0110891906213,80.9288957932753,120.91754172328208,4516
184.21937308731145,205.6209557866222,80.47248791901367,188.1706541001855,3155
120.93060758342085,263.1736176823411,96.06702799024609,105.91001376769673,2976
107.25223169544815,276.46496115903574,62.44157778329416,122.69883036087981,3636
170.32800540422505,277.8514294852557,61.979380924701665,135.12503303764862,2596
140.2526355490142,277.01116522302857,75.6596777347481,175.0740560811691,2145
192.00400525459037,222.62826272936678,87.54315332674327,156.01806961668484,2627
165.02550710936617,297.5398477605226,72.36203541142545,195.46047027803309,2858
109.04189777916608,299.5182120624939,81.69456949462011,122.78750150729735,2245
194.78565672536607,207.55958751616012,72.62623621113595,187.21204049887294,2482
125.85572636402459,293.6446422811757,80.51935902434843,128.2913489749249,2665
133.72124904062858,228.94491943043693,91.11311513068556,124.54982591265602,2521
140.2260413683542,268.9284081750965,59.02383480454617,149.8375198099351,1369
105.12242964043132,233.81109207361322,84.7689267002992,107.12045052564937,2976
149.6515422230605,296.77543233731217,89.37128696690917,138.43070129932832,1759
112.33184910752922,210.15038583035354,72.35557037408913,135.56759681097435,4192
140.09703266883517,249.7746816956376,66.16167885339271,116.01015557017735,2224
135.07097879920843,242.80477919420747,50.6772161962201,186.07948452749105,4232
177.28400834265034,232.60234522779848,89.85525111670468,138.58896437093833,2785
180.3170511632731,264.5533990880149,66.3969329517994,198.19201795136826,4289
115.3412882389088,213.10557434216673,67.8654734704025,189.97079490377743,1574
136.65511873792263,271.6662418133697,66.80030815494061,119.48106995699254,4471
137.33531610318317,298.0592123804787,74.93696654061691,150.51221723379385,4800
115.14104439360851,280.455871446863,85.12497866095386,160.1804138366553,2408
179.84535050511906,286.00167529095455,88.59315655002554,181.8960502943621,4924
170.72283283354233,235.96367431790026,69.62853602015792,188.56427496513948,3111
119.03817862970348,232.48866064812188,83.15510175225845,162.401802115549,3259
136.6721908593799,251.70483546901332,86.03421251356576,103.51342031422153,4703
110.58050248565142,204.57266147622727,64.84586658386908,148.12764495181293,3116
162.82065970930438,294.5358134456533,54.83107347685466,188.48035361863322,2147
112.13719245486197,214.3785173016192,94.73328603222313,171.408960254426,1376
198.59341686249178,290.3013039168093,83.85579858907965,187.0141941409458,4728
178.06820746878623,208.35822220003558,82.40552044381457,167.4079789722707,4367
139.0238549583995,282.26249276785603,52.9451257605989,104.40350098149726,2381
157.85639322793543,215.1962525878215,90.89365287519632,196.80066562066105,4712
191.1341816216409,203.81316140914726,78.30270780430266,191.80185405696787,3572
155.4099280395826,271.9489450259409,92.39422086587831,112.65795399126233,2809
117.44984863979552,228.02653001744284,98.72805918683807,111.26911668437488,3115
137.87033555811593,271.449615278435,97.8550160440121,153.90785004770203,2902
184.31448650297455,255.50852504728198,92.80446731951037,175.70508345568834,4341
164.4213015989618,210.88073902300656,50.547368691568444,138.21732119382537,2156
165.07243843338003,293.2130073301164,94.28636041184782,113.63821635432421,2085
186.6821485688489,245.23141747634776,53.75311569138228,151.05560987813544,1160
189.39730574625048,273.4447277798688,92.55969850883835,133.75661362189726,4097
191.97925717794362,250.1020572015625,64.00870343058118,135.17719555513247,1758
109.48491932531562,260.4361474961205,80.50341692666838,164.4985536840382,3748
154.41260019631008,230.27735923566925,51.90341155749398,188.5608099229504,2309
174.05095212183187,220.03603040034503,88.5590848059114,155.85917308556444,4517
175.69268451270136,254.25702034080678,55.58530611164858,168.76025108296358,1829
160.67162019700038,244.0218972971002,70.53440858378859,165.99469915212416,1848
116.67873351836741,239.01132134339332,90.87230011626508,155.11461925569301,4803
179.7420553941664,267.2567195094623,84.76744982541675,131.075814558313,3885
172.01113335149458,269.0506632011136,50.30213484290334,137.77941849102388,2976
108.61357715490362,204.59200560912632,70.15161672712745,131.57037984904161,1248
146.38098246743763,233.8744494243672,52.0963758482254,191.74980964820548,2114
117.39773995218036,241.17645502263775,83.67499304092345,182.6618670510443,4107
133.7477045712972,209.68921611641682,98.44742458766606,157.93473728512208,2030
101.80810922056854,223.59008666982885,82.76306311503797,191.22434709742006,2529
140.03298684107583,205.16417972227566,61.21862155587779,188.64086931479778,2344
154.98769211562103,299.62420986170207,67.76165160332701,192.7694399751835,3249
161.9582592827087,273.65572029698444,98.83252778292339,122.1773857655533,3892
166.34903451287101,208.74501565027538,61.202620601617504,171.75030377638947,4624
183.629131310246,202.02493797900922,78.07645365272214,160.92244999235018,3591
121.546290727573,271.928780015228,70.02269043408724,173.38306378346073,2677
112.0481822438468,243.91921656826668,88.41576489641108,126.33793639182872,4327
185.15371718979256,278.6796709064576,93.36946359899436,169.48090714382977,3208
115.661281489265,292.34760378183836,67.04186371751484,140.98285152543872,4101
197.47600813361953,259.93003890163726,83.01981818496913,183.40917963063004,2480
184.2538229398637,218.7108422917253,77.45238487588637,179.5365725161773,3309
150.08766058895992,278.21940360464527,63.92222450277167,121.13576108589172,1009
198.14214249220254,295.58117431743744,63.59704014065009,118.38552764033031,1714
109.73767291080043,258.0231287059956,76.9315823766152,171.7731721284866,1358
130.30657611751016,268.19974472807337,57.70014367661499,155.04748947281604,2299
163.82244150406115,233.7474695036673,90.54049482412358,155.7205910682049,2880
135.00068684731787,238.15276946603112,53.4502419600201,175.25153234593546,3171
192.83725519807916,273.4654497853064,54.728724310415814,185.497079302179,1629
106.56260881778175,292.77710984068193,67.11131544636338,123.89639006087168,1267
154.94118320609647,262.89883872243524,55.904587909856666,155.553954679055,1277
159.08662673951144,278.9847908485348,73.78500106277463,182.89547094920772,2023
165.2728123777224,217.1635017415373,69.98379452209352,187.27941711950024,1075
125.56662233318144,221.19590902579736,86.09048979428584,128.74093883385166,1525
136.45664275198644,253.203468683339,97.65020776048601,110.41538565975125,1617
184.36805296649777,217.65541922428406,87.67792923695629,123.28232538777799,2199
119.49427689701598,263.49950702209236,58.97243314403022,194.54995140145274,2717
182.6867847173362,229.1653185394699,96.77606427322016,146.24797124352142,4107
156.26554229027425,279.1532618666892,69.60667162765336,141.85737905560248,2980
176.2187511194082,280.81103466143435,73.70946804634565,101.30843487342102,2590
171.36073662634715,246.3787455755353,71.07881186853177,105.10146829213511,1269
120.75114953848791,218.08106350376352,64.02735116438595,166.86959294747237,1001
156.8812736433873,264.6774961081933,94.7522143898742,158.98270687249965,2279
186.77231528050925,299.27870182635866,66.61194329483081,157.5528298495404,2537
143.21162368019293,262.2590897942523,78.92982348397732,111.03228760244716,3620
196.65907702233167,203.5774690714008,62.00167921871651,135.20611695653534,2386
145.2215100101718,201.72939757670827,89.86876873850902,181.2358138640148,2130
114.27856366678847,232.03619704923062,88.70993297645933,117.49112239166372,2157
138.9434680077673,219.57838068604048,64.8156069223522,188.26872509824364,2432
195.1702406390537,281.3051207143308,84.07770365717269,112.14783003489032,2474
131.97208493398543,284.48056670360006,85.19367665474749,116.91493301239882,1534
186.80981598670627,225.8618771310476,78.12557080523831,147.77499611537286,2608
188.125068168189,232.56447769498928,80.0299191135835,194.52999044485375,3398
135.0186524331961,223.62469677151148,78.72273191453979,132.95476781454238,4099
108.32576580506321,290.8382547371264,54.093220199742284,165.8217993558049,1536
172.45579091588183,250.2649334622282,83.51326723568926,158.86712559890762,3914
131.1512299013986,265.613704408202,73.48875049193457,114.96226365005575,4136
178.29236142575724,241.54820866996033,71.92286402707067,124.81669013941632,2217
144.26548482604332,263.1014193504531,92.99996093909004,193.0152772643822,4278
148.52667423426215,238.58553767217361,51.16133567305589,118.48296236530996,4370
177.7909406748537,233.96784377292255,62.56574589793776,169.50098897551132,2063
138.2363331061628,263.448007317348,56.07017499213732,196.46944826003045,1463
144.31273453229144,259.10620780489893,51.767052230486286,111.95059922022782,1022
137.61904687696222,229.35279541679495,63.78384988379738,139.91819901873146,1688
136.734051527728,214.93484503194733,99.42381363973388,122.39321444427372,4847
152.59465769014594,236.85766938381377,63.51145866037869,122.15615174045429,1127
180.8799444501151,241.51976391419092,83.18529098978857,111.89858439996809,2286
136.1768311922566,262.8684333424605,55.91494450203607,164.95511839914658,4860
152.42547205377366,291.45287636368636,80.09238150236149,174.6343509910712,3082
167.07273254426008,203.61847975329252,99.22407415691566,167.67939100230564,3534
126.94394463036551,224.36610125418449,64.59187617302327,192.46564576191528,1100
127.75228049023926,219.37159422795602,92.40378081877914,114.56788087180541,1736
193.34131270234548,250.22944086937835,99.87856901832677,131.98453733850062,3788
172.35345733310885,242.970080704316,79.4277044360372,134.4572809702456,1610
157.71866762233088,272.90376238201884,65.47005502140176,123.20821038469046,2105
164.7720054420612,224.2415912544864,83.6765629949578,114.22049441569666,2340
102.92994431034184,259.44983657497585,92.24241031343094,148.67034759262637,3002
161.8102965561697,288.38572635999594,58.56751214809891,183.44396280474285,3377
150.9508873224202,291.06777399183045,72.62578819207266,195.4539725603318,1195
154.57496797794357,295.8784604725031,65.95938550619205,112.93406322184977,3461
135.94238268308172,277.32611520799884,64.167949848119,182.3157228072736,4948
108.14738977129419,290.5987906258915,93.04106303700863,182.45811229652747,2532
119.33392336120522,223.4530871985274,71.08270034109192,138.8978121552567,2504
195.07447132126717,219.7580944350477,66.95381709019564,111.00296241454541,3115
140.86995622709338,200.64880837805265,80.17552707130068,199.0008006756898,2416
146.6683155830864,270.68443574290984,60.970078981869065,165.5593030528819,2296
105.2709789853439,293.74671878137445,61.49467452840395,198.21956950415804,2322
103.75662295439805,218.69353450416764,76.01443654357523,148.36555156846583,3918
171.71814470467575,263.6943575426879,70.46363643230922,139.51929999367286,4927
153.80946641211114,274.64597592217774,64.74911919611623,124.71854759704539,1870
150.87059842162665,292.76142351480564,52.69755661370511,198.35720017720195,3188
124.31245304226687,264.6860224017222,76.03871193192607,125.32572694622736,1184
174.4750731629922,297.02937327487524,90.83046028005376,102.37627562180504,2689
116.82365791084919,234.46731410125477,92.56886026430288,151.24684135884777,2212
118.993474366102,234.99285337714076,61.77199898630401,137.70504930509153,4645
146.07121713482755,254.30125100143457,79.98206019737441,126.13825034292645,2042
128.6279862111941,238.3501881115907,92.79406547314701,163.46081164811733,3128
124.74629812331463,200.14257282875326,70.43629641381324,136.42686148978223,1497
164.52376445533315,273.17720250869877,96.60684086537643,140.2250888316873,2565
165.09717452185447,275.17170414784835,95.14892645647765,102.30456038940443,2662
182.45170697999293,274.69746046867704,60.40669487094047,158.90709285530576,1217
141.77085669729757,234.50206666104665,62.948241645010185,112.20710298470428,1524
107.30850910261502,252.22894733111718,59.022099932298445,121.38048588954217,4760
127.36663849214577,235.99735181766695,59.80271757273511,171.71178206126382,2361
198.0005463196817,201.60364000306458,95.3931043586749,131.3242726183911,1120
159.6258575232702,256.2448941271419,96.55689545963115,116.3210197438381,3516
170.97370848010203,212.37606660840112,52.59486205925655,157.74241470624807,4443
100.73578296254145,208.00413240914406,79.68016778361024,121.49044949379406,2505
151.8205732182521,275.5499068696787,78.21157814287858,127.09782139587051,3226
103.75286575318032,200.95062024181055,69.52738233622298,162.1339309977874,3158
156.9230212091448,295.9008443608726,81.58487964115535,173.9861781363915,3056
192.07708496360755,251.5255364112577,97.3683912755425,173.9659685195577,1221
196.84191305004077,298.30164307061483,58.51274413610731,148.22434118708304,1796
154.05526753889242,205.79975724727083,56.02054548582278,145.42969110094356,1860
145.8204805252216,258.3529548865913,51.669528541448784,178.76451842312574,3669
194.5017094248494,234.93270359759111,68.19166539200717,119.3034725112517,4719
167.3609831996695,284.3482492814286,66.8814238538933,115.22024475284593,4179
106.48992795384095,236.12227352342862,71.5409844079322,166.46950660295096,4408
146.57255776674975,226.0487579057349,75.16550154404744,140.95069343892553,3251
124.02450184643038,285.75531270999136,87.89119970152274,170.9998460570181,3574
146.98043214486816,237.4653091653261,69.60566952287591,125.6600223463236,3500
145.5465572006362,201.68333198605615,66.53065546806168,132.48718810667668,2697
158.2144802814742,239.02891008393337,91.34394101298135,189.66776491853906,3993
135.67704903492512,265.4522269010942,92.48983353268281,142.16565268215882,3242
116.4270449455928,225.43595388063818,61.63829821466766,159.09534697203844,3308
150.37194345899564,243.19875924251573,65.73359113556542,110.66821941183095,1865
183.0202884345762,205.67151382822254,91.25581854550441,117.88291721927587,2032
166.40122280676025,258.80927915139574,53.97041221488824,103.58877288226442,2239
133.83678659252158,275.6294923860394,66.2923390195369,142.43708117616666,4844
193.55230227588572,241.33125614011104,72.41750535204307,198.8920004495024,1922
191.22075712491824,242.023263280146,59.35358076002855,187.38731526514658,4184
120.93483993840988,208.82824985849163,58.995709830534906,163.2908914940507,2652
103.9417585120363,220.19408645119825,71.24310290067643,186.1096491957466,1339
174.13087083507622,215.46753031279127,87.72608623674279,159.4169356352423,3094
182.7610261349153,248.1687768661538,92.01164897738137,136.87688803341376,1829
196.78645659513552,252.92555409507503,98.96175462680867,117.35464011011153,1812
188.98363940883107,294.89401312842597,53.699202504585955,165.30487417602242,1488
160.0534768206415,207.3231504277234,60.83411005729963,119.30512763907454,2345
153.00523392123807,259.9867973155047,87.83149211920988,141.74284172000603,1790
102.78410512625862,252.64985273282412,77.02993530278309,182.58018421552632,4169
124.66564468447778,251.6233097935829,66.3839886981209,112.92293025617285,4516
145.96147517329263,287.31592873828265,60.279483062362175,112.90214190567951,1092
162.85039000835678,220.55384706954865,64.0238775821224,122.44024155915973,2834
155.72518333184107,204.07732743413715,71.4644475150476,155.1917307122299,2275
174.26359896816905,267.2271507634192,58.85756097530164,125.1723478259913,2186
127.97669308870408,234.515746413598,98.21129779383753,150.31979372550006,2181
156.49526076524734,201.75899162125245,55.37942222999372,130.19826110596873,3626
108.81422433907922,225.1374007290414,99.27887172446096,150.62422049084057,1137
141.3665523583207,230.93267742168118,92.09466430003363,127.76314490017302,4455
175.0160832954601,261.6838376784242,71.15758087568696,198.0012375608565,1311
169.3400853429044,217.25857940492722,86.9908167194105,149.2717901141968,3337
199.0642737172179,241.3054347953398,83.5757621848193,174.364343410824,3112
127.7891125987756,248.24754444178325,60.66434589744655,170.0546558898205,4845
149.81892991739792,245.9237391364091,66.95350430594732,149.0559374814361,4269
132.95304137739967,297.3940766666782,75.6561281402729,123.88620616679252,2706
144.06031140591747,204.55042377902961,81.89220899438635,151.07182779128647,4599
185.69501298693882,295.0968186452399,77.14474906783107,168.09716237204344,1702
168.42090751884865,258.19372139940333,73.64937305032369,145.99192705632117,1960
188.24411913475817,279.5727714969838,72.15761367274501,108.19251073627416,4972
120.35111083318864,243.03926180160755,74.9132249647509,101.7983229558084,2560
187.33611178414378,245.38378812569806,71.71757599229852,132.78768084678384,2273
105.97622741783844,287.93264990158235,77.0665038772858,115.02239260933119,1538
188.85992804371523,289.5934496291902,94.39926495233334,190.61902459259954,4753
132.90737794607278,223.86888814312977,81.64146565273057,117.58326700849248,1116
131.45876334140664,219.9241878584618,86.13104374942701,139.42827140115662,3939
151.2088576698664,249.6235173869951,79.87415668653883,171.20775120714814,3614
194.06901877232318,290.02770271276916,82.15088412070011,181.5421660016061,1485
104.77813646814053,232.23550934061763,78.917491422409,147.7713153178131,2386
135.22309750707453,265.2014615339131,51.34332610979116,118.11350096083922,2049
185.65719886833358,270.8151687740601,99.97991911000099,127.08952235758531,1783
139.60544774354668,277.86746648941556,51.68046201064483,141.89684476411472,4059
119.91568975970671,256.39244579209634,69.75740041168268,136.4594589325583,3924
142.47941813314117,240.24551782789695,55.25578391494667,134.86727571696565,1619
138.55525014916694,296.7015988798973,54.84642252204662,113.18538017566642,4673
191.54162014667034,261.13307533028524,89.67634758372418,191.33102521709498,2516
176.1934375743097,272.8565211633271,71.29628896790385,102.9756606417715,2380
150.51155557440063,234.49828456958784,90.05693541493824,144.00021278757512,4483
198.8370566721571,266.99491810030804,63.63932353404157,198.03214925030866,2499
146.52775312759235,225.77976621641258,62.82313959031174,165.9723938824102,1413
105.82378308202752,224.5096917528636,62.56156909072311,135.54106637330833,4965
126.22743218149849,271.47222018094266,80.80728132039596,114.60975844531698,4193
143.60704802193126,252.13947362629352,90.74996949228,196.38726056457608,4532
115.69026241461201,268.32766104223896,72.61305050376203,101.39863618731498,4928
194.75651263240428,226.94384907480918,68.96244453205412,168.13875706131435,1428
176.68488978177731,259.872334105673,98.67897771008246,188.01374714453272,1242
126.82872004277726,244.39336497031127,55.83770180058194,102.51604898862422,4474
159.0804533517916,259.6960286845528,74.33163410224462,172.5174864090501,2804
172.1449157109572,229.08797322442194,70.42438765907173,199.8837761254735,3299
194.1278928906798,271.5450963649124,54.90632982934452,163.96424685733496,2098
188.16353491754109,280.59293661594654,63.41001810441096,141.46789478433988,1111
151.51922261382137,225.99164738577235,51.4220606289556,187.4400719356282,4734
177.46526197930177,230.0620559855642,93.84771444914784,155.41792464226282,1781
156.2144753827585,266.1154269719093,80.39247644952006,174.944084678994,1969
155.270389004554,269.5585174303544,90.75092489351253,158.7778991818505,2633
111.4741958338192,270.409968439745,76.07772262014949,103.82910924879492,1359
112.6137658016152,268.2698504775837,79.97549147109471,121.31449882053475,1766
152.95336150224574,239.2807716952539,85.04272389045823,107.87635739867495,1918
126.88615449790066,239.48536744036784,95.40058137321074,110.6687762383223,1167
102.10369024604687,225.48176236443814,54.587594391292285,101.5405493588072,4321
172.28392039002122,215.6833699896363,66.54741973678634,142.1164979014153,4903
103.24865966901649,269.25773793969057,85.45130953500004,117.86516317541651,3805
159.52768411040546,209.31887859723128,97.91752815006964,185.56965204939718,3260
153.91937941273144,293.7792286786782,99.04037142450028,175.00375375406605,4514
196.88146905778046,282.66863036714517,81.90515045686311,157.3176994815496,1787
148.42131393476416,285.75057399572563,59.679923887743364,148.90213453503955,2951
106.36014363777974,290.66688146151904,55.960445570697836,125.58686405759758,2869
155.16879678064618,240.860497072324,97.30218221402127,147.49514658749854,3839
184.10961706161015,284.6700723350401,71.69638447312538,164.12292758644108,3093
199.684928428144,215.80613002916493,59.74080166313424,178.22288601927755,2041
143.03431736890724,202.16417946082356,96.69462578888005,108.16820662595934,1878
132.02987424967426,278.48913946638504,55.22621357821559,170.846468874555,1757
190.6653296951999,207.47966479969392,86.47855484285375,174.27298767612854,2373
119.12421290761213,298.8524667325922,81.26315137716671,155.89722009248564,4291
161.54289150329265,267.4796429601556,54.386733219044594,121.43191957032012,1687
140.57144241809476,275.34497102421057,66.9374397819721,153.9184587501175,1397
104.10823649555553,224.5803856277866,57.49653447700053,150.27048818153105,4817
134.72884743056977,267.3865393919688,80.22492962665807,147.5710096386796,2973
126.52285225026746,204.32199372549573,73.85565158387143,146.0639915467184,3708
168.6091153943487,283.7825719923601,50.21375623302455,111.08255662915198,1097
194.8790497691918,216.96240930315724,98.7855283141954,118.28924848573648,4076
126.80471873786378,269.73580668337706,67.47923249447702,109.73320884513423,2919
181.14659391516818,222.44805012327282,62.9102196418525,124.24778276679845,3206
105.53598169384095,206.84531694260428,61.12214778970513,126.3476782730673,1086
153.81210100398133,248.14936785493944,57.94079480867839,124.50758614930454,2766
107.05500637098946,216.92862102727895,99.95685381082549,121.09290681856034,4191
193.40329911306395,272.944398832655,64.75547339408024,173.54220454847888,1442
176.63512805573902,223.7565843383485,70.27567486121409,181.8565399598118,3219
165.79499112045923,234.24725562358287,93.56779580890445,132.710921657257,4647
182.38963816246644,256.74392512644727,82.09437517714392,130.5128891684449,4677
164.7519795570163,228.49682775773115,68.43472058726363,184.4032349752508,1681
196.89443971742912,237.79881162099616,94.91642179619265,162.3923901665791,3282
171.39579478647715,281.56217710403865,87.48621011068,129.34383247890577,4549
192.46586095822468,217.9209849561026,61.395025377084984,171.36122925865823,1120
151.7131892010638,208.22015894819336,82.18694972999603,134.45928102331675,1496
111.70644129818626,232.83577851330193,96.11992491462007,158.6555614342173,1611
152.81777214230172,242.43767670138783,74.82304392252063,199.26340299878015,3469
112.68728280630933,254.26592821365676,86.68062014158336,130.15943752160334,1134
159.2493479176405,237.2423696175007,98.55518719945796,193.0526000708333,1314
148.2493060527663,278.9911700222805,84.52070704476066,132.06524142846982,3116
162.25753978327816,203.9319487668473,55.12193448830403,154.02867043748233,3245
101.00469810548316,243.1767538198558,62.22797754656447,145.998378959904,3864
119.48404916553642,238.22559146564046,79.75482186713245,178.3159562343936,4789
149.1330431912131,264.7578490806859,63.7777907685953,106.10926994819948,1010
195.05035615891347,296.6276251897396,97.87708526945698,162.71223040686638,1868
138.36090403551583,251.03754066288622,70.26760170110869,176.0666944348823,4201
142.43720260536347,298.68768469417205,72.86152028661826,147.21448513821193,1734
171.46960890066222,230.22493949131973,85.08010467350587,110.52926065378054,2133
160.3792757286118,203.0868132542461,76.2124865670937,124.48050134848131,4098
129.89261500983332,216.56631674764128,69.10729834443842,167.96723701008636,4471
141.08163955674277,239.5124884774567,53.831893757728935,189.54373855003152,2343
121.76997988572325,231.6333909188552,79.82227947539319,142.16086070004886,4265
196.60214591302085,209.70541309833777,93.37900153970173,156.0412035078259,2968
113.06343815573598,243.26601076907167,84.28812208800281,122.8385036726862,4417
137.18367845664193,233.81157716595627,69.07475050234761,141.22133140368715,1015
102.58389722200111,212.26192204574386,56.38630323115647,133.67898077704916,4144
122.17794919335464,229.6117130611909,90.8169093452122,165.55255479715237,3995
178.0471138380155,288.64360553553905,97.08741811156024,198.46989516751108,2651
120.11752322888795,230.204886548934,69.41364953981324,181.33034519856864,2224
108.00634025289656,271.39554232420517,86.43210945920308,119.21645849261851,4716
147.44531798445234,261.2047079657756,70.53817199453778,157.76785933067669,2187
100.99692347345184,242.71811624083716,75.11334694260998,106.64117149484017,1006
108.47661544263332,223.9025636803669,91.82381903082049,124.69154868426355,3108
180.76258695629753,236.90146993459456,54.17121711055768,117.22176760603904,4423
177.14733448596064,259.21072134710425,76.51676743933525,133.5545537639463,1924
191.5138820404896,235.0753214749355,60.73101373356113,167.88139690442136,3532
185.45154359107494,221.48964335742318,66.99029727478812,149.93933169168267,1631
168.31755632398182,211.6462748891632,82.2214412321137,193.29092598292175,4522
105.23328573006629,287.9766937909565,51.361420616842416,121.27488398485087,2437
178.28486179866576,244.03129757519056,79.69125494865813,136.420914625394,1935
184.55108108405605,262.520832174293,64.17211197268749,132.98525767924696,4102
179.90821457719545,249.04103611368052,83.4742180404036,123.59636259599299,1559
150.8479035308026,287.25665183579633,57.07906759565271,199.31707691262446,1090
123.29018386494816,254.6934852448211,86.79058019080892,138.72255454430544,2541
184.53299756887267,248.07814179491135,82.2819859881489,194.05089804995984,1445
172.71628097401384,292.46009904217124,98.56209164401756,139.04734738529896,2308
198.07611743888515,271.9689596045355,95.5617681629074,120.4091678740661,2416
115.5692597755933,211.15499073468573,64.16514315998512,111.92063306827112,1949
122.5664583052055,217.7704461196814,51.36582863627185,185.5563193175505,4667
121.17981498815027,278.7122862939442,82.76842805558789,103.20976404850782,2905
179.25397676213368,283.58513211799544,80.14436945023363,196.43945883392814,4210
118.69072964501181,254.51908290902963,51.3714384383223,141.81912117855484,2810
106.6659829823306,255.44552278666393,56.133876460129635,124.7374351084357,1329
199.85608065856286,263.19329628514447,79.23508522679927,161.74461322153624,4204
102.48172114451492,243.91157742826394,95.59136320217459,113.29129918361863,4686
183.52440601588657,268.0199123483904,95.32501382567034,107.21455735663558,3006
136.53668415506527,210.84812575664156,57.574252730603746,182.77833519095668,4397
184.1615459757815,296.12792423673864,69.22869732026248,142.46707746253267,4678
155.4620491211145,275.01548237949214,52.1601432176087,151.8254912104532,2553
190.16312294863602,263.1174204009007,73.46359231814645,117.66960088750649,2044
192.61929864146265,231.63220570094808,87.65417298366029,106.14242445269423,2934
100.9098181280776,216.09554874567291,89.49863556828058,136.77761326518467,4002
107.54121759927882,240.93429638289447,74.94947332982865,150.61462523800893,3526
125.03587295708554,266.15767405740587,54.793483735410916,176.54306218780278,4529
166.93154163635018,263.3709743423111,69.06819875907831,150.10520002354633,3565
188.82721965115059,238.26411550655715,96.60509799871822,178.2507017685903,3583
145.99419512939627,261.328639383313,61.480627825985735,111.54327796743138,3272
160.69731162742653,281.3748295567548,65.98772249563632,106.39627720439516,3619
118.84998527955611,202.62847723376072,87.34135877315354,115.88609641434516,2819
180.49668338816855,245.06210479302757,86.6790394442969,177.20121268887286,2755
196.732811135347,275.8555228466791,95.61011440124662,175.93302308387013,4401
126.85989329145974,254.61444704633772,69.40593453601878,114.13678045106414,2814
149.48259516005464,265.147608792907,75.72993619371456,103.09886582506797,4918
108.61161105063738,251.6676392605342,73.36962306102387,168.52819362121653,2581
155.91366564629683,299.18745446823107,96.38760855112265,185.52817832429776,3415
150.27834418466807,205.46215364890384,88.46652944123174,175.41076955101823,2828
114.44364841550777,249.10448217723774,91.57208899169241,120.27989806150782,4213
144.2066213118075,209.14165491145178,56.65491344147054,158.37678972253354,4887
133.41046520865632,215.97855621135704,89.592334643408,175.7365720625541,4661
152.18308753051895,238.30383504182618,71.64893830287485,125.58287045470395,2222
158.56543354287993,215.55400915004873,51.16693414153236,152.7720801369453,2022
100.84955786072095,296.3687165956651,53.00441763716423,131.44604039737703,2650
176.10059829495555,294.6789776725159,83.89539698674223,122.5575417327021,4107
171.30142918617406,233.61096462206038,68.6006220572985,196.95893267708527,3513
136.62863862065223,263.97477120376794,93.40577866117403,191.25819603869263,1571
105.29359355688183,253.3753320593786,86.71365669379333,144.5667730951487,1437
175.49325397850504,281.55869805157687,51.084000583348086,113.67780610639764,1756
195.51751604781325,262.74456098169424,84.3444155918001,172.79073033206487,1590
124.01515960220142,200.0252454490562,59.61762363661781,125.57011301282202,1880
132.3524613737038,276.31743856097387,71.12912843519561,116.85178058380944,3238
118.38128894818149,274.6848121296118,81.23676010614814,138.15290177381846,3144
157.69361233448396,250.9722705566481,93.63589206478464,152.98498091667392,3551
115.4841394647455,290.29189732330536,72.80489441959696,109.74403298204146,4438
135.61939434613794,290.84462056904016,90.42452270955673,157.17464730485267,4887
169.7013013934263,252.39116767043973,89.14828314003165,101.53483747626215,1887
156.01159830093485,260.7988231196538,70.72692564256292,189.18690605930868,3197
138.6462564327935,299.65220719246724,75.04900817164514,192.07416892788666,1042
142.0249601807542,229.88202348114174,85.02425050249066,173.30707735118514,2320
156.21108826232296,232.46172423114774,51.55742173234699,146.65494085741776,1912
100.58647278871614,218.27739026634964,94.5405706899623,125.48962705633112,3366
107.85098684536098,289.5866939157868,88.49080797188466,174.41120907113964,1217
188.12580677630115,274.44883899492663,62.47079407011652,193.17972019520636,4790
107.78789890912907,210.5642848870242,99.05899765944878,115.85337048974395,3535
170.6803596210505,298.17673511979655,58.96951762948094,146.5821989297698,3193
192.00381641090524,273.0961708161116,95.70433368522009,131.5261636035928,3375
127.06836043017312,285.05221096049746,66.22367291615555,135.67417890459097,3306
137.04914370595142,204.81507891732008,88.15733550820678,140.57577813229324,3613
156.89214058447163,250.49609189421676,72.81882966239726,195.17963443713384,1118
188.17089696385847,269.85982867270394,86.82336937250011,125.86371678680936,4826
194.190558726042,254.29465845718414,57.78915239696831,149.26758390935066,2165
173.95632481112682,266.66474656992773,63.47532291932414,195.14874716617902,1289
108.6619760854694,281.7874063590473,54.99289122360128,147.60568902183172,2662
166.91541555348508,237.43370629601964,93.25719907189016,186.35995219214533,1224
141.0303721872662,284.866867561871,64.81464938847496,105.87647743252809,1893
147.07009994910615,216.29161047652906,84.72381147083317,195.3030418463236,4300
104.9148390345177,227.08860550263748,91.01105988707641,118.75311470260509,3800
119.10621393463582,204.33456199273257,95.07091181896729,197.9935034731284,2280
179.05136075336478,236.44268113352513,55.31485576558589,117.55768652585485,1244
145.39588330478597,237.99095448241204,94.65074667563063,144.43659477949743,3223
130.1662241631149,280.5270597207251,59.862638886535976,130.86144915725444,4426
138.4019073964958,265.31306702896563,86.84510057954807,143.3231421095044,1521
185.439951332568,243.67225581556667,86.44245096823056,125.05247399255255,2618
174.8999017404957,265.21139786237484,50.42515708704771,196.53174124276418,2162
127.23153971810828,205.27833505156912,61.03119541551271,130.57249840730918,1118
111.75018402123733,218.0271536018376,74.59542573324336,165.32749120642228,4710
125.19982216440717,262.6947855241755,71.0017353331641,113.74474895987885,4682
192.07564510547337,264.1366819225302,95.92867399423048,182.43874848498837,2601
158.15888378497553,277.4134658707427,67.98704347512616,154.25079435095134,3306
153.3480208744783,240.2999759053602,96.84918574179812,197.94461245313158,4726
159.63935996924616,272.2554096616156,72.97146591962655,142.34022168334351,1570
136.60282657465152,268.39803325601895,98.21764483200829,119.54478749766604,4827
180.71070203195126,296.3393378369849,86.86774050124305,134.60189994409836,2896
152.32862493002497,221.51302264246792,91.4667295816078,173.69656060934943,2215
111.67479027687955,255.16795637526394,55.24384441745005,165.9106520995876,1942
112.9065124829063,260.17644421104694,79.30707166211839,177.8347407617725,4931
153.68591465026185,299.86478849342205,57.13501799146754,107.34702922042091,2153
193.65702180708394,220.11841421666517,64.8810501025487,158.03687753447866,3205
130.8352121676199,252.32180199672922,81.17827030836341,193.21686770363047,4749
186.95411688592185,234.61853077136388,86.31128523469454,110.79019194815774,1260
176.40955865788794,252.58929685789997,51.95918910056254,109.43352589129789,1389
124.7812442906907,223.2128602103106,76.54718655361823,171.6604364519514,1644
103.63407483162425,204.7612378427488,78.26569931449433,131.51824558442019,4595
110.18472651423828,257.2565453897689,53.941399855510056,165.8579210360907,1131
172.84939338474402,233.58543158608322,75.03440171003818,154.538451305036,1407
119.96697380406466,218.19414017484337,85.69211400249132,198.60666583399058,3043
137.12709205053937,232.39355660780336,52.661364243776546,188.90564169548742,2176
150.16991660064247,204.92802014477448,88.0133888161981,167.80727815617115,3329
172.54681684501628,295.0442234090103,78.82132524520685,126.16746261031506,1566
111.32312232591254,258.11479149732605,91.66136041358953,126.19081621504695,3815
140.63664052774615,281.4768681347025,60.90312864270349,188.22438005689457,2661
148.50729091426953,242.31181975477304,91.66368421065593,158.5341065275393,3093
154.08270639715397,290.33146675661857,54.7280487633734,178.92817820521023,1685
181.83606413952168,248.33182215522532,70.19148482223358,144.986420653683,4370
117.1678195043217,257.39453222006694,59.97423957623242,110.30736366515265,2979
180.78314518266222,249.17939800626567,93.8010416145437,133.2686458239626,2952
169.28784276966522,273.3278295867652,85.24599081508869,116.11491942883632,3068
155.58708141989592,256.6656077602062,51.26808885803641,178.18328164255024,3006
169.9527870402572,227.15989235803977,50.47616778069781,170.05119896570903,4838
141.20177389516564,214.55395313226464,64.56246272408349,108.84129223880407,4044
113.83975859681246,260.6124388882978,57.16415571402827,162.1385398761877,2188
166.57652402653673,248.91799615470362,81.51522387800979,187.41355069947954,3315
152.46723066856222,209.5975696696113,83.189846694128,169.73642953999666,1100
163.93748005427756,239.56174657932684,97.09754518306838,151.11119129844212,1660
133.799878102849,251.47764220004535,97.60199622729203,131.18632849388874,3700
190.6866577339836,282.689323382559,82.94483527056728,188.70967495858957,3026
158.7369868575577,207.61010558333624,50.283755642635434,142.28048821410198,4444
108.54024842908738,234.84953482460028,67.94989582848072,185.53935802337855,1032
144.98039907044287,282.26561227103855,75.65707566236331,178.2999838218197,1235
175.63560547436344,264.8423931771579,74.95898782542329,181.62269652808595,3245
179.41345617322725,228.99583218037867,80.16703147511133,198.97975201616464,1506
149.45970527637587,284.5335122022642,98.02757414023802,174.87585158729644,3794
189.4747570831301,249.32935805626923,94.2596345977577,103.40409357186485,1331
126.76684371942976,249.83518913104604,55.44540167252441,120.5433934980745,4516
141.05986972382667,297.65873392003846,63.29901956966966,103.51951503251645,1485
189.85969105689702,294.71165032363785,91.65547087098182,118.99135699416907,1119
189.6256716471579,235.8532683369844,91.21534544096035,106.14395106861133,1157
168.57127688246808,214.05791286630824,63.768536206083546,150.1617041186253,4108
185.898054712222,232.56667322780942,86.52940153430598,102.82062131330778,1849
108.87732669562327,203.0483260311388,83.60186893589287,147.25790996152594,3191
186.49949762077762,202.0767886710391,73.67619824849808,189.88409071200118,4628
132.06199065502267,239.55221362514192,60.072747633951465,174.85760125748095,4782
117.83315124282163,294.1019822697234,94.43215904470432,194.39559236517562,4821
123.93698363420464,287.1357341232208,83.89255921534175,122.66467737565205,3688
141.7968508013887,251.14428339176231,58.449646243918735,153.10858164052937,1692
125.11920046044672,256.5226381170831,85.24011724204304,131.85794531658388,2051
132.0567586016499,200.59334967460563,87.07168597884899,149.3819795692034,1948
113.4978486071642,221.55011558337654,94.34401425605203,155.70758295842884,4883
129.61767655589986,202.47741269343837,61.141962762096746,103.61861304758652,2602
157.22838145420013,275.4539532695388,99.43770527067034,123.32561352149831,3801
144.1853708091064,214.5645796026498,57.66967112634606,170.47727792439974,3922
134.67187612359112,286.9047102476817,80.03444459297916,177.29280245402998,4315
174.6452128857114,264.3324313675788,82.85882526367392,156.94513674875031,4750
189.3509971393318,222.94186765157133,70.94764476329303,127.08290279486766,2289
175.6789222902397,215.77203170832496,73.75188543851932,140.508411672274,3098
133.20007021176792,262.7624700923053,94.54550483610687,109.60368118813845,3156
174.44421678375537,290.08369802823233,82.26371148327308,195.31796167925916,4469
115.19801824740512,271.8360218914382,74.85004791173432,186.8677471210288,2358
113.03179880912909,234.85466516033776,56.41747812167623,106.56023469074634,1133
134.5627037036159,258.7383595268647,50.366881261156735,116.64906656583305,4750
180.7702369044057,231.07616953724215,56.248430907591676,158.10944411887536,3028
124.63482472423019,299.9149566778659,97.80922837382528,123.24300741292159,3127
106.32534088986796,274.8839188461851,88.20433914956654,193.44006980141285,2006
113.1709535206355,261.43816397567537,98.35581637551239,175.55905808710747,3385
185.87449685295803,242.32591427658292,51.78543548540859,127.32915129110827,4682
163.37832847472876,261.8152290259557,84.01102019293197,100.61014111904761,1431
125.32011633699767,234.16160624673347,52.2146763201709,179.94473912029747,4736
155.52958253281813,202.88648394580306,89.10282344344117,142.40897096010656,2504
152.75796224253503,239.50885223566328,69.04750863675972,164.23777118577772,3935
165.54359784406614,293.0480819579867,54.78826800532474,128.69748254212976,4360
123.31875544216163,262.63010947738655,78.40233208937576,114.2873259358171,4666
186.44029871943977,208.39557030709017,64.0060098300694,167.53115917857457,1101
130.93685620800127,288.49936133950257,82.97869709359092,145.03245881466592,1330
169.4131653976237,226.88748493415147,82.90873797568952,123.51697010699809,1375
101.61246463722149,224.37694930827274,85.25037370603764,113.76279995662031,3278
137.26571298941474,229.70909687803208,99.62325393888796,158.04795944416335,2474
135.17098179588083,257.72022361259576,69.33488549737027,172.55499402075742,1763
154.34844285830144,254.46880934339765,73.26577372425504,128.38869621231152,2893
107.27362617771965,249.14137546228818,90.23058505126704,173.5142535347124,4392
179.01313737261083,271.7536863512627,78.91850115109426,118.31221987327719,1423
121.77808017675684,231.6537731334959,51.86286053438998,133.84156910951094,2048
167.703781488201,278.2064521572431,92.15392601299283,174.48822867999553,3616
180.32121232440932,217.5321678378599,52.57493409690205,166.01435196470794,1415
156.1876956241513,278.2620789077009,58.54100682458922,127.05236269039125,1301
174.08832067219856,266.3810105250283,55.10399834870936,112.21350015469332,2123
166.18603122150057,268.32083095475866,53.89635664405601,104.2473424947242,2411
135.55297971520076,248.155339712726,51.28424376523551,183.79151799192857,3166
180.88585390335652,266.70015326808647,52.75138569861837,107.514194956786,2686
129.4701369885528,207.97970465594574,72.1219594589405,111.48451522063878,2615
157.12129177515172,285.15511170493676,62.6426134991307,123.77106302753337,3378
174.53977391415395,205.5547233487646,56.32684417094094,144.5669704239848,1661
137.89559098125076,214.87415098714973,82.9352771363263,178.9787080236496,1358
130.2767607617425,257.6789708497236,61.305595531712925,124.74803259411061,4197
145.93460101728226,273.94114554566914,50.94745776724047,154.35082483597517,1288
181.79634943491536,207.62515643462535,70.92098918836638,109.03725220500431,3600
192.99217631456648,292.076481412232,65.52164959891526,146.45110051365248,2725
154.50834128598902,297.36076488006984,65.93022156732464,117.76389933773083,3044
166.1466205323652,260.59501730077113,72.26350140907807,121.11915588905651,2957
190.3273622238914,248.12434553768367,83.44569636171389,136.68284341089293,3487
109.85468514129424,274.13949722797497,80.8239560018997,176.13476987008573,1574
123.2078577866165,232.83573523272054,96.86308048944377,174.39864299002346,1716
170.89000062515825,249.32644341051065,75.88583331512606,141.497297648532,4412
182.37444619122996,291.61510268144013,73.62849548625361,111.86711541924086,2227
185.7029028330578,295.56554252415333,60.67072176084485,128.06916200239462,2202
141.51071768549326,292.70691160511853,87.76906444240784,150.53557765301383,3393
108.93399022918669,226.24480669638402,57.03878881071424,186.94117786951233,4062
143.778147729962,223.24690402167633,74.5566444910242,196.82546148133304,2012
123.07345902070537,229.76645059293142,71.06610991937222,163.74709350239135,3880
129.11964549966243,244.13111123884602,82.91504392022017,135.06864904974015,3152
177.22675568375058,231.41674127919634,95.88107349783294,169.34534536943787,3360
107.5527086025887,237.4212795739058,97.32977957491113,133.62301358205985,3133
182.7581217480702,262.06369521207597,58.38996335815792,162.54734534166064,2946
142.7669085824169,276.25256770939757,63.09086091335891,124.37665716956766,4512
159.6063931100595,273.5558198267917,90.58176599823534,126.6988701231378,2503
108.9652231235679,281.4423567079152,75.91398812245964,107.52255890411232,2351
133.73590783572797,203.2184403215402,72.65172841778659,142.0141152213175,4322
108.97009190148458,204.7733789678756,85.53127261903529,161.81745200956678,3529
196.15437228811095,278.93829606886294,80.09624763034859,178.8794943810621,3897
180.72616493262504,253.3078822324632,98.53570272106674,181.03485448376938,4075
145.96327543564604,257.81406737621205,79.19873261441334,199.2444449507164,4904
122.3602548323671,205.2586860214377,73.29869131736267,108.77557258369619,4255
193.34551052498523,225.5313801171271,77.14086810390879,149.3136768445829,4764
134.45965957269718,263.8354304885478,90.42699083484867,152.13745754024134,3347
116.09844316873748,285.9181890110676,80.63375283926104,180.45334263778923,1527
156.31643884539548,291.69833971814023,82.35240456933589,126.6358515588847,3653
194.3774120344816,250.04194958350817,98.57194400182959,106.9372319939467,2814
100.38302905003226,254.54742327381976,80.91977422127286,131.37588102684197,3974
123.81248432539988,283.3049631068991,69.014262416727,198.39278290642608,2179
193.84476404104078,253.76246007473546,84.56630135063983,189.94411978245864,4505
117.10859668571621,251.68585255373173,82.97296984886557,139.52469609466516,2380
111.32434516398199,290.50840377609535,50.69238177531909,187.62719987450606,2551
157.01872157998045,278.993272105588,73.36646483929165,103.27544841166588,2064
186.184382329483,290.90725263612944,87.14518014411996,131.42040774642004,3696
147.71098176939262,221.8247054781154,74.95207288605644,172.68118479875443,2281
199.45642566845248,252.43754866553567,88.98105679676948,122.14522510168389,2389
167.9171699537993,284.2472128593358,72.54418482138072,119.83909514873066,1554
107.40749072104478,211.1147827467109,99.16607988186178,186.18075459643734,2089
199.28321316819753,279.4662154293962,64.64457946019444,161.5953961076744,2887
140.78942367801903,218.29733834148695,54.60613040730368,198.90227183120356,4279
128.74025338454825,280.8118754985321,71.50059005770487,113.46696762791485,3292
155.78791835778856,261.2000937556868,77.08545124369596,135.61284072331466,4314
130.43075918208643,219.32359914848672,67.45468658412307,131.12133718036844,3636
108.64575071201523,247.3354179332801,62.114058005897945,188.01322377189098,1730
100.14283430791767,268.1905166460772,83.60293456927445,125.52965200430106,4452
144.95833529202622,263.3852900883542,68.85625499281261,135.346099767417,4294
183.68634222265922,242.72471962317044,81.56842645503184,114.28338756754275,4936
157.23151856300765,289.9366528920927,88.95357242993879,177.5400982649187,2044
199.92072989434408,251.92634144878443,88.05013138800118,123.77032839588529,3194
128.68466456472,250.58672985286884,68.76546553178457,106.83202722322194,4439
128.04550647600553,206.22505899414543,78.39491144750873,143.51087326908967,1312
115.97494602339442,292.2120389797637,72.48291122213712,139.14581239615347,4660
116.40635882653352,217.7116568678373,93.540262635483,117.76092043053755,1315
128.51865960100477,252.83446934365543,93.93792398999996,113.35975598960155,3450
179.28400452735272,280.35676014003104,67.18707914440184,189.6557213383261,2890
190.57567906364477,221.54532769556434,54.58687239393654,106.78444865512306,2471
197.50871697076815,252.73732899708412,58.379124166200974,109.931095669632,4618
123.22896540964527,224.0684909223341,68.35008710654418,124.5047281138406,1125
188.1297545614092,275.96949977999117,78.21249773814954,195.28391896565023,3882
132.82550892773372,256.4341167873151,82.83935054822146,108.53842495198552,1495
111.28405445168843,285.59758603951434,66.5685523143,181.6014826742882,1980
187.00249255201658,289.45580028773827,83.37495598119929,189.2052153318827,1743
163.61056346436186,264.8733482445398,96.8869991836878,137.78677414508854,2622
116.47308960810616,272.5391246158945,82.60070635844752,129.38943998318425,4887
142.98312575130026,254.92200998868637,57.928261472217564,167.73777282574082,1699
128.72576948770677,238.4428733067383,78.98344564888137,170.26346006102227,3028
173.67945687101968,264.81179230208346,77.09477583834914,177.99771628241555,3092
145.3416230624268,290.82886234873286,93.53500554492103,183.05667813289256,4402
198.92799451063848,241.66803804314378,67.51515276064872,126.83954560123401,1835
105.47449822595951,231.44100263737954,71.147280502834,168.69616018866492,1963
135.50152661362466,238.8436938552574,79.93295277432469,113.49057242846754,1910
148.19001671099772,243.53976302115996,76.22126558710127,151.07313315441536,3907
150.31335547483198,207.35610289777162,85.9508296202587,161.28869165125946,4143
131.59358223856367,249.84418404349944,52.01944954562479,116.1731936676548,1727
172.92402490975678,249.43142480500597,78.175800960348,107.65065397195409,1097
187.47470734889748,258.84438276405234,56.08359465019376,119.4746286276193,2294
193.8719301977863,236.28200304713314,65.76044962598607,142.0588747852367,4478
180.50933767995264,261.310759595559,83.08134307661952,188.78409778153747,2467
185.05801973065994,287.82163102742027,57.87071002960889,153.19144245347272,2114
155.05453006199954,295.5470990495164,65.44209177523145,174.84928917339906,2677
182.58882264268146,258.361221614105,85.1503241417656,117.41445282914465,3043
130.3503909147952,204.2590953970313,82.5402621263417,110.59781980552255,3164
139.84787621092144,296.9235997267109,54.5519834604869,123.96173576322397,4585
131.69130138185443,270.58620608962565,78.8634246746162,131.38804127903592,4964
146.73873354479255,233.5963648553652,57.36272309593197,154.81020188221993,4042
128.55796162386363,214.71577009637235,62.613568935724636,188.12433203644406,4114
196.16114422544467,214.3418612236275,72.96056393178894,142.60926167773653,1070
131.2844628005668,216.77444061396028,55.467341164909456,151.87981878449702,4215
109.80445381109398,204.55725216138202,99.68234839592833,100.46135359849207,2365
152.68171660504134,290.21541886529116,58.26847805270006,103.33120628912866,1757
105.70990784451763,254.07682328273364,89.06563142143023,108.37691999275476,3843
111.05431663085805,269.99594127138374,91.49194225116125,169.89940854790285,4999
121.93893891962463,282.81085092683077,99.72319849480007,148.61913687719175,3886
146.43502498821417,279.15410063332,71.43266089261343,119.29611985318581,1725
143.32509323090278,288.2605623728841,93.70472600696701,159.2599438689819,1106
179.96918620027913,296.72546225249516,97.87697195084255,154.4612151819036,3433
173.94746538841133,243.90706147419394,58.644707244733354,108.87993018099957,3503
142.6318293990701,295.0335466668391,73.97180445297663,164.04127727171462,1774
133.37042075756298,272.3289948342816,53.000540942804385,176.71548726305102,3341
131.64687840614985,207.06681903080784,81.03620060121008,128.6554407709097,3223
177.3995087294009,268.1783121212345,79.07030784282833,168.74888619943076,2130
105.20724062212697,268.67166596048486,60.20631423315986,119.9719517008784,2109
101.28216495106058,290.5860563792527,89.8951379447063,175.67288137117447,4581
179.5544391926648,237.2932132470092,51.86343613817699,191.177416912272,2250
147.71463759890491,258.4911500271818,90.31136620637785,144.1867123801647,3641
113.08811385535759,201.21875510117425,51.332264558193366,124.46220782116178,3376
123.55659345945013,233.20752421813359,82.84144060681751,139.91767021977,4312
193.25039530973825,206.22437261587808,53.93847569574506,125.00774726557168,4073
185.9502975624898,252.1872972764897,62.56127596561615,100.12393757663754,2274
170.97850502239726,281.7447650506953,86.09566746559179,165.0456611804445,3089
148.22252303373267,220.6442692129069,64.02023998126934,104.25266419621968,2449
152.03236261913858,252.74410455577785,75.55869243588674,121.03907402172311,1080
197.52445352839587,220.4008636510767,95.76241347600572,172.2449556129821,3535
196.5770443884287,212.06884678462404,52.48171770182892,166.57250139157833,1915
121.52690457858343,251.09967919343424,90.55398968678367,107.33289120461657,1261
181.11045663053181,207.91486209497276,53.263599928424476,166.0054741079077,2418
119.72426661670168,258.7354631137989,56.339742216833834,193.05748895757824,3756
121.35374778839514,203.13374606767263,55.96595519446054,107.45024690181832,4319
167.6093034164577,210.67149718683754,99.70511416053631,141.56882276766362,2353
140.50010985875485,254.9997485487358,59.00931596657667,172.94338901141413,4040
193.154440710652,259.14074128989137,94.83809231281342,166.77230031779135,1807
108.90097348960089,202.89869300937582,99.5466081473277,122.65105424694983,2919
151.1525640809493,257.33767880015586,69.18923852061491,116.30672774967064,1547
191.8521530443121,283.8502525323637,81.55242717643426,178.4247004040932,3662
190.4113660479505,272.2316177293954,88.95456268818063,195.62446552387968,3994
115.65292134157411,213.11851039207986,69.63225409181041,176.7583467542829,3862
136.66377000964565,259.24746475636147,58.090707024890364,196.32044821977502,3145
161.91214000466962,267.2252500074213,71.68813718962807,160.49954241370426,2168
115.93948847714022,203.72312017522918,88.59438225014722,192.9098860691917,3841
196.80221720457388,285.5347668683623,89.03813813742016,169.0435694544887,2972
191.47493287276603,290.626739728983,61.52693960854567,190.88847502010867,3174
116.69501790344691,285.0452273362259,58.74828199453733,116.15889679695908,2327
112.11554612609854,282.46314679891134,96.0280351050175,181.55652157439488,1794
108.54084828082654,274.4965198460893,52.19995152791553,119.67458009534525,4885
190.9443664036631,263.343203128196,86.73692378825434,102.74291019459572,3626
119.36238097954607,267.8627004988252,52.3210692723377,151.75861340429628,2402
141.62849285443548,280.63952933349833,91.8950025430494,131.82517805618443,4218
144.8851365652003,266.2498458361305,95.2707406668051,104.35313617880179,1839
159.90110442135676,232.7726956682071,64.87095621145495,198.03043787281592,4152
107.1735343747425,237.5961102161354,53.696782175834876,166.64660954899927,4836
122.6758617400516,289.7057468372292,74.03422681737143,190.18121732155987,4313
193.1490386918926,201.7122085797162,64.92315183727383,199.90825858719484,4648
190.84101072685695,269.8820581244282,70.85680714051895,139.1966736671092,3630
178.12906474056922,295.47775524252154,83.24927267443401,125.47370287341153,1547
101.94012456182155,270.6228169957974,60.49130179743585,118.38843926868287,1066
132.7006768496102,299.39119882317823,67.84757847570432,151.51871077913427,4666
162.79587353429076,268.7544905528331,89.12812451463368,160.60807775021576,1681
127.51902117734757,203.43630292168612,82.18809749764108,147.2422736032525,2498
190.9586695053777,282.7009881646924,66.31377455756194,138.72520148456823,3626
163.38894618324417,228.4629911939319,83.21508001299642,116.82725634591283,2633
107.19067173164456,244.6057225664441,88.26564614459832,144.18596238106238,1836
190.90055888357028,231.2091915907082,79.62427904763938,108.52431370790649,2456
195.77666581762224,226.85541062096794,61.97484162505042,186.50477588875918,4876
107.77124183917255,243.14057036697852,50.012264525599655,104.69026520979594,2785
153.2360234861315,237.8751448440674,90.14245534941406,138.06460617315548,2325
130.33642822141704,263.33385818425893,91.13167776580822,110.01378690429685,4791
139.28390764814023,281.3151200987511,84.88022506971811,177.49804994670782,3871
117.96512179553419,229.70886531872407,53.82904656838069,131.27369788279267,4446
157.80721020124125,221.37211528220175,79.26111437540231,111.31056126525549,1574
195.79793532488907,266.6895270870342,91.05103356358036,153.1491298864514,2101
150.3072600271609,267.03200658307816,69.48341600540829,191.627700722954,1029
108.29145813944811,290.1131239286172,59.9000367110127,190.86448711192034,2375
162.00013334774084,201.5945686453311,79.38136486207353,124.96510411327898,3810
134.0222994451257,285.304066211651,91.3153313650439,171.96596759602335,1830
185.5925189591298,252.1002172948357,52.44349793535328,103.02841928409913,2138
143.46781483164702,262.13020891720987,79.84756085803679,113.18517965034246,4948
119.28396089422456,209.13714405614147,82.1586897669671,149.94723703137794,4403
119.1105622691145,243.26149328720456,80.11835196741399,122.8756434488352,2528
176.87641807211605,222.73024072385238,82.50168421185242,179.82618539601378,3778
126.558759830736,225.4225030082509,81.56876538020772,193.10721720526612,4225
176.72333941592228,250.40951146760273,56.52019424901745,100.43333164827823,3031
120.58873107665994,281.24559504031123,61.746838847445765,123.29158296009798,4804
132.16863687013094,274.3780930144856,80.94970026445051,143.95533460762272,1534
146.54869724396994,259.09999590859536,50.88465805683854,156.30792883523884,1368
194.31958496934507,253.9418192753467,81.73722593616222,191.5902777592101,2749
193.17314247538246,242.730604323449,83.2693311892516,189.18834905152934,4731
120.68718754222878,297.27099735613865,61.95873799308292,163.7170099467966,4429
135.82190412430728,256.0192554234233,79.90664148765698,125.73880140838845,1301
114.93993884537723,225.39663983122222,76.70450303618823,178.32878098783613,4791
150.9985079313497,223.00907920400397,63.03457740765569,120.26517712872318,2694
146.05825506946667,261.1353030775142,73.14870059373773,196.51723240968167,4522
190.07601624507325,252.28275273109287,95.48122647060907,100.5839915733998,3964
193.00053777910728,200.76978029547126,71.33013902299415,156.97705039079017,3354
138.35673910072921,283.0065372195779,81.49220884397508,108.83972469216278,4750
149.17379430189894,270.4122354232435,51.76754105203471,140.75995301820214,4134
189.62362491461332,266.18292896781037,53.89000566610494,163.49335403104172,1836
180.67078077450614,206.8780657697659,54.065403665165924,168.95984955919164,2299
100.36563113446493,236.20558501724915,88.91203818132227,178.55694696739351,1510
132.00595641835827,293.5382260732786,67.51284474017264,159.332770276477,4065
142.17742419361258,286.25892413413635,61.38058441829067,125.13193512859945,1886
122.97162836832317,228.55429378695334,87.36622842258613,188.92532429348717,2558
119.95716158959388,215.70588840991388,58.49800312780872,181.11074130136876,4807
103.77845065956797,244.9087957168577,62.32462625351403,116.005231770685,3985
164.33697250697605,235.5830378667661,71.54657216350104,182.65111842078488,4784
126.25102904831657,268.2226376705991,66.57190345073066,197.26445159104816,3046
105.2347178431313,296.643481008432,79.26961055183222,163.72191168079178,3434
123.09793105280636,236.30014499825614,66.89203095374238,128.18052231138938,1794
180.19139528361265,206.2224172652242,69.64758179294459,160.6593831273414,3906
185.14891816465467,289.76140083423854,93.14433041247429,134.2535069148299,3505
148.30662451933026,203.79497302398707,94.22657198140013,167.59464706423063,2871
141.60706704086863,295.27658971533333,91.38555954067037,154.47999594558735,2431
197.78536935017817,266.457942800904,93.24154663523163,192.94906120897514,4798
120.056465958807,294.16892084419493,78.48643346695584,161.79085432008029,2800
121.53592828546084,219.96596866489782,82.3116607375692,121.39816837271691,4457
129.18671770363997,204.06997952538077,77.85865832774702,172.51098733418848,4461
117.27573182810873,248.8209978276492,89.27940420264599,130.0878317860882,4300
137.93655982041867,245.0623414570125,77.55002428807221,127.23909529488043,4298
191.08342269897537,233.14922732548828,55.55384822753903,139.17766255745033,4398
161.53478406285743,295.76564743886973,90.479006022843,101.19966790626756,4406
141.19465486122635,282.25837321614324,88.02925853387683,196.91406601612803,1276
193.44107945712148,266.15820213755933,91.01502976413127,153.23311113586982,1229
104.84642324758224,216.28582916378278,59.52147316948809,177.34938938729601,2891
121.02761779018614,273.43234082185245,63.58085263574836,125.78522223778783,2750
156.5888605101759,272.7012454699724,64.7875848631765,174.66181316336255,2180
161.55526231931793,242.50681736160075,75.40402680928368,156.71705022781353,3060
103.95575065626132,292.47859097140133,56.693854208172986,142.41441737795026,2526
140.30387579071322,216.69778822290104,69.26908766374336,197.06692261964622,3244
164.91539648308728,226.73375624116642,59.107908053951476,149.38437141464058,4694
169.80705464034014,206.32243392506336,63.238135651636824,165.7458581889677,1614
163.81399025162693,279.54509581775875,85.31938172792137,101.53421914898797,3150
132.05632243609244,262.17593860953974,92.74055781586407,130.14552064986484,2193
109.35201235979095,231.49403056812494,51.14529332985919,188.86915661600665,3156
142.7112446419334,216.38136635943152,78.29484816775002,175.8959061116019,3423
112.87544373680555,204.01477700287404,51.80298810311336,153.67540361756497,3173
194.7623658520667,216.67455686259365,54.262462250577514,190.01597071132852,3794
147.51708660226282,245.3284646337658,85.25420173070546,148.6220513207556,3432
131.72591743568677,224.7176969010606,86.78040532510583,156.65070641877756,1147
176.63040711189,225.89821774319668,90.69903365863993,138.21528471975455,3730
149.79485925822638,287.55763666677143,73.71207558851525,162.00400367228843,4072
131.003402401245,251.51376734611006,92.99037410080942,131.90015309208738,4042
181.19677423908018,272.9251973128415,58.341914582081216,138.5492177542357,3599
186.7152151001122,203.5710949028143,62.485820681750134,196.63262632072687,3796
167.3008166288677,236.51633556780286,56.725107380098564,111.13086797995902,4078
104.69644224076673,247.9169347395442,89.87686302909383,110.5255345246041,4234
156.6322880166532,218.64168552101847,61.43375591933095,104.33160194550157,1435
176.32949119972818,212.01915414455388,57.77556213791478,132.00445197602676,3849
113.65030120835821,287.03037784998423,81.15553437940281,139.8229242467924,2457
122.86707513846034,293.9431627099797,53.85410131803372,109.45156440695463,3372
188.24951050681364,207.88066980454073,52.24501386100863,154.91309953668298,3204
102.0121721853074,234.90187125424433,55.33588242762295,158.3301529054869,4185
175.2727137825976,295.82856281444737,50.01204419935838,175.1026693613328,1111
147.3773292514423,208.31617331324648,84.84950771108961,197.59681166158015,4034
144.67721588396068,264.3641372878726,78.11176608572393,161.93522472923996,2478
100.70965324948872,297.2221370967005,60.493755451886194,111.16508066809453,2792
181.93982309664926,297.82236685813746,61.65024739887979,108.85242432457828,2096
135.98249006365666,247.12233309037433,90.54842992350198,177.75468636503712,1953
154.0765631300543,216.27491077823805,75.09100579301503,165.03341285359267,4264
167.73006863356596,220.20843149774387,84.92641785408699,116.19143947065618,2498
170.2629576437916,288.96013951243947,72.63777256374578,125.33599726835341,2296
195.59800588260723,291.1683004329736,61.88590130103961,175.02403872925183,1957
153.1339953236609,260.7879643873555,98.52014003414534,156.61557818056465,1735
139.97195509744276,276.6176399469911,78.28237816876987,158.5000062502539,1872
195.37036264917077,273.9931251470408,56.54909518839562,121.00086712879096,1093
164.2110235025521,266.1821597989107,70.30450210919534,162.90579816577116,3766
129.81503562765556,282.7276954871939,66.46687059734504,177.06285954072553,3729
112.64642454035712,268.54066230403214,60.70437342942607,188.5252225463847,1667
184.25545014651811,253.4002305747499,96.67199946201298,173.67173248180492,4827
136.21816027941514,223.69563625881568,94.04599977298763,157.6375651009016,1514
166.04697213644312,274.3888144118619,59.95735582600582,167.32593072467768,2243
147.08164193658982,247.34378678382745,67.60739445277584,148.51114625138777,4076
119.89297797950383,229.47916840075092,88.11576958354108,122.68982431176225,1193
160.16866086204652,280.1946275741775,60.42530240701078,188.22069727719355,3101
106.06830689506823,269.6713600353028,79.57824313021223,153.26226331674252,1933
141.33424598711923,293.73395631247,84.98969710624084,159.4318311147235,4023
154.66149396636712,216.54416400188776,82.69861628553832,199.01089137531827,1811
143.6046974118579,264.9189284636493,85.32043201377502,198.50156782726404,4280
174.86721752509908,224.4239468088176,85.33497945143814,158.63109849999373,2611
182.79249545453126,290.3582985301642,98.24029599244642,103.39572620174661,2753
177.1243074033178,209.94994142566156,67.32494447601599,139.61475380448434,2976
103.88129478118022,265.6161806444877,93.92952121879198,193.72932800508892,2520
119.41287704459722,279.108572152803,51.09035312575534,128.8306592376009,2653
153.66075092637743,235.49178403647073,64.41014816616416,199.9268685196316,2478
193.48220404438013,295.41380793838096,52.43278909995658,108.43175268565525,4863
183.4956775052117,285.07306845860376,82.56019799779202,156.81141810051872,4151
184.25345083518016,229.46182996849035,55.03951853658098,151.5449360174694,3001
130.3208193759675,200.75410927159987,92.2853431826023,125.53529133677,2722
142.94478970787026,229.6657176118061,82.32958418951299,194.86071306450998,2031
147.07059473159376,228.13104704707425,51.440770052680286,161.91712099973103,3138
115.73715833499104,288.99646075009093,85.73886827173115,123.02282834446761,1345
103.10681302444563,296.71211782547476,93.10174736284804,138.40481978383363,4069
194.69028994605168,207.04399859702605,83.05605038310748,172.12294268820625,1350
124.07125856635068,247.12948285333167,51.526210796751606,129.76967126963137,1209
123.99489037236313,254.8331998529796,92.89597742302033,187.9606202061181,3305
108.33790537687595,209.29116613297032,86.62319564670176,116.56738979576241,4112
192.85077519437786,237.74977091375226,68.92256562419921,126.45050898648486,3774
157.9737114939772,231.70824173929506,66.43151291577513,114.48986133661,1695
166.7036857125354,253.60563543270874,73.991009070372,110.41788387594983,3351
191.15768872630525,266.1190899731938,93.35508754689354,130.03154234639268,2264
134.56201689007895,270.3485110496567,62.60296759347788,199.91787463354405,2641
162.1507311138084,213.67550236133874,55.04819056206006,109.43294132616681,2557
103.87994547288875,281.29477019446216,93.2318186480525,121.30021918472883,1864
118.67725282311294,267.8542029790759,51.31449244403615,127.1616799078002,3292
183.12458050899426,288.907491674672,95.54985111220323,161.91296844722038,1785
176.67683563383358,244.9336059435434,65.28725971507004,174.53456964078526,3638
135.0642691457147,289.38897627221917,75.41113508441339,175.19336748540456,2960
137.68106277742123,286.57741223560754,56.6147762376114,100.86359819388312,4906
153.35544335535795,243.84093323592697,95.11274846883427,165.18504587994653,3351
100.02410046851345,238.11433152929786,87.49181116922023,163.07368793671031,4961
124.12443360380279,293.2812014970257,96.2077793304017,151.7654681889877,2558
120.82318086082145,271.5164734538438,84.16145255590811,137.92085614037592,1110
125.04829467497635,292.82453464380757,59.23468883711631,179.744419746123,2153
180.59058425334413,279.6974778895813,65.41335014931246,134.3880795433352,4433
127.96738565464432,260.9297439291414,74.34242875517367,123.00122721066012,3307
119.15213220501482,211.58527770037645,80.36291026801035,131.0095174567613,1665
150.42634607930316,229.14806725790984,96.32297186681367,143.96479171231658,3578
186.5645036372732,296.88424070983916,69.19757328945695,121.40573880027395,1560
124.13497038374999,231.94220987142046,85.15360109535729,160.75712462054867,4657
107.85362427927987,209.32548697853707,98.0504424455411,188.42092025118956,4285
135.64047358496646,270.75533559193195,57.61870317077265,159.5460124162075,1052
174.76518245649777,273.4004254543684,93.1354794389774,144.66683074773812,1901
155.06905446947945,228.54577202871508,71.03530351965993,179.6868766224904,3237
181.67933695743474,229.76719793463036,86.62108879646684,174.8038622874529,2664
195.9592147609234,246.88929855087838,64.67691693685418,136.70581215306962,2514
179.2662476751617,202.17889497622556,66.69921091330008,160.41534706653619,3191
160.38030788437533,278.93230103611637,51.35666124340331,172.98428603179912,3807
149.33415880523805,231.70887872741255,98.57020765834798,124.5463258019441,2203
104.00690863482667,285.37631020019774,90.67262876153922,136.627387908419,2542
198.43219788140414,280.26304216000335,54.695897896311024,110.57760705499705,4927
138.34811225750425,266.1402033118783,99.97543978318873,198.76802783068334,3850
115.22282139168668,232.48748670992887,80.25122986014708,108.58776504231358,1717
166.67088553964567,251.631656166117,92.68643189821915,116.86061251235775,4139
128.42882890954593,244.4829257597959,53.33303816389345,147.98319496641398,3920
158.57782709310476,233.88818862486744,69.47255892459619,186.52718335445394,1654
158.67679078445912,284.8136289303178,83.4825561151805,135.58820229479596,2131
144.57298209028693,248.35070745776653,55.32168593498508,176.8596147531346,3232
183.61186155450426,283.27230977971465,74.44514193270004,167.6034073316236,2775
126.4967061555443,210.52184741418242,72.13389372720708,163.86640771596788,4222
144.8632591617734,214.10247886003359,60.80201122367899,184.50172509668403,4794
153.76921285909714,297.7320305112977,65.01349179259012,101.41702896286256,3637
166.36247207672994,258.776846260609,98.35591772474912,192.91530385603917,2498
178.39718505055896,250.9769673499049,64.43242430049679,182.9226180336293,4811
139.4807282878256,252.31560631441118,60.67130669842055,193.78672196518272,3806
164.6046944096596,221.526877403286,76.81045855341668,179.35878838566873,4964
115.06109530685191,271.8703949501973,83.5479017035149,187.85914074542723,3149
193.26481005424785,208.47806237297544,86.25465555347824,120.30780481994792,2749
138.30588064210036,257.33237131030234,87.71235922484581,131.92290668770505,4210
172.95214219764384,257.07687965859014,51.841624575737654,131.5221013470731,4459
102.03410818821777,291.4188424133511,69.68802001897816,110.91667458780567,2721
120.5187142904807,252.61828101048604,88.69790398915451,172.95792552845907,3015
148.7082544323578,213.70626959741796,95.24260509000646,113.61708926870728,3727
187.82524677323465,257.27532592481623,80.11000616663917,105.25091660790606,3536
152.72551499506773,209.13276443653325,52.615342675484285,177.54468700550638,2081
192.9870482293879,220.37938352999217,69.83229029275657,190.46631697319293,3678
148.37968965827963,203.1108584187416,53.71135579342273,176.41233479651333,1087
149.044909673595,251.32935824594983,87.42689313422923,182.53522128319764,2145
111.97467885005318,208.45326152935723,53.17527346408326,159.56216778307711,4041
180.26562441522196,246.93943785313292,59.286553336758864,188.7746337914753,2267
124.69654124670625,293.2945035324144,70.84792119823871,149.67034823578553,2090
189.96124893723152,271.97614130193324,73.1324183557436,198.8322618487465,3341
191.08242203303962,207.74116742252932,70.32408501575061,110.34150427694489,4201
194.33101118741496,222.42098122088433,73.1698323303,180.91807067013838,3902
152.023048910309,267.3662419893434,85.66195760100999,164.13894160112753,3087
167.70937847836444,289.4701861024184,68.46344114777708,158.06460682211952,2235
177.85158800616637,203.29185867639538,77.38752295753096,172.58105308611215,2079
113.10146186504656,281.2451131720594,65.1684628764366,184.02915307988488,3759
160.09571949974972,256.1813880338309,67.68137475452413,186.28840668405098,1290
103.42979013033117,254.60913252963925,80.68994795210403,117.5380962943985,3864
149.75660833887258,295.7813182753358,74.524732581851,119.70359297529693,2642
115.48426816202274,274.7644612596773,86.15181474296406,101.61665095135972,1706
118.29229259620847,285.0118868056112,78.02692940258748,113.18424577922728,4423
136.50475666926016,235.39955695446668,90.17870426919364,126.38824928499247,4193
143.2437166716503,255.436404082841,72.17041064973583,172.1035822550283,4166
162.31724245321874,261.54056774277706,74.55168099334007,147.576750900251,4499
107.44284184385157,232.1583940362465,83.49856744504697,175.79035355840173,1798
150.36917612374447,257.02481249473993,61.06219722060244,148.65358478198908,4708
118.26251302531011,223.6655379479714,69.29647684656304,155.55974529099683,2472
157.39751750317419,214.33756710682397,81.2420622005854,111.10665865935825,1843
163.74046122611836,237.39702592773327,51.44381346328682,177.65582846760324,3685
155.67092565528537,273.92896287464373,71.84857168169708,175.81265321995548,1913
173.82955104783076,291.61871480738876,79.94249681530584,130.75615916806197,1343
133.56092442409013,245.77140514982324,98.36877659890989,132.8578077800402,2571
176.5106591633131,264.28236882754317,93.85082808088356,121.96814505731355,4996
143.27670817081938,210.30371309751004,64.03709764713291,181.38396760361528,4800
148.41844983225968,290.4463758552329,75.36050520144624,174.70068019617804,4990
164.81021272610712,256.86042135699347,52.82071863300457,160.91477381842526,4074
101.8358383999224,278.0338247625157,62.03772074089036,123.88221031296975,4101
165.39942214202483,279.44412009213937,88.7427934034045,117.18533326137442,1976
161.85851490721154,225.6480526368106,56.16570061376723,105.0268851174613,4326
130.984711675328,252.91744531818495,62.88452624169783,104.56114817785195,3092
108.57942848994895,296.0479751560978,97.2021250867904,118.7136139808327,2200
109.09354499130411,208.96345448208277,91.1927900246229,110.05325323232222,4293
192.32237469852288,268.30498980295636,89.0913856324456,155.6107672922443,2648
168.9279321225837,296.2264078035172,93.22787451510784,135.8090127794477,1121
112.71026137707403,230.05771080540222,87.4802843291177,144.49457821681463,1274
135.67231693089064,286.1447921404348,56.02931080591175,159.406718358719,1959
159.24829939015964,293.3657545408272,75.82806632426157,165.91017453535136,3948
183.55717050906486,274.7086209394825,72.2121960401161,164.8201719882578,4815
104.36609287130085,223.13283123069584,65.55757891351901,126.08565868208325,1311
123.66331314700088,233.4000718826594,91.70202048598027,180.96270202961028,3465
188.974899029538,203.58092944177307,73.20696011871169,191.770966991923,3808
100.91655501838164,283.1453234245355,53.014880067877485,131.5938347223195,2352
120.13991027938874,284.961118651108,63.74827918601341,101.7065416566068,2126
195.9024175972966,263.2710309966193,61.431052901472256,189.9154186648505,1687
161.34018465221712,235.25278512638513,94.37394424056419,192.3548732953476,4819
126.16713666375065,207.68110276399204,82.37190503194999,105.09464404130335,3329
106.69910943958476,275.30576099149096,78.01881329410375,100.49565918592123,2268
102.81913404472222,272.6526193609923,75.33246208393525,181.6404782992742,2156
124.47450796369273,291.2602521738901,82.50565137707328,130.14633544831065,1855
188.14858195889104,273.0532021005362,87.74377733885623,191.45821672959886,3718
141.59136542975097,282.86949422440017,77.7192352915755,121.67435732695466,2815
172.0333369165993,274.59546179039995,96.91427075763053,186.1154616126587,1340
191.82850353799577,263.06871883123165,98.84170853251922,106.86442697250367,1021
140.80404616028164,242.69663941910093,99.76711583044116,126.06368473139736,4685
119.1277371037397,290.2117308642278,83.46955550443224,197.3128879145641,4221
151.71179308569197,265.09685719074696,96.63102333779392,123.11966543312823,3004
190.80836870598546,239.83553219659092,70.22398476539773,113.3012984075041,3616
180.43744141377005,208.34692951819574,92.97961956236927,185.70546524729951,3717
106.58298433631538,229.0704855904382,95.45871493698405,111.78007917614791,4952
169.2572800077582,254.37267348301648,95.20702361661378,109.74561085795035,4886
157.18975224589536,227.56353700161947,91.54231414541908,132.3425134189536,1969
190.74631763464254,222.1235347917902,70.32995808206252,163.53285065969595,4778
112.24814168502972,252.73935140878473,57.94537409903672,171.07463737786958,4238
153.40361132046564,216.98203458957346,66.6978178172223,188.12387838273958,3012
187.94626935118924,280.04100633251034,88.36442846490465,154.09115259591061,1344
141.0023786741743,248.4368151342658,61.64427556649876,139.34177867609753,2729
148.1994917732867,257.38627739626503,73.91360324129862,135.8833761834465,2484
107.04606776669583,214.73832675973486,78.2699758992336,184.6902728477474,2882
127.81436404489108,232.45763356293673,80.19292812189377,172.38153094826654,4996
132.45066491689474,241.00896832611528,96.78627741893993,190.54290137251394,4981
194.5122448744887,280.8212830516503,83.07465102071588,196.4035455731614,4331
128.2667360541159,277.0159523086153,89.31494080386511,130.00508360838074,1199
146.0868735269652,222.29774747876814,79.09391739458167,152.96741187008394,3052
167.13044235642798,261.6179081607008,91.67901594309816,163.1820807364833,3347
116.21833724078775,224.34563577719976,63.183180653488144,116.38489467764576,4674
148.64423871418745,298.82471556902453,60.49388358343946,105.33470339249847,4607
173.85390394759077,295.21238781308705,96.31600243789848,186.77639141153134,4307
186.6855213027066,256.32647205206206,84.67404381786892,153.55235107553733,2770
162.62592746624267,269.8902571894143,83.57627885291106,157.07742163600392,3785
166.9053515316948,280.14303822086447,73.36476193142249,155.49143454279547,1539
112.6283472584569,272.09984200449037,68.83486296467552,175.49607048326902,2175
194.5776497246347,269.9828691082421,77.78455972393193,114.55019446820432,3943
113.25740774844823,295.8554007949528,56.028317471083355,161.40484407715326,3293
177.46729371817983,259.64561063072836,72.73562805415538,146.94795115776301,4076
126.48163217783188,263.63026718190554,72.76838522327404,189.69581595077244,3060
193.35931437012516,284.9268750438181,76.91682564721326,151.96209378963255,1977
171.99595393694796,266.9890867858407,81.73428071836011,194.29349740741657,4638
175.3813712978369,273.29326220175227,97.86591829926812,135.32529941799066,2488
121.90591730598834,223.41686861966423,82.60845635458784,196.68947063899907,1285
144.30399766351607,237.1266924115071,94.18625759767058,187.51579480917678,2637
161.78131945892864,214.7301345711893,77.81519307345819,158.42632897353548,3386
176.9973618206601,250.57654423348055,81.3463941313745,135.37099333190247,2237
110.39593759123896,245.57274006802464,53.49184765547848,137.59233574525598,3992
196.23653164545283,299.71628142794566,56.66318614422078,177.27520864582917,1112
189.02206705545558,261.12086528155425,78.98352175987698,158.06313511690445,1337
127.03485904955843,278.6444823194423,69.78564349790146,140.1587585469321,1089
182.2760243032332,233.40146707576542,89.94052599327509,163.60549614121643,3830
151.83239230398235,283.15453313427963,77.1588937437088,173.32333979009445,3806
146.18064815620187,261.50849664876836,94.1145519475669,102.29005125584659,2499
131.44341058114054,269.69923315984386,98.61658392311456,108.98628011175101,2053
158.09685866315925,229.44307779494545,57.38175925607425,109.44854404070792,2563
172.98891177035978,254.8638391695577,69.74138758278133,123.19338052633347,4539
141.0932904962758,263.40369734136084,83.24905126190154,142.6990439227314,2411
162.92191930082922,258.9094675816581,65.27443777001749,180.36498992925544,2603
169.93129211553037,291.51937114245663,63.35161688607476,135.10990349995575,1356
171.11218170152858,289.8272664492554,90.68692803144182,101.74777883806047,4726
105.19660981311803,297.09840578768706,99.01892345293714,148.3361852951729,3593
185.97478056850667,266.74280060069896,88.69016656237406,199.66285954246217,1458
145.8253314765048,297.19141301256843,76.18383114020568,134.9020995654919,1470
126.24160816962144,283.2478000031909,72.12556159726574,196.1254518767315,3914
124.17645074796816,227.08321403399594,76.98238602651824,110.13451311364227,3986
148.30141128439504,242.74356695512972,73.1419851093868,117.30996579053048,4298
188.6831539468959,223.83924421890097,75.1444028392834,172.4122070145708,2738
137.8347581682647,200.41971608305653,60.172652526461384,150.12124489707062,3620
174.97257467835433,218.80487531469086,95.18709746546638,176.5121803465886,4262
109.68187309872187,200.40605862868756,87.7267500761634,186.355834502889,4073
147.6056702151062,271.983846135049,84.048871134661,125.10848760610347,2141
199.16861403927356,242.55342977211996,97.49624854872366,168.28291704397418,1307
177.04378027923372,231.25747270778584,64.2197165956419,160.76012366337562,1563
121.0528488440613,276.17208910951877,54.057970544680714,186.1535029192131,2038
150.14414736979109,283.2486774619645,91.30693301776658,143.01039006098827,3471
123.36247636485666,297.529953864988,99.92084818246275,105.187043071066,4867
140.95609272625092,264.20135846752413,78.92162190100997,157.4186127272512,4550
178.0084023734965,246.15289585400518,52.940469395634096,195.88783191184578,2119
177.12248152904039,230.5264301607436,89.02340200774705,101.46311795052235,1609
122.81003779023851,222.23182092142264,53.68745244229208,124.02579884224546,1054
192.22233181548603,221.29259504826013,77.00069931296406,131.606778996412,2301
159.25681827648268,240.91893747197986,63.87662371052635,176.58388878909756,1412
137.99242909620145,299.178635528793,95.75133902961977,132.32769224681618,4316
150.19355807808606,200.08536974374033,72.56656066297425,123.90838631963139,4911
160.50712534377436,219.7205897231001,94.92316742392767,164.8558014467041,4029
155.98905318457855,218.83929824035738,64.95405426272838,104.64052889609997,4467
148.6405035536178,271.71194855322926,69.36812919106757,117.0596859958747,2494
150.49328040894,235.2484727598062,97.35595941235403,140.8030228669444,1037
117.64119104278862,245.72608045918207,60.06572254658177,135.5599962340031,4703
181.27329043046794,214.8624130469905,78.92505758255726,134.71658191833632,1769
154.17603199410155,240.49970388769478,69.42551642800557,110.85550131196618,4211
113.10798617047031,210.3199811905836,88.70834425343637,136.08400194497966,1182
176.6157101582778,253.3043287888583,56.46481855856787,179.79927719914028,2236
193.24439783773508,209.7938365382856,71.86074845023342,141.38442017973952,1125
194.73068992369622,279.0508381173156,84.94663134226316,158.6171184815685,1139
136.90177324111727,256.660171754049,70.350811750308,116.35794093173175,1620
113.5516873560754,272.3967873773517,52.926586963768834,106.9711363468576,4550
151.83996266330652,241.85163866526838,85.2556130667672,187.99560419315605,2544
111.26092293492206,238.1491293242227,75.15991638424916,133.13725961459588,2486
193.39874185126172,209.82088890488637,50.565434334005026,135.03372330681327,1031
118.3579627355146,252.38556070428226,80.63279476141865,187.76878494788585,1234
125.2765859951164,251.4502164857092,95.99405112643933,170.77713489087438,1072
140.66365268849705,246.81020444496053,55.551297410584446,175.6262710987613,1471
138.31644685591257,274.0518364682449,79.53356175045845,168.20034841676625,2671
179.46628923978892,283.25044000323544,86.43344408813152,110.57922447915364,2789
145.63168205509623,275.0789674948508,53.53868350701527,195.7995821056228,1627
117.07682600033368,214.38657428068439,51.130772908209316,190.91362871279276,1667
126.7209895486074,262.2059509282108,73.20979333224736,123.62201268314544,1593
150.9113385187522,208.03231056895333,89.55933436171819,180.39941911438413,3666
114.74539174261349,269.46222874404765,58.035970504966414,140.939643149732,4812
161.16556756460142,238.18390965611266,91.83186361074615,168.3766967864483,3339
156.5747306551146,213.24989562662867,82.82886277117981,116.5602999813234,3676
171.47023163822575,286.2050856976128,66.60866438942429,153.85542506564207,2956
193.77046153793677,261.4008339038937,75.79128992462248,112.6616299559906,4359
191.22545611011557,235.47249679475274,98.27874898633692,153.61671653581158,3260
194.60756180688315,203.07271796504995,60.821848531616936,124.35939560572128,1166
124.47155970237009,253.73102590036106,74.97676988720201,145.24665287688146,4120
113.15653066393546,292.32258784862324,81.22432780538104,166.7969367174431,4292
130.22767004964484,259.6379832702366,56.90073027378331,187.70745816606188,3449
189.50851727663147,297.16506046194934,52.176104431165484,116.52890030852781,3838
197.2053474623488,213.64511182704587,50.67299764657356,189.32691154176985,4360
185.9324951070476,256.83051045948366,66.23464283000081,139.00376479272902,2903
111.00177211275437,279.81250480064296,53.69736472424327,184.3796568605881,1968
194.7427998059793,252.55407311257161,90.18849762705574,151.2547918417763,3027
142.3358027350786,209.10663559874726,99.8659763580873,186.22085717629398,1178
100.93102907623536,258.2886001547218,53.0651910867232,166.28240675201997,3218
144.23937407481935,261.1737905842472,71.63631379667198,150.87161406167684,3021
104.60691696754677,272.87092484753526,51.28660614912874,131.2538633000329,3051
154.38779211611177,276.1211515165474,56.69954453786316,196.89090876186555,1335
133.85540274370513,277.0772688210607,66.1461280455337,180.0897657666418,1194
147.34349335940487,266.3444393638966,69.6849106528825,138.11871851722614,2991
161.31703607431172,221.58111864186583,96.989147321432,116.6723593059046,4535
186.88010958178202,240.42357558394792,69.7918404378448,177.9535418593294,3940
166.19015764719285,277.6129972614399,74.8138829528701,198.99442878109198,3817
143.40488684781806,295.3426983400813,62.27916841369332,127.8974953792472,4628
181.9427853670365,207.8946964836622,50.00625693782877,191.58630723349958,4538
190.55821375731324,253.5536677797195,94.96672283665676,112.53707055879202,2367
111.97599664321972,231.25222713243065,54.08573785181524,195.2206254251854,2231
153.19329775527916,222.539389431683,98.21244205181145,174.53389124430635,4698
128.4511959742444,250.5810683519715,56.54220520501301,134.65962292637033,2959
104.70611978769475,260.60893405565366,80.24392403752202,130.46318222962338,2526
166.85466951139853,200.97722314194812,99.97052939283185,164.34353539393513,3177
186.27707774592255,278.0206572201191,56.92322980348379,159.35071402587,4743
116.2902654477394,281.98821312594475,71.1971542469912,191.89367014936863,4072
181.24136576239005,296.5510824567933,89.02118344857382,176.62431342092142,3032
185.33957335369416,218.0643733224695,51.609507492498416,154.03648725739268,3833
191.43404426664836,259.4552562360948,84.48913755700222,192.75658418396546,3534
126.52850890860525,242.66253734763944,54.018666894539976,159.27306313332187,4519
190.39530651898895,233.48278515553505,61.82600711366132,184.96848356606773,2695
132.06627547364323,256.56334514375044,58.00380812466802,184.09426520978565,2800
155.2338013455503,278.238309322355,95.3668215823468,191.91948589495362,4894
105.05074708322822,202.305278344521,59.02283583908404,106.76020312791046,3370
104.38810883687437,296.9400112566187,52.02170477575786,158.38196679467777,2783
172.0373212732203,280.98815857057104,79.3812839223881,146.83925911710492,1023
144.4479977977791,275.11537036455786,67.3090462704851,149.05423834646726,1376
125.62923753692175,276.03873821805036,70.28531103206832,145.99106036202028,1778
119.04134960249102,238.90607096186525,55.95313724312735,183.7466689422341,2179
166.99534908592182,275.1620550844814,87.41172457165973,131.84328974169387,4343
100.04015440253399,238.67702086029576,80.0776824821759,146.27510816297786,3140
180.5891169196854,289.8706829574793,68.210852237414,120.06825429010857,2896
107.92496061299288,217.72223833064697,58.5787471881568,125.17166159247347,4595
119.14896149081194,229.23474242151514,79.67258695852802,166.0420083343875,2773
138.62363952990896,255.13375426990763,88.92986397536887,111.69359382506619,3168
148.48587397161037,231.92110358872725,65.61986419335975,118.78218109946773,3499
135.4995115813942,242.42372452952733,51.29301917692985,152.8034559571314,3649
132.07121649842938,249.24226893985946,60.7171992376492,104.37730279630135,1899
196.39160120731884,285.6353348813509,84.11989094464147,112.69269994203916,1586
164.15796812433942,252.31922536086927,99.45481887284613,186.3352938966749,4393
102.34329553673882,236.24598486145607,50.668811970438824,184.6146765794996,2054
143.0175908444313,224.77361640351157,65.30767810660504,134.7776105046982,3999
187.500869974397,240.86759787921972,53.10104352244194,134.79913153111843,4505
130.1456186410668,251.57361044143698,65.8174643881516,193.65154492640036,3754
109.45563447743882,274.6114857203236,70.29571715637107,102.58411390720232,3648
175.8384771589918,212.10487761723385,96.04310459731275,158.0295513085271,1609
160.60138319360811,222.1609188239151,54.02803997024894,159.73905790407275,3176
157.03125078265037,237.96540158686733,88.8567026532885,178.7887067181661,3500
105.3576559607408,236.03984051195147,69.77671980314817,195.17505158226007,1806
114.04990097955174,239.17480876052116,90.56314248334638,135.5827587043344,3483
162.2549396213114,279.35212646403244,75.67010926628106,143.78334734560013,2630
120.78238414588358,232.4154402962173,51.9641019421705,167.12984805201773,2699
150.40700797484243,250.18981804026646,97.31029423574194,196.72716223441768,3554
154.48816860293934,262.39070328578964,54.13670317172609,189.07923537367077,2986
128.35071902709393,223.21785501836052,79.88417512668781,166.70530032700447,4813
194.8425155541493,271.8695387147539,93.8833881466758,185.6723571671022,3699
184.2464106835575,254.7111319738281,53.988489887509694,108.52044308914363,4388
172.23735076327984,244.6781163031378,77.69466942080064,137.71269428518525,4535
107.79938664094091,280.9784026738314,91.21449377622261,101.30924956988471,2351
110.61300193090194,224.3495259185182,99.31623543228979,117.74722382609504,3954
149.27813458649558,288.3175970614323,86.21637004070107,163.0492571202402,1108
116.07133491909858,256.10487353667037,63.91671877316468,188.55616237336667,1525
197.8265463529474,260.9174879379658,84.97851649227047,163.27803099917955,2498
115.85202340274094,287.5058964168943,85.28833846538197,166.4138107008567,3001
148.7467835463974,281.7582687849336,84.99830060523087,110.3821605256202,1949
136.41210568415053,260.15620688219,92.7130218546553,166.48604909133797,3439
163.9386421454098,275.3187703848174,54.369003125974544,145.43467173691909,3720
112.90364088894249,243.33194902328967,55.42099227077167,165.14402315818234,2667
143.03164280423908,254.73777534997464,82.0308562112779,132.61731095298273,4184
127.47050328071437,206.20701367085113,97.6940548049094,158.14859416631703,4357
188.77515246716882,208.98579180000468,73.29193194596229,142.40692968309895,1851
104.0585712134695,282.9425404186332,98.02813508128375,155.8637055435061,1605
191.37274940064594,205.96716556824967,96.9042629758077,114.70895183298,3394
183.29941385530003,216.93991256326072,95.14548691171598,139.58248536172852,2624
129.75707164408155,279.5832658950442,95.49254874320427,137.42786572568542,1821
178.92906546771047,200.11459506282563,94.91593966639931,173.63945206528084,4717
103.12135603387476,228.24043288458643,90.99446917695911,170.64095139680654,4332
196.68655502933936,258.4038657826622,84.74894793026652,190.8858684731333,3765
152.65949425897892,259.54499314692964,51.22040892963041,163.20555922831974,1306
130.32810260654452,277.71529082294734,56.612679607802626,131.45471297934733,1909
136.25832125946772,250.59262544921705,56.71160272657336,178.32246632353315,2057
106.64053534604973,250.94018695309703,51.1770142139795,149.69976435336264,3216
198.9349514042039,272.53105755407006,55.83508842118184,119.34932106290785,2368
103.92919451506924,249.86244632662834,95.98732167835531,174.74114683271264,4217
165.49071231478592,260.8491086563617,83.19021434553929,113.2531395719229,3579
144.27359277064585,289.77740682550507,65.60365091477112,117.81533312461292,2642
194.8916218188715,240.1451007612372,89.668000611834,175.8755928435147,2671
124.59997403067952,238.51250709192223,74.41847434774255,177.0144694071288,1537
153.20868239380113,200.35489918647713,57.10635184579383,179.07812688042154,4317
148.2356208582753,261.3426261521232,94.22510406132463,129.33251244171157,4412
170.28664440501012,202.9771907407132,66.93309731182363,186.6587457371519,4738
106.80102319524205,250.41484897283163,84.94296152649471,172.26681359620727,1927
119.37891300233548,280.42337890322267,64.52970802498037,183.39674095513405,4625
121.45648200928498,254.99210705196631,75.00356253369,170.86054847468898,3737
173.81507548416897,226.9636165216676,90.81263557652078,157.95964587463405,2104
118.91386963267401,278.6168421449371,57.83886732121839,110.93947715740194,3736
157.34917638909766,226.9717004082539,98.86256976196393,171.09362119519494,1704
121.52438205009537,273.30317809458984,53.51079614303631,169.0460775458184,3238
186.16249500839785,261.0258455190231,76.7004454870252,131.24911332868604,1282
194.21854544896385,216.99962967480013,95.8012759675974,173.5819769046426,4829
151.84929749422406,290.51338748441856,97.28469424412627,155.04545534313274,4683
135.23088842091784,220.06436829571956,61.6054481439888,155.94062385434148,1970
123.40577750174991,298.95870741406696,57.19924906074043,136.76046787857126,1488
104.97810015230438,200.73104886549407,86.22015001589455,111.67850413401365,4106
126.85000761974953,226.3483377142903,52.098678413811854,121.6928457865989,4365
165.4235779945318,219.9860297274199,74.2619484515157,176.8831653336058,3853
153.36169313092108,201.39934101704625,89.8177613396591,127.14415504968939,3089
194.40412782809273,273.2367900147316,78.01273622584169,100.22530543356115,1169
139.62772624917005,269.34258020995964,59.40066328870025,199.701742113155,4054
169.38633423283946,279.23509643549306,74.35221497349816,121.06822338503709,2592
148.93227474751214,225.6698546464565,96.06373582244464,165.53831488703938,1867
151.25762159242117,244.433516708297,80.86064890221384,192.69220045749938,1565
126.77743146041175,265.91135216215474,86.07453137845098,159.9712734633937,2417
145.49507768419997,243.97685038881434,66.81319398312574,179.90306150844575,4259
147.07849970127074,269.7325770317916,59.424188758380886,197.6371712148815,4367
170.6642521748934,263.3973408440442,62.78211149498018,186.03634259297857,1384
194.0639999186114,211.46478030221766,76.65887968801475,155.79040886783616,2911
132.93212774825042,278.1043121076968,64.01100768053519,136.3702930482076,3645
104.22004685812985,272.0676359092518,77.09823937130506,148.24644491639594,4135
149.62951255006396,265.5834387617405,85.38959636880884,184.18261681905443,1080
154.44613321491687,215.50936062710022,86.71979380851508,185.33546101506403,3827
116.84405511319153,226.79964487953637,58.234246983054675,184.58549223583637,4256
176.04646062760668,239.31770315876003,87.52154244169316,159.7224402750011,3508
198.49291084414915,227.99296216564434,83.63440697961795,147.6955917757613,4416
194.5774717008461,222.78102906761313,50.600256668435335,131.13380560956617,2561
119.71060388236522,280.5357670161776,52.94360875448754,100.33608551819293,1237
187.53632399007608,263.82322463602026,82.31247509301902,176.44852708609557,4367
170.44936364116847,256.547213155025,69.18519497818548,127.69982800140546,4949
145.38465638069115,222.59527108532538,57.30519997878329,132.96778953853374,4558
154.0610994324729,291.80765622686414,52.21982795848166,184.3481224847044,4440
184.9600174982458,219.11830390973162,57.96991703362154,105.22511571226207,3346
148.01349396383733,279.4950932824677,97.87569821608082,192.76203314574386,1736
137.3207369105127,296.66726667052933,86.3782820785485,100.13619224385064,1839
149.32474930259858,272.7092729224236,76.38527104671469,193.91691148254063,2932
157.91298040350492,299.28587751846294,97.07702500272958,145.47584910834163,4161
118.90776537783489,265.10511169779465,80.9555218840802,110.21226251518196,2463
190.09077302669908,221.7460343603895,86.28225941403336,167.41613672411873,3576
167.4186948829614,220.38194937165113,64.1325909252936,189.5856425721222,1087
163.32689173374888,232.45642842554764,79.4490921794598,143.80728168476202,3071
109.94962261806381,200.7130020221006,57.17386221489201,169.13579040306664,1331
160.41739381725918,268.16984700828345,70.22415725988877,197.9362720189294,4806
112.09606622384923,226.86677846278275,51.662016249330506,124.0700823713005,4129
107.8697675195399,281.51832322927527,60.83140437913403,182.0449456922688,3511
152.73108956423934,235.91726505593002,53.74343147113373,129.52371093471766,4049
140.2785534046495,247.99564934633128,69.38894097536156,142.63375999901598,1188
158.88102701562232,296.56889165603695,92.1517582319245,128.17658684972608,4535
108.92221680572386,224.2172123047277,68.89670531725265,144.60117484341225,3269
143.09830628472582,272.12540974297394,91.58198129973218,100.50890324282825,4995
117.4786715045158,275.5117789305417,82.82491562894437,130.34388473302715,4010
198.71000859241167,222.09981575236353,75.47647233154139,144.5294063937696,1352
156.11502124351745,250.09968366121956,61.84458466306653,163.2240183706096,4122
168.74368609408674,235.02019253129683,96.10780464220761,163.73613911759088,2111
132.54182806826077,277.1906243400089,52.710040442101665,158.3785618470493,3269
109.47389147793442,262.2483319029037,84.44565088494076,129.3031829592297,3535
197.58708627835367,247.5983054860547,81.06199464046844,194.74043159357456,3031
128.6259035383183,277.93632650477184,72.05207611282634,139.19698237410995,1859
142.38081851735743,223.5155570008417,62.016047764630265,121.68939412390579,3926
164.9863921702575,275.3621880584359,71.53479684226335,155.45129396679874,1166
102.46972976861113,286.53743120928243,93.63863627767103,174.89286698809136,2729
181.0259130517287,287.86215968075726,91.83830551274771,101.22335728222663,1100
153.65781900286203,278.3673593019604,97.06906249885145,127.63440073955474,4785
127.82171870688222,240.80141669982686,65.3896603312624,182.49778526000298,4495
106.16079852924693,298.1808022717827,69.35520791844365,150.7021093385598,1524
116.24984154744415,237.959364382244,50.93630763299316,140.8488304579914,2170
189.50338588534368,263.86253991024256,97.14749973600041,193.09012795823116,4333
168.6024223935891,216.10741780694687,66.46950459086344,108.95350971228387,4217
124.99017216368898,298.04488986363924,70.20819107664965,161.5570200777849,1487
106.56007649450295,270.3985921864663,95.39023057236973,134.2188716243777,2544
169.06153123866363,275.3377545246368,76.32992150834066,107.08233982929258,3128
157.2407725967765,206.57767034111447,78.3087270877739,121.37445086108201,3627
140.4519524458235,276.3417814220672,58.81164190754584,162.79332130172844,1821
136.3611449190064,277.47234292206014,74.93300104093272,102.82769338545575,2149
121.68142759291084,267.177272636223,95.91043004543872,159.2248815389351,4633
166.96112565375176,229.19096137903438,77.9359044053963,195.68504212173042,2605
197.06680277938705,248.96900421608814,62.7558182319879,179.50960623702693,4210
117.57152458368259,211.04343713087164,51.55904320673814,134.55970793338457,2974
159.71166200155034,247.15870664591526,66.8150886727034,113.82076463616083,3933
142.41850557459762,224.38238526004048,78.6295457032229,146.50644339129786,2705
144.6688721744665,234.9096986494082,52.13066441854151,139.29504361784055,3649
125.41472801278144,216.26004084036987,80.48962886455782,197.1732960023852,4210
182.51348756614192,223.0054367746897,76.17069135590563,198.9868054508422,1071
148.5255604147241,207.65686418201162,89.17177345832854,141.05846563237913,3292
154.3405852198264,291.99013664369215,51.44440861359809,114.87839835299368,1578
130.47609127973257,253.04106879754033,89.04236724093687,191.06095496429052,3689
118.18084656669498,239.67419712627395,76.04385228790534,179.35422756669934,2233
108.59103882028205,253.5029212768784,68.52646663898557,151.12742066556976,1193
171.4119140924916,262.82932284815524,98.26914881794121,136.53546430151414,1537
119.62342816878557,292.1878793369349,58.00597736180265,144.81658275997273,1331
169.00753541887977,217.86929522863133,77.06625595455532,190.18811753051102,4582
139.0376446046954,229.55524986352177,66.04907367962392,118.46434477635384,1292
141.57748009896514,297.57893363441144,76.3743189397668,180.6783521123471,1729
146.91774960927717,237.11929866485244,77.6137726290206,101.81906328271553,1035
136.7708508127543,202.25616507573275,54.47241242124229,192.0571993142085,2551
110.06199772225901,214.76434926371587,83.05675734591749,150.02972796462058,2101
130.96318100028458,202.6338701748552,81.7240747959506,122.67478263411722,4905
166.37343606939385,298.99231424207284,88.4733637317232,100.28565028171825,4092
166.5784401468871,227.8870848991223,54.53292468295855,155.95464687447742,2670
128.62243072399943,292.3542756936226,64.86292734518439,124.44878705598381,1244
146.0102626557688,299.5886275759716,82.50552998640507,163.12643360108433,4466
119.34472280119374,259.98412211431145,56.83654129578042,128.11692814520472,4767
121.03720815298358,203.31963150655616,83.87991053942211,108.80240291902268,4755
102.30470884066074,208.1591630386927,52.95133554102115,150.50516298435593,3101
189.67465499077446,248.15890551078778,66.74657764798138,156.44857362881444,2116
121.07066650749061,240.6172012911486,92.33555611662595,145.25900255395507,2849
122.75338769364633,260.61773057817675,88.714564519058,145.80355543297813,4364
127.96014326451318,243.8847809711364,82.2380357613544,158.96501279000154,2399
112.7408071695429,293.40768492714847,93.52292083125505,152.63535094101536,3223
163.92628831813627,253.4739715413511,85.46347720861002,113.25675388626581,1189
107.51429531775865,269.3726061462442,75.96875526054015,119.70856464850323,2781
113.42024263263502,289.64852726424965,98.98587501928932,114.179104142905,3854
164.4756726590093,214.68718758332074,84.74280398946598,169.3295582219746,3011
133.96606204814427,222.97346541185286,80.06835884065015,152.8598412166966,2215
170.7947826701189,210.7318660474015,70.44352804767823,142.98551235309282,1615
155.7424744670142,213.96383992299124,95.12062492895251,179.83389952728493,1067
125.60211730615131,251.25839669342332,64.78545478024964,132.5794659760805,3371
165.0827950489328,232.11792589674639,50.46097971054513,156.81066630909612,2178
111.62736802928806,242.3172839526755,59.837026121617995,107.44076014901984,1453
153.64103830800303,298.2489831794062,55.47587459711796,174.44040838251118,3273
143.71481050450348,215.6704347795948,65.94968870865361,169.51924448155899,4304
126.78735828174408,254.08120707980754,91.29393387292275,180.2379629296882,2531
160.40049977395,209.8871155053651,82.57648426825037,188.44759580165538,3151
187.13335923402826,231.84963132638785,58.449029461685626,175.80282672954186,1465
199.89046997630766,252.75259236745987,89.44108605461693,184.44898901272938,4899
160.77627687434244,294.6631745965338,75.21099330497013,134.56545989617246,3475
140.470587432917,239.1228221283483,75.63573120591485,134.33373620149396,2775
122.52071002162016,206.490669621467,68.10560904904366,194.43008198998163,4997
125.70960893951117,238.8161447960317,93.23081824110116,191.45745363262048,4040
147.94549781497656,214.57411758739778,65.91636519278964,154.84973411052226,3489
136.72777012807092,222.99896132914452,54.706988033484436,136.65587852726458,3771
191.3814522624944,261.809062316499,65.13644969859726,186.60015302588005,2149
136.82954676557097,206.74238662036817,85.76767731339429,132.3411132427366,4706
137.34445911454355,246.47237562500374,82.87909434016643,115.36350828944444,2059
138.3534512433977,260.94615860107643,59.40085767767889,163.949267500548,4309
183.6620210367658,242.1858392367497,55.5892149552471,104.2621809732967,2265
165.0788320846902,201.91263506237303,83.04328792008732,137.9101906166488,1132
161.41688503188925,298.55193569028654,83.81884178274561,180.7663815694622,1891
133.41430223838623,236.71157673405352,68.30748186052854,129.52161956928347,2250
181.79041768324396,277.85771869332666,92.14006917645398,193.1315479073533,2426
103.83638613557011,232.56464921874533,98.91026018999584,195.58246666166372,1395
187.07971723381132,247.5016756993419,60.282261172469774,181.58163007651189,3137
151.27498997939296,238.84636426109967,78.85343578530141,198.76433189920627,3302
139.82502348634128,234.25392295096077,50.26731645019696,153.07641115114376,4003
149.71672807176856,202.18513772077787,85.65271980131436,156.91995521389714,1082
166.7415530533831,236.00209378545034,70.7141056781659,183.61668152704783,2523
101.27654265178974,288.94899903995304,59.66346134515824,149.28052557880903,3698
187.15518564582476,269.03933385936836,87.6110960882188,140.67200068330695,4380
144.6739525311393,214.54228590954398,90.53243987780402,161.4753591174539,3579
134.29665197000782,259.1155004622739,55.55832505879687,165.7659510848882,1840
113.82455656340571,289.22308599488713,52.0497880919017,175.08958216961662,2107
143.94653743584422,270.00340409648555,66.70392208345586,166.82006972600854,3074
149.6322771284379,214.86843923566968,81.29952328805177,174.57217952633283,4062
140.3646694493478,286.7832496734497,89.67097635943165,167.45596708887524,4641
167.8660093826897,230.15440132888654,77.3031248315229,148.04452385001787,1378
142.0896528759226,245.40761443123418,79.03743881534903,113.49345843364704,2924
196.14175778465733,252.61427596891463,89.99291108764456,178.54432289352584,4401
159.92775178235917,285.05066043781954,76.44216871093798,103.0779151387683,3440
180.74779356519088,293.1607495147661,80.55772451131503,199.25000917613397,1216
110.93559031094789,292.9652877790556,75.81086699882796,182.845848993968,4916
139.72912929459056,200.79541812785408,94.0229116683852,167.0910607981305,1380
133.6847701447153,292.1888485585457,61.77583092925444,196.66067718544534,1636
156.94823881365917,205.43869660015724,63.19967922702547,161.24702814562093,1799
186.11135200614257,226.57736568174354,56.39807308009129,105.6432880744348,4783
107.83382177620066,251.49878547278328,90.97333757472109,155.938217401452,3555
107.25747980447107,247.9925689004394,70.58886452811787,127.72041856569427,1282
185.0317708157599,260.4709793887392,67.39469704406218,136.94775279844367,1213
121.28500860383573,247.94462287370058,99.06743585435781,145.95851558500289,2179
166.87532544498137,293.43756796404205,96.34016832198927,177.46007463887835,3046
154.28781323608052,224.0548848214587,98.59938410623806,150.29292143709563,3577
183.28935948872294,227.40246940384858,57.114949837934645,147.46802908250788,1854
112.50889098364036,292.0737935693056,94.56259065740832,130.1972137741846,1616
112.97829657226113,207.67395137452561,66.43547996937258,153.9872241852703,4230
155.68183602783074,260.95608219048097,50.632838510593125,124.83908544353156,3088
194.6378653358371,268.17359520656106,69.56491679915344,126.0993815408228,4873
141.49977583707542,250.55417234297394,75.45981765690298,175.72587751445207,4576
132.6942100254695,269.42318788231375,55.41102117837027,134.254726450909,1518
160.66893231978858,217.2754646011967,76.88388084371282,105.13996729391118,2028
193.0448600545031,285.263223277154,90.97317920883657,134.36772858949809,2044
183.69278328446237,214.00256894698856,68.8825475419597,163.8572207866619,1645
199.54836107332198,240.081244431575,67.6322403267151,181.39855866773223,1940
102.25685832023771,207.52576013082057,66.94052101153387,196.19366813923614,4703
111.28581447127623,254.52110788174002,96.1547222941846,174.6220421474976,1241
160.9467763366622,266.97458074256394,52.437904939509956,142.8851609416837,1930
182.05764393338495,294.12216350952906,72.25380709964776,129.91192792049577,3153
128.52443423067666,273.9336195896001,63.22997270748584,112.96299901708893,1342
123.92110880342187,254.11029164541512,94.6903512693747,162.76864344461143,2666
178.6975799381201,293.26170171703336,54.802613179190196,150.98833141090063,3464
105.63818538532315,247.84368380408765,70.57213833402054,167.7701516444141,1037
136.93826475825853,256.12056530988696,70.34080760155429,123.71331564550695,4670
150.58092225923298,259.60985276700956,94.41972087735112,132.36441681099456,1335
156.03486743503234,240.9979725886567,60.774672252048475,129.2095349498639,3520
172.8615156792777,283.8482690565824,82.24477051508055,179.76518421744106,3160
135.48457234306582,218.5175938845059,56.720306344389456,117.12298148633468,1250
161.26843446746074,255.4842190371608,97.69878570402713,160.84721170244956,1911
158.53754227909565,272.2233256187194,79.6507479636143,105.13550157591067,4416
154.76161006537473,290.3976171876577,81.31283651603351,154.95275759017196,4945
164.04832931422123,288.39183964342783,71.68867008302361,106.39139757530559,4142
125.94491710680762,250.8740289430142,67.11413563331611,117.58765907879874,1263
108.4648753584629,264.31614511633416,60.63382147474381,111.30253020535622,1898
111.92716720397434,239.42377361293012,80.19938769161294,134.67253538834265,1580
122.45823826539011,246.81777628802,97.7280872674119,134.37314177077292,3431
150.01979355227851,290.62657925730497,67.98954770462015,182.64192807282564,2790
184.044275054602,293.0703993192474,94.15784443310271,122.56874513805286,3834
170.12933420883843,289.54140580670196,57.438815642362485,108.6386741773977,2414
178.9040604202047,213.83708618136382,96.80630104409003,160.35117908141297,2009
135.09756239260915,285.0084021330636,67.52431419490382,168.74506996000068,2621
140.465374164855,294.83637310214806,68.98636057966729,129.48236160214537,2753
139.36818859906128,236.12496945736046,73.1421128517164,160.2814116361377,1561
119.18731844045016,251.86462894216692,85.91221349738251,177.6056568006644,3520
106.1216658143572,277.9095255812996,85.98267168445176,134.75529390761125,4582
159.0916092827227,256.20781375656486,73.97942923598326,152.53538399331117,2157
198.9216683420586,299.34835217062493,76.15764496569679,114.663327367232,2412
116.68297049502628,245.57133651568284,51.500524388707056,102.36468010701803,2765
104.66848198992737,271.39427112073776,65.21483507791629,198.13679748108297,1060
177.9531681823933,279.2591140196544,67.30085371153046,129.973085053637,4835
125.25860066847241,249.41004157584393,77.93636343628796,127.89020507218217,2765
182.96438053529283,285.6983805711376,77.91498836856522,197.32451331730877,4541
170.39366670345154,254.61545912071963,85.49498988639365,172.82335237631168,2374
194.56735370508045,241.16507968016313,85.85136481090404,158.52978879404833,4129
140.8927235756672,210.7823673851947,61.76053621060415,169.9323395093357,3965
166.1969839450634,239.3413576350424,88.50935755524124,170.99265666954028,4256
146.48547808132707,273.39364547332843,50.9801784023141,176.33358802929826,4274
163.05886973085435,292.12864116801074,85.80809423033602,106.718923141992,4103
144.95989060077375,225.16794038603103,55.10305517597116,141.2831419782888,1656
118.86322464240749,235.52355173305025,86.48241042106095,129.51303178330164,2977
150.7897416003381,215.39609941044262,76.35590452842021,107.05696385170054,1168
152.85842014374424,269.0722894228969,71.86272503415461,141.25989968464287,2045
181.0603848260161,296.01884300099255,84.53331948807144,161.61734854131467,4919
173.55207057935812,264.09522198481756,51.81854168736164,117.84976799744189,3857
166.3791623941444,261.7076530006226,61.173516283778916,130.50267438878538,2102
111.33870955525725,255.3489930500434,80.8220071233827,163.9170821917154,4207
172.0616290663715,208.84557406855365,92.36077033154089,157.93246575572135,3349
150.03051563545148,272.9503826429384,69.05538184725584,186.8785463173224,3735
189.40995361061593,260.20495435493507,62.93807363167785,179.12309696503834,2906
191.98709341305428,266.1476768856287,75.93682178944971,196.56110522860297,1386
105.51565906017855,289.8811093027422,81.11576261934206,159.71933101133772,2612
182.06415603544787,278.3960787061018,71.00515157028732,169.84673664116264,2565
103.76973904226706,278.09152521545263,93.83553413298776,186.05062588144028,4355
136.71696256950227,292.71837688793477,76.17193544300068,183.99924448252682,3376
154.2299975621079,298.99349514629995,51.79117937852925,171.87216420262342,3507
114.81007986271274,258.12827319610597,61.152697735309516,150.0256209373975,3200
174.63138125690767,210.88816160311657,72.53235154589072,127.32068882307289,3772
100.83547041721386,245.91299077754365,84.88627595084667,187.7215753935406,2714
116.85990484340368,278.7601146461644,60.987612189629445,177.66554422373048,1806
158.07968298534757,202.77253247618492,98.81287198587106,183.79069519584792,3534
171.43875620372924,205.6887438356149,65.92791290940417,114.07893181472042,3642
191.66431026939162,206.71577823828213,76.62401034302943,131.48128781892746,4783
170.54966519346237,273.1035758328311,50.94831923655206,142.4885037899651,4045
167.1779270254866,250.1166628563172,94.24453607154021,183.83519723005605,4906
139.43411463506644,236.88979435205937,89.44173267625916,189.28866727146556,4029
100.12844255268014,210.5617045261736,59.77290021477963,128.4892714255286,1640
112.0159258735622,273.2240250205889,96.66183456199215,168.64291672657646,2829
153.45545447560391,232.10198105508996,65.79198818987024,107.78142061525634,3995
167.51298858444198,226.5324070064667,84.60931441900586,140.95732719687612,3238
141.74482838964624,265.2319201553551,90.94881590083,148.6669107751885,3099
173.06790115283903,255.90108925968417,87.04572306185904,176.5632814899116,3642
152.18622953321787,236.24106418133016,95.87913920149205,189.19722368371202,3388
107.41761955943122,264.1487470805588,93.21373801703542,133.72832358244563,4771
119.20162509679488,227.12215203841183,99.7305757045805,152.77388899419014,3572
183.9998223243943,279.4830261604327,59.13057062880728,164.7448222367524,4802
172.49127466244397,222.9318950307654,65.238090061335,132.86872289468147,1016
189.4761987012495,215.88376953820156,81.8112933715815,198.55382131740444,1241
111.75572491209365,278.2439409498875,86.65235929457918,187.57743795700247,4411
199.02225346150738,270.7892030697933,76.73025272778546,129.64028288666165,2693
120.94067139499336,218.26389757017984,53.696418244330744,150.79462309990484,4749
101.1779876286642,211.6245752689938,92.0797613400191,123.08406132472444,1650
199.7422939053554,283.8399088486692,98.0437178010636,151.4503918903335,2434
128.1073885445113,277.6598482196688,70.27584219131974,168.3332344823285,1293
166.80194525125597,232.72573736996642,61.240624084942304,108.55210927929878,4099
117.66823141763052,265.81974082133667,50.96568774810438,187.01172048072718,2433
158.02285321991417,212.41601865478108,61.864951804679265,159.37458684465835,3406
190.40349864545593,250.7047659047678,84.99593874192112,198.96028985770016,1672
132.01811674284386,201.873029206042,95.57946938363652,102.55915072495031,4067
167.0253976044359,239.16018809215555,54.67565332158829,183.14983510982321,2439
118.79035887984165,207.4842821471405,77.66295935809649,179.19630482545477,1181
162.47953987187253,247.51471801568826,84.77656242559162,113.28525120400323,3968
133.645035181751,242.16816468528944,63.819041055313434,133.53056350834066,1791
121.12082585879517,244.4385026638056,78.4948519585151,188.47962030441727,1666
131.31820507036352,204.53313020479942,85.76242130028865,151.84542950722542,2837
117.88410685077994,236.16163412818324,91.88596215676884,140.1281487467239,1725
190.1916107837883,275.64838490999165,72.62499254099905,190.5496432250842,4411
139.7186886317129,236.891437335362,87.39286094594803,109.33445244770614,1352
124.52793049743673,271.51719526095803,65.08914858699248,147.31227829022563,1068
144.84078410159327,236.94787236337334,60.652337338607936,165.23740979753524,1476
132.05361668064955,242.32394414901864,59.36568730453337,160.85414390150126,1324
174.4419253813326,256.3892112829266,67.9436365912863,126.42764544088915,4565
197.12199118854943,295.06819368070825,51.79398408944245,156.33129045343364,2318
143.80336566976467,210.88604466466552,64.14959188326249,170.8561764285982,2232
186.10333999722405,203.29137686611736,82.61114122216141,158.48854073266983,2180
156.58630735596194,260.7957183810045,82.39595235800684,168.44622259773223,2098
115.72356650942335,294.9097088928426,53.67769032457456,125.60787393887904,2877
169.06227420813417,298.9723132554715,64.37078085403101,183.28489502717827,3334
151.34344971258201,248.41642473920018,78.47788323389608,144.968953698497,2254
165.06065232521036,246.80816210850983,65.92760687515513,198.72238441045687,2600
188.9687412571665,264.4963770745196,70.89940120944368,102.32853206669375,4342
144.0434570656046,255.56347572049697,85.64053785578821,138.03153712476433,1082
190.11776232173557,263.4088057614118,50.4633414728315,118.04750523051109,4657
175.0669014281655,287.3999425537894,63.819677204421524,155.56095269940533,2288
148.8604925877985,274.6306169487609,57.11861218925083,124.32050943736127,1268
160.32221356579637,249.68773916867957,56.38045913822459,173.74779465674817,3935
132.55811325190115,246.18644590001696,97.95201082236235,188.18658623375188,1300
198.35972997387742,263.9601748513116,68.8280165781209,121.08843535821109,2021
166.73511630503958,245.57062844202974,76.354429245482,116.06776183017985,1089
104.384685249663,245.777935126564,86.69109435348163,187.53571857284786,2925
132.6621905748009,201.6305901786505,52.37237374300251,136.12719150885056,1359
162.33144337590574,217.40641374073084,62.05113192788492,143.458363495903,2323
105.63332777992397,248.8513639995753,91.60738936718562,122.09695024435356,4073
102.38841913191428,282.2653459050369,93.09953065889405,142.53148680511472,2436
145.00242395278025,227.87270067271243,68.6475460320401,123.1300073077997,4247
133.269017969267,252.2643433131149,68.74307998258841,166.59274406341808,2148
143.8298608033166,234.49620847592323,87.8448438554441,149.88764124800872,3827
126.26933098800052,210.4803989539589,64.75351133749346,178.8060445962909,1726
116.47177469429809,295.8298483071301,55.85470405699991,131.27281160672945,4953
168.91433569803377,285.4673870250302,62.87677251202917,150.55950154590377,2602
151.45711162678003,207.84924244669065,69.36723658178875,125.95233229771344,2201
120.01542112493668,271.97872624682844,52.61023547975491,193.44739302466314,2802
131.95894262599984,234.75799043575,73.93401271000874,152.1935667791103,1004
159.1807907663326,299.4849807061793,87.00037563863893,117.34624963179431,2836
107.22293482724778,230.23985198289776,75.68725722402309,127.27656592100291,2737
114.74530092661796,223.87384453625998,53.594767025725346,108.29019641240602,3164
107.32456041073901,256.7890548305405,72.00748156729793,102.78159955977334,4061
181.23173327141188,283.5126163343204,85.44523040214165,152.5921826070671,1430
175.2409233212009,219.2518871819798,52.9048326995095,133.71229225256053,1389
175.33129318792572,270.94027697193314,52.99235948634443,196.37734552603064,4919
171.6325343476028,206.14065831411216,68.53007015904913,117.13313963614843,4550
166.93854236698692,291.8934743110497,59.74819820618546,179.39126527369453,4542
147.6991915378175,208.10749161472987,96.73903956542102,131.59714421929027,2373
164.2278163507115,291.42313763441626,79.06718018698716,122.35373860587052,1743
103.83615547879747,249.08072494527028,64.36626997029481,196.96368190013072,1083
162.14644226567844,244.80911127959197,85.23883645574753,180.25765987457658,3648
177.78777055368772,297.33070795003766,68.74645256796644,163.06208914453316,4298
150.03583603843902,299.0384177698219,56.6057822189505,169.71210372237522,1452
135.75133284272368,265.0178125961012,61.86161149217902,199.138147485059,4518
127.74267348009792,212.71192918570486,82.13736422296878,159.32074088248868,2134
164.28020501620824,250.61700856552025,52.593805299849585,110.19004508069601,1322
169.2801198629909,252.91631009556625,63.63445200240319,106.48661267013813,2953
187.09675998625426,251.44464281353098,60.41557388210873,166.66067774738735,4595
134.2334082460991,256.94918385200094,60.0567555338266,165.76011439251482,2562
176.97723073855855,201.87247137943908,84.13812059879857,174.81737929780886,2988
156.13558241893378,271.1227281470502,91.29084583771822,110.87787302326137,2128
188.28364906780791,271.23943019529884,85.79333040321293,194.49022747551717,2109
152.78121082956207,211.5469775177888,82.2863907900256,155.11584139106446,4011
151.76298283979673,257.0239442445801,95.82258859089319,164.95555210212154,3550
157.7877081440909,256.83611824357746,52.91961902121484,103.48523833781303,1505
174.93153551424342,268.24504201904,58.37415429881204,196.09742145155738,3932
196.4690478828461,208.53976921350812,70.7203427835266,156.25918487439486,2179
107.35633542157656,262.65033072660964,68.62258217519339,156.33631129946286,2734
105.34346023910172,228.0751950746341,70.90258014815112,194.35553162303796,1495
193.75503374073384,250.7002990496172,60.322745252135306,192.93501781836676,1940
152.98756255182062,277.3323552704077,57.47516577901142,122.02985918172416,4041
161.4903014566936,270.5645936363013,75.4596623728964,193.10988219059294,1385
148.2423601594729,211.89030176779934,96.40262620343968,173.66212893800616,2672
109.36574526074745,259.11847871160734,69.59847311749584,101.89007273314175,4534
176.80893784186665,296.91165309407387,52.1676607059764,123.98431487383384,4614
174.7224645088587,215.67694373350022,85.30836714447622,141.29801454714465,1675
131.1703321492812,285.2907087725415,64.55524527635875,158.28224555057548,4184
130.62392452284004,270.2548080553777,62.254750365244604,170.1329730488689,2896
183.78413809055183,277.40033129097594,66.2129000348981,121.02103939568994,4854
107.23572577413266,228.19583271426455,86.19077619539382,183.6700514273689,3912
188.1105148356566,228.78889293798426,90.9409693435152,184.57153238891547,4517
125.66616898959144,290.6019455776488,79.40280336694818,163.49988192605772,3334
159.29847477554938,235.98320320925586,66.12393768597758,192.10939105156984,1922
193.59941790017777,206.30153906928103,65.52391165586391,181.2982426897188,2793
167.81225015366465,260.059670357945,56.21541749527315,122.16236592935408,1200
141.44298124670365,212.48176690418427,96.66505241175972,179.86768663103607,1810
168.9534208905415,279.6596241407908,81.90696994844097,195.3202078753105,1882
134.39796363163703,264.17464425010576,51.3487309927932,113.76064470184309,2402
127.72584163491861,287.47265052212083,83.11835475933404,197.8697884791029,3560
199.66832779346797,278.4837249782635,72.3576712096754,102.49927967700903,4794
175.07902311797878,211.21136483381963,98.62789815234598,152.21672447737723,2288
164.47199773818176,238.10706764344224,90.95344124032036,177.3893138978484,2211
135.52896432193188,277.4560249914587,58.56578769163991,179.04381025462544,1897
104.91608291550482,241.73414732663258,86.00555594374333,173.46725691462677,3404
103.10568760351556,297.2365484779978,74.27830019176317,152.9351372753162,4312
155.4181255448799,273.57404498934494,59.35225818349641,165.09643220703953,2216
176.2032721039051,201.5499916690321,84.93699536649746,169.9932185653114,2133
153.7379190443855,287.99856915608365,77.36937893471227,149.45392242138956,3955
184.07850719391146,210.08047848685575,51.51869393857852,159.56849751346377,3953
103.34265330932216,214.0523724180086,82.3293975264413,184.6368053457573,4570
136.67520764259402,273.4492400611051,81.74935449312204,131.28790211458272,2646
123.7070391174178,286.496855943048,57.20425805257313,152.32063269686324,2088
144.7272968157122,253.6349627899556,67.44938634983464,100.84797210255078,2088
107.23763931941225,228.90497329457793,79.29494853755199,168.74363997767932,1316
195.41316415710725,235.13155452531754,56.939150705336495,119.53854646148417,4818
122.32554010693609,234.2889329596056,92.63616889173782,148.1001253713769,3142
192.23077754835847,232.6678103809512,51.37430231438519,121.02052162804593,1458
142.5893155036682,224.290967182165,55.141870748467745,102.35337145784924,2732
198.5524133255218,260.8867094629233,55.80534599274421,148.32205516980167,4874
155.40583834602108,290.04053185650673,76.40535629875276,142.48336066107072,1394
193.08328641758075,230.70824130833412,81.00570060843125,142.51495135243806,2219
100.53489886942228,218.66942974614122,70.18703982507432,120.88061599288703,2573
174.82388061809002,283.8577666371425,64.4333413834083,194.72045897481792,4953
190.30506531025154,274.17833308897036,90.46586878127786,100.35071518106945,2062
113.97205669789541,293.08370315599103,53.41429918632101,189.15454499973384,3196
109.61258517321515,216.55197356049098,64.01459305663958,173.69019231394822,3423
142.45726071859556,214.42513141165915,51.95577894019854,117.20720335332715,4747
193.36789061329353,254.14293943049967,50.6945067483134,147.21919863035544,3413
154.23865601904387,261.4433654835095,67.66899434661006,198.88500815082728,2755
152.7456463721732,248.01734418595896,59.741183122246596,164.3698236984307,1455
114.11261182993219,259.8966636323876,63.41829274191231,112.73767238186674,1275
100.07895110932188,218.03797688750714,91.0473578727484,145.7642238856432,2578
181.01400907454612,247.96137541640834,58.14900481246107,146.82030965728123,4581
108.75745629862382,265.8092560939668,89.01166835759005,180.22633328831085,2261
163.3849818735324,243.27064492487037,83.75253115731817,191.61629328261552,3452
191.46164545151913,267.94473358165976,66.32227625704164,108.22415432887345,1162
120.8651913158431,245.11912805538395,77.32780725881439,131.40372869528323,4391
166.52728362369106,233.35995808422774,72.22178048872694,129.8438126885115,2642
107.86985767075095,230.36050470870924,56.41976577488327,199.60481249190184,1799
160.3755143837613,241.0902058988588,95.35926608670879,155.92271166913997,3851
116.39317209532027,202.30896226822009,78.480898379288,187.98314961199844,4688
173.5953560515178,266.8525138446114,94.01200228977274,142.6032849444824,4140
130.12312947939083,284.5105640980262,91.19132559066452,172.27231504089366,2132
146.33910088046463,235.46270944431186,53.98879626547116,128.6585642304146,1179
159.94305420276217,204.60331361417187,60.363533300922626,191.17860234892333,3179
117.12734106662396,298.6775597385558,57.26305571874154,145.51462409865337,2542
174.1637818617621,226.3698255451067,91.53897663934595,180.37254973160873,3899
130.26403406368146,212.6621121690773,93.12233132276012,125.58168833425648,3034
166.23718599127534,236.9752507973028,76.3985754904183,169.3604341921879,2478
115.82830506993736,273.8557040633557,55.208903625400346,140.5158404400036,2011
168.81176592063503,229.39165968905658,56.78083092715081,103.1439422974547,2431
112.81880728104618,257.4703203919488,90.67744062191338,141.30082537590636,2684
142.53564962699835,241.55599944371423,96.45950682646651,155.00216417554205,4256
124.72060737388767,211.77639922766184,59.973784255532834,115.17616139131752,1456
174.83752494281828,233.02870124921103,50.556878823608656,118.39131051926151,1914
126.20350045068746,272.48705057140666,66.5476452575389,146.4862798323157,4064
188.17173063953962,261.20038973314456,51.52496948239407,134.27297124334066,4576
189.18202114066128,211.9778379883561,91.3987458039019,144.07405380033626,4739
119.64413152227858,216.33224097143085,74.57561286131258,146.08269893227228,4999
161.38459450077244,264.0733359307445,82.09303893815098,114.00760437027556,3557
108.77176417199644,281.3415414320869,70.57424380682711,118.11945752701148,4361
139.15370996016293,234.94744959581692,67.2753773506241,184.81653934794943,3292
171.33217295012724,259.531075184345,61.11002065380424,116.2718689310484,1783
165.94232468499163,217.06435887521053,88.52662735190728,166.59143330082608,4109
162.4700669406608,231.1376336905324,84.77737922077647,141.85280467677921,2138
128.25408636624437,202.02702056730527,68.0364492248043,196.82366859696407,3545
137.8024949434402,276.8275947799523,66.05580671495915,106.61043618882375,2360
110.29461447002862,240.10098197729667,50.06214393243395,183.0388866030762,3506
171.90228204336012,281.6125573653954,53.17760650227362,149.14492311026214,4190
150.38887967912734,270.83729960227265,81.16277624463174,100.53523708641886,3691
170.87656323456545,282.8744265728477,75.73036551177309,126.36602189395538,1055
124.89435247968729,228.56586695828827,71.74016022425113,140.76968525492694,1423
132.44382286350663,218.5108730427845,91.37511204008293,131.4194753448925,4191
133.42153372601146,297.19056826516703,75.19491022014233,136.24494640139332,1049
102.57424097472162,271.73277870408697,69.224679070366,191.667190913718,4436
134.10478728306236,283.40422679266703,58.06281737624925,136.09340323923277,3420
180.33045735180335,201.31333737099337,91.03440041073097,141.88293794027328,2959
189.72984957497385,235.44616202958866,78.81241250605939,176.11315535781128,2385
151.82183156359275,274.28166905773315,54.622998296137865,179.38335657483753,3129
145.55016952192202,207.79828329899834,82.4449198998538,108.40896517866946,1881
103.08246186993702,256.7339929568936,71.2535372744205,170.4070034567004,3608
187.92043375853825,242.90727674550033,90.56931117939979,148.25719536767758,3095
101.30102134258728,201.76165071411074,95.94572984979982,113.38538932376554,2669
194.47500802102118,223.59755771194514,80.0232906588123,126.47105639468843,1237
148.92162486880906,228.47919890667143,86.58064096566832,104.50354973065187,4039
134.19344935747267,211.18599463463224,52.829542380108286,136.02371888118353,4453
192.421843484266,263.15369097426606,78.01277275005786,125.54064403340242,1388
102.43909931100967,224.2397876251889,87.7669989177737,138.21033973800178,4406
158.14248948690872,227.76194996193883,74.83810747390518,158.03405475307568,1684
154.89325244993375,289.8238598200147,79.67750447521686,173.233955203662,4983
121.93204012113821,246.71230926931395,94.94740927905221,160.53519865595297,4951
142.88874313502106,239.21281469692724,59.904978601559975,167.83773022599456,4728
165.22640059437703,272.38710383147173,54.91232537759559,186.56391206187934,1186
172.71311968819276,290.96137968829123,84.53218065697504,187.3824443461511,4191
100.07168587065797,202.50363362374438,91.1424452761222,186.0719348359174,3743
193.68534300910153,244.82388465553964,92.52450942912817,115.31689154795266,4428
116.45253723928124,261.0781356077947,82.08222485456102,125.10691335936454,3410
123.35804342223592,231.85630981259897,91.66067090854017,150.2325304927572,4662
126.34734456938483,277.24077221232415,85.03321028616452,135.8739294016027,4234
103.78201365520353,297.14770702702737,54.36884579533954,113.16689682799633,3055
112.3052123590325,294.34273662502835,88.1021753942494,128.77502346056514,3658
198.6349922944162,226.59825393799417,58.96798447751648,197.54287616656393,4388
131.5216737377286,222.6338278437486,61.83046712954864,134.69267554965361,4939
111.53010903390494,295.7490531021221,69.73253134993324,141.89140682959615,3074
110.69912611746233,245.86284874314657,65.72835331631684,100.6401421857297,1973
171.94599676699718,220.82977230846916,66.0825869151456,171.94148797901988,3934
185.4568664032641,270.6996963630418,58.462976210202285,141.35500655453797,1982
125.695229950847,228.44203239037915,64.69355235547722,110.3140062895161,1275
102.0909512335235,226.72469750710525,50.983129498794085,196.8556738304672,1824
122.30900184453557,287.9249043077785,73.6455473344163,177.74332125850867,4013
105.65156907967574,216.24791533769036,88.42954793849034,172.6150089432727,4543
110.33949366300415,206.43929464662364,93.11236846124199,195.78723348416696,3838
143.15081198476423,226.91864401716873,91.02142794797192,140.7480084517138,2891
122.99183708616326,260.6945412838204,70.82288594975566,171.85335402924483,3763
151.59458785254233,212.30878534032706,86.52132405819282,120.62078973854511,4969
125.34937532571904,247.1594672276794,64.39453870476062,169.71205474521201,4994
194.05373011029477,262.733711042532,52.778123635880895,101.40790921876028,4743
190.59439679262647,284.8736992593174,83.79857626956333,112.63053804406141,1476
156.6806105010466,222.98695912022544,82.4398082368203,142.52589186028484,4249
135.4423991987386,281.73463233827897,90.08146977314378,101.20926948060081,3751
138.11468820347355,223.49062611312385,80.80531033514399,146.19658554504193,2575
141.1852283144497,267.67665412396406,57.84458124869582,152.2791749065004,3407
172.7579322134944,243.06735714824552,92.65811960250991,162.16065975870822,2259
145.1638995518838,211.46812423786702,81.36263940093504,110.03866769936164,2056
185.67299465058974,271.42634628218485,90.38048495175019,118.10119131272123,2564
194.40947859303645,221.77626185490178,88.70535601880204,161.32833707171952,1544
133.5946153378934,217.66234260245915,64.89322436125443,165.81877124626394,3147
156.069448137568,235.83229285893833,53.72764874260262,102.59002282102763,3704
109.50565368325644,265.32902447594836,58.82522045447924,154.0367362115038,1329
120.0469047766359,223.39964787906277,54.643116715662536,178.49817319988324,2088
141.346576671016,218.36615387818858,62.17062160400682,106.9100877785394,3169
120.62027159017788,200.99536257133644,72.97661365129964,141.317286524652,2578
187.65604907887177,247.16430971017235,95.34053024906414,132.65112730301018,4006
115.8286256059098,242.86455693151828,93.60093779603173,191.36656253520167,2908
145.5660821553092,223.38677436373763,85.9299907547864,118.58023932064553,2744
160.56992404598756,205.36521640096908,51.2056179773913,131.836041314448,4049
169.18639081608444,242.92558745958368,67.06946006602767,189.84447449913029,3523
138.30693697265067,278.82051110716316,84.11742132422599,133.06533060599727,3789
186.90990687247285,271.5282131327177,56.45144484195342,153.13474405855942,1126
156.83191510779255,286.07948898601705,90.05439250079543,103.30353372308794,3915
143.95077804475517,200.95826877131557,95.72868399937968,198.4902436175036,2209
106.72406340520367,296.64193168045983,67.70522233189128,182.49467078711893,2772
146.4689468445165,234.14122526274483,85.29215309319167,163.44009447466763,3138
182.07358408157302,299.03977960919644,57.41020663343566,106.07552730899803,2578
161.45410182213155,225.26194606017748,84.54082245565135,107.48699613727807,2956
183.21624537291183,247.15363875782447,51.072770614352166,154.49736307906898,3093
149.40116705993057,235.39276765753036,57.53857534055505,128.50644362034342,3072
111.84617050944819,235.57607149943027,85.49407233043351,162.27894475031735,2889
101.3639845835881,284.2282098748216,85.5925111438153,159.81924818477722,4778
130.32195467185912,274.6418939737339,82.05813529225885,183.8651398279298,3396
169.79904714977926,299.2151435230048,73.86820121921016,128.13770607126423,2634
179.02599039416938,261.35146827175123,83.74540455859724,157.78635244909924,4050
129.57528346203293,246.32566043945027,88.69003991443941,177.7363318838761,3815
149.5653920883247,209.00738629468913,98.3240829518372,149.0772986322326,1872
142.11189044340816,299.6561419513857,94.43205157743026,183.06436649389445,4506
141.0522784351428,255.15306529322828,89.72671012830622,113.1276201573773,4401
123.13487132001505,270.04774696901416,84.73787583571865,173.38977651471433,2908
113.63711050294583,240.67423871913115,78.70777727161837,194.29820915209785,3341
119.6688558231213,254.7715708179236,56.03044116759581,133.18833209935661,1245
105.53323871633461,294.25777318928874,58.27784210491965,136.6336442411965,4237
119.8130741823577,216.64194379316027,91.01397803354497,108.35496771908547,1256
100.92008976253794,229.23725843302546,90.16564561036103,164.14927795747116,1821
162.72584006359784,215.20597277780323,80.72294629866815,155.245072563487,3399
131.63754073876828,279.22159038047744,71.94200663580767,104.03457587323678,1789
197.31447114269088,206.20452604218295,51.301632491180285,175.22120269713116,4260
119.37170507762978,208.16316498513382,66.3588471264272,182.9284495745025,4769
134.5828570309594,229.84941127873688,71.0319828782659,190.7119604140754,4070
135.7841158641533,251.41881809210113,74.29081430867103,154.57340861706422,1693
100.84514960624605,240.62748005595864,96.46622992806046,145.25800349017572,4346
183.9207953039459,204.48163106708074,55.43546999000714,187.61371545320776,1738
103.19944601443247,295.74915578709516,75.94334598898851,139.8696819068139,4105
194.01798347292413,295.2869520358084,68.39611484791399,165.54431252345617,1718
189.20743510936205,227.93563232407598,99.50490596080257,161.53622564009262,1555
153.55219160859636,273.15256152685816,93.09320081414526,137.2161099818512,4956
154.3595574911292,257.8575411383224,71.93929271194605,108.68899375660482,2513
165.37779229561562,223.7476695005624,99.98478046773802,102.14155386706857,3546
138.7050011934887,226.21715517416155,75.70316232357482,142.82377405353873,2268
164.72222833978554,249.11531743104504,58.35588982957003,148.12015748233569,2277
104.47683886884869,241.923694149736,77.79373459133572,182.2678268189892,2132
105.40476273497265,229.12293282312643,61.31028829018233,141.4411649911471,3370
145.72304196195444,280.7511596305149,81.8156420038126,128.11598747334693,1113
154.96223011060349,248.14629176373847,96.87200874419628,146.20964680751533,1947
188.7817640335819,265.48480623891277,89.30992884175141,123.79904804240212,1484
110.46606339078963,218.92735001678756,63.65818452095276,109.13606111149565,1277
182.26479271938894,253.35076625164868,64.84293124830036,111.30430336861073,2772
121.00473372920696,231.79760494466214,53.464410154515605,131.91544598969276,2052
139.40836485100317,252.64136103948783,64.29339178231388,101.26764175584907,1397
131.6602434827413,278.0825833410928,54.631239983890865,122.02032866812381,1221
140.0155272865399,276.89132100912616,74.97243596628215,178.75231409323538,3365
115.04954980725856,235.42206780342758,85.41735397491288,123.46171924303108,3318
150.3570074403555,269.4277117079639,87.55905807495793,111.0729511039516,2777
180.16425898313673,294.1289950394277,52.976461612408954,194.9080559994539,3445
144.1534010378897,262.56693299249065,66.9977949119101,162.24701163516193,4954
149.06135758981992,214.8410123382637,64.40858832737169,106.00259494356659,4522
184.8767585281314,267.9708629279095,55.21501614936673,106.22439664949029,4989
170.6058114638031,210.49043863493114,68.12356554660028,161.21221256991697,2632
149.04544085197847,287.2110408793027,64.96600545696181,154.01288020649116,1342
125.76956481891797,251.66604958019403,81.72496146696383,106.83747723929848,3428
188.49267468449665,238.51407363115794,94.16513318668564,122.43154749733354,4447
157.70204016905583,205.70065946496925,72.74208604366079,192.9042914485588,1774
122.11476101106933,238.07837345921098,87.33325863834094,157.20108104810174,1339
126.91197526380104,290.32066679157896,57.30051835553371,144.03253981478304,1006
180.3133088936246,202.09829962863031,94.74831893219323,125.01554119203661,2296
104.41455620874555,247.46481577818048,57.629736910754616,113.3698042301871,1287
199.20921870288203,293.1158091110622,59.60505902996947,140.2631684110681,1892
113.03516797147918,239.4840999765021,55.32319017938382,192.23665593313007,3894
179.60685253969373,242.81756874621504,65.48397507602682,104.87113956775417,1716
139.4775316771683,257.856005519912,77.6205223357763,199.09788159428666,1183
149.22161832874667,246.29373335771834,99.39970557031634,120.78127202020079,2853
188.0650577464578,216.86016912375524,89.66840173287719,140.87673603990092,1569
141.29111895892132,201.85555390698605,69.0217901445991,104.50513081657175,1622
153.74937536732347,260.9811657978702,78.79230289517852,158.47822031080312,3233
104.929966240917,292.0806587007812,81.16540154696038,148.35552654009916,1642
100.23474738674531,210.63641330271656,91.13636106236736,166.670703473478,4672
124.47998730017258,221.09527192527534,86.82258927099002,154.26781272914727,3527
168.05830929187672,237.02294858249735,78.46455634855701,139.8177784647069,3895
112.12648933591367,280.87422290211197,83.45915135198283,173.77566978116707,3677
111.37619588045494,226.92603164709777,87.29588054814499,102.50211277869577,4328
141.09606080359032,288.20544042787685,56.65720295667022,154.1029020874595,3551
164.78370386082264,205.49578746500663,60.02277306526899,111.38762038290093,1109
171.20719922479304,294.09566212589345,84.42921444537583,143.60083330858333,4650
117.84506740983748,256.0747077873765,92.5212780993816,179.11253168580163,4219
107.95881473720425,265.8777678487704,70.46311413498839,114.24607462604001,1731
194.0397033945544,236.76895225363532,98.9945161235603,193.58103487724853,1213
126.06663825621017,278.19942855110605,60.803586633668644,188.85046923914047,4043
185.33464976087237,216.6566250084406,70.83496410217194,141.49050708666985,2597
186.34914504628182,204.8911825278487,68.92615217316266,100.59748407259366,1567
177.25225917625443,239.55169431075572,96.51479703632145,178.9744826674486,4048
116.88336066525702,285.369571398104,64.26892587862697,188.08958034122827,2460
182.18014592542005,275.49268366376947,73.53953890211078,117.47380923554326,4008
176.92505592415867,251.7155970488958,59.36169198076647,191.6192208816557,3871
159.6722990106217,257.21377471653534,76.06331192812219,191.4097277294696,2357
133.72020351689528,212.98928262987553,92.87020847317956,147.12908510341904,2452
126.25086042665441,284.0681508617582,65.20197309452821,179.8034810797842,1846
112.1889212080359,278.69596829641966,90.53960360814142,144.49479782719885,4167
150.97570669008715,265.6470393886943,95.5655791087813,156.40462659186178,3705
158.52608755098464,246.61910363289385,53.64789448572818,131.98390098097633,2071
135.93389905157872,296.4459268279512,87.82122681596255,115.94693453208245,4877
147.53590676808685,287.9031971876471,62.76717180752454,174.6536583814032,4349
136.35144573692668,264.44304935146187,58.76638312683146,100.13928445191357,1975
164.1006057320701,237.1800997717288,80.0561196012518,157.95526896487814,4274
190.12592077965633,261.80222786815125,85.28013081143499,186.46860263784637,3246
116.39202620469449,257.5440926530665,69.73804928676068,122.12772867764505,3555
138.14088099031233,239.42419878349165,51.95868535410953,133.28994567980024,3376
114.08686039508613,230.6673971688076,95.43522620983966,158.74858528644629,2920
162.4943770407832,240.70107922373222,86.53734584237475,124.68702465311401,2961
172.88705094885958,257.3911406033398,63.58334033415073,184.7486857330783,2916
193.19127325974557,242.81348447110943,74.843192787237,136.66031671125552,1123
127.88719262609649,226.3574488201384,51.3896394983539,158.16137198198862,3247
195.02112058654302,276.0963317760809,66.9641390902971,122.61211475992087,1074
106.32626718206748,253.14674959574128,76.12676177925592,104.13863369909858,2988
160.30138633645882,206.76751632256,75.86118075581251,117.37002660136606,1156
105.713271934333,236.83165056261254,60.40924390042706,104.61989376088032,2157
189.37741877619447,288.49134572119937,88.83736830919455,146.8603899613219,3359
152.9809057070054,275.5236531199952,64.94310792633217,158.66373909180493,4191
166.93483507627963,232.3246783944007,79.02050115889864,104.46752076854527,4083
183.15739259104527,293.8183152044509,63.57611127689874,109.04822215379329,4818
115.03106224839688,207.660290835821,71.2583936493385,148.5525026810351,4878
103.85915619381339,296.1234703892189,60.37573126251151,179.91799322009763,4691
187.88811459128522,224.57050924846757,81.6503896266019,162.80091789157194,4979
131.49332274589324,200.90941803024194,71.27921800706753,110.47102201038695,2568
112.89789079271652,243.38080365183268,50.805865224388214,188.7542273841495,2143
146.84612370870866,235.89704296870087,51.408249700838304,191.74502347897467,4839
159.83060756960188,253.90890052067937,73.5567159235711,132.4956827849461,1082
103.09706034225101,279.67728605698454,59.16129334526772,161.60177918813622,1692
127.48956582570878,284.2430802150447,79.25210240723712,149.2327150184712,2251
103.2799874276896,240.12299996116917,70.40958908860107,194.20237686298222,4065
142.0335389195499,242.98457437063502,82.72099177698614,150.8748532948736,4858
189.51000290662444,214.81777303294737,97.61975870319758,195.99658137120642,3233
198.26524114935694,204.75476088811635,76.43680673976269,119.9342550530206,2876
163.70475535036275,264.12149902350245,89.36893017950499,134.553675769568,4282
116.16376937845918,206.44376255526922,87.65204981579686,178.13452400961376,2784
190.58493899993056,273.3830119421456,96.08955521619326,178.36107355933677,4967
151.62478232000603,253.90901450222475,60.70089336190031,173.2183273956705,3090
115.3749312102918,219.85829782260834,91.36634853924704,185.9611464665304,2532
192.17266694516616,253.95229435126495,95.27601892523434,170.2546172943812,1072
175.7469050723103,218.2997716602099,69.63814904737887,163.6085144472234,2877
173.17052727231516,243.8737207510412,65.69080972994841,145.89250130775122,4090
170.91807037944045,279.9560316242229,97.60179548391439,146.7087743329327,3212
120.03398210964423,246.19192934106374,81.38164110694339,140.61614932042417,3314
121.10066917075261,214.86993182975482,69.03382426207341,162.02117997038204,2463
168.8292998427255,272.3828681822945,89.5913860465815,140.66639292329936,2151
121.97227501103968,218.6768416270009,65.22369508078576,114.74943140865969,4992
143.86716968030487,273.85498743701095,58.820379303493105,110.65296162086467,3914
178.20018255939414,247.93522892158333,77.19848178988528,192.44722752437778,4524
178.3952518097841,245.37417590943016,78.31060224553016,102.47389075378831,4372
145.32617725258598,285.1435037857475,91.2873241133669,110.54672618056524,2341
179.2189938275245,270.86035243406684,72.8513677510215,144.53048746455866,4934
183.86217961980566,203.29107969549392,90.72932697526707,126.29262669043798,3701
165.47757512842603,229.61743146016025,65.56613396741692,140.5848900402146,1033
122.84258523084202,287.0920660849899,78.7684101088896,111.74473815938833,3145
127.40117803855475,201.83261685451987,60.42363894503579,113.0906936847374,2233
131.48411554087355,254.52534462619704,69.27229754582982,180.0657908725115,3363
111.6804107733952,272.7825669173944,92.87698489164256,175.91087441003037,4391
127.3159620369945,262.1856085484576,60.79940967178775,110.42528657246143,1709
120.95192243125321,276.05322021044367,90.51197314496338,166.779041489902,4506
145.5328749808602,272.5691848914746,64.1435828923703,160.93113233554834,2279
190.8437547872265,269.2030695153113,51.724485983972684,171.33627226802298,2577
110.44803167539581,282.1539860925652,55.496728502842316,147.4448904562474,1404
172.02679239473957,264.56906684495385,87.2939772660394,126.99868275334408,1615
168.72830044131277,240.2418494256982,63.103546325107416,166.36791693565277,2924
109.57541986633576,247.19091099145876,82.70727961206362,137.1357426522822,2857
192.25724049058,271.672478268145,84.95994513786165,121.89529010121605,4525
156.84722021568194,287.63060296667936,67.25592322173424,140.86290137192833,1881
136.37255211356842,227.22188008397757,73.745949360557,176.3269835600954,2212
175.65385834953065,234.20767959710707,70.18835452279053,147.5793196536202,2927
125.7365458401634,293.0739396362413,97.36744981772671,129.9864263433422,3881
169.35098370463203,257.85117924094453,65.99744311757937,183.18686148238282,3902
103.97112075722472,217.8961817135001,59.16615211124804,188.1643755180935,2597
183.9408037609272,266.3695138912383,68.27964214377891,143.32504237726747,2939
144.81708470213187,299.07621555393797,83.4757853801006,137.46880207268947,4459
163.66929143579418,282.34535644704,84.86813451807326,161.2698947018965,4214
122.12378198066837,274.57411365514025,96.20286576800035,105.7974446057913,2245
167.7073712658448,220.8046654266269,94.08772424379046,169.13231605675972,1439
177.22402758932765,287.6139784684007,64.41602602086377,178.22876053772467,1531
147.32131868843987,252.57888435355466,72.75816244837982,139.74419272571717,2303
161.77269240617943,288.9290022071956,87.3634494091717,117.46158500073965,3824
145.63259238223986,232.98278294248792,95.82686403010126,102.88183751408636,2271
189.40913692578454,206.2051052635433,66.8582506428446,163.72455994870998,1115
149.7869180514319,247.5975968659746,72.2220717088498,126.89934066349097,1404
184.1808709028819,226.98376048178775,94.97391352268045,146.38895871212844,3021
180.13520582702486,271.5229289776298,67.92419365792114,138.6355521657531,2278
141.05048213483565,295.71065528560325,74.02564930958678,117.48847959474627,1296
123.00844918574751,269.0974151151564,95.22520706090394,150.8368668460704,4596
140.6082132559771,288.69339297092034,90.11216089949241,145.9593522740738,3948
182.62173757752203,245.30240136012063,62.17154625049014,162.41476228698323,3605
122.76325358193924,277.16407371953017,66.23975327059667,125.18849945297868,3381
152.44363458577493,284.3043436671703,67.64793637296695,121.46390798534058,4825
180.60967479607473,271.08756275835424,95.63692367155298,181.4345059756472,2094
135.34774751283788,250.77772860695646,99.94668685522696,170.21922449640414,1965
164.22096370026975,262.5866109615368,88.700215107772,177.22064516915634,3106
124.56315740488145,270.05069956788805,74.21631512467533,112.3289811755028,1715
110.927944536816,225.3084403221427,50.508690903373946,122.40396433270176,2005
179.43842250928563,280.9579260914985,84.87440282989787,157.553151620364,2074
109.89686234087068,295.03245389672736,69.46805822488923,185.7201346872908,1015
127.13813950795846,246.52393151799362,81.64932351143027,189.211464316847,2527
185.51094219974402,270.10671831098773,80.33469817312144,183.1909962254927,1050
134.64692870786672,273.7025905790354,74.04160282871936,104.33979460844273,4807
197.30453495141612,266.22475475214804,97.21936988631614,182.0879184655726,4199
197.97343347738598,254.71151083286355,51.157317267767084,189.90911775210816,4241
126.82760204535566,288.1647954574811,85.60662422362941,105.6749090152652,2802
104.09782222498905,244.89267092688945,70.4919934149773,141.6280893776988,2603
170.5063284205379,206.11029564866035,85.68952252458055,153.66103232967015,4704
145.09865026483436,284.455637571216,83.76098237698159,123.27503728834996,4036
110.07528439595762,267.39812723165505,50.511900128799766,151.66856560371104,2203
170.75228189780427,284.92586264996464,64.26692475873357,188.59557879610645,3785
103.11749091119212,213.85474424446943,59.45457602518902,186.69425063457646,2992
187.0196690492242,203.07529405097162,58.349317647124614,193.9837281257481,3953
113.86525291133037,293.43745403825017,86.42383420605664,148.4109798394542,3375
112.7311878746725,214.77283058505742,61.97756745465623,141.05669452939202,2726
117.56722979685846,280.9652332070452,73.73688074936504,166.57878190323532,1931
196.02663584920666,282.32099421806356,62.349449764283975,141.67605776010342,3015
169.31693602538462,270.8705200549003,79.0116911717665,104.19445960008578,3348
180.13715354636366,213.1262211092871,86.0286884029984,171.9921452170455,4322
139.76349857327529,266.73986245608074,66.55373693490883,128.0983941282824,1517
133.63127275049555,288.90865833268657,80.1510424143561,104.90853122671905,3309
123.448400678317,242.55316448008833,91.24273872068696,102.06210765269041,3138
148.0648028312409,241.35168543785989,54.71121425822459,193.13612685773182,1193
155.18287335341685,244.2858309579419,85.53352995206356,125.20760086441689,4400
163.17748436527555,208.22718906762066,66.15724722176901,144.78991925230636,2087
125.71185039986945,289.20255690299734,56.13249782624721,195.05764528988556,2317
194.86540809029907,286.918286398051,77.28271038071745,146.75169787807252,1225
116.97584982071359,299.79093217902863,61.313115963386586,107.86093235263114,1444
196.5653174766412,258.51831414984133,91.06808963345787,155.19360472466593,3381
101.48561225075038,275.11916364513854,52.14479547655381,108.81986534540653,4134
148.11256918168456,220.26719063073045,54.932644813544876,109.50878783735364,2902
133.3367838116563,266.75288182241695,76.04980629929085,185.14770738024598,1496
144.9123413930251,264.97328487573907,79.44708920384784,128.94215433645894,4654
157.0664578980789,290.12087358416125,86.49433322613734,167.86702001124362,4603
143.5589158012709,283.0792722839074,62.96303641260969,150.89243353286616,2482
141.48468503015948,293.8466462617763,92.0880204106646,122.23266912044141,2356
173.27234154133066,286.88334727016075,97.65711698868915,151.78202986532077,4062
168.58762750864645,286.8693894898852,74.95196517974318,106.89935358997528,1244
183.32712820358478,206.37233266887182,88.02656824849007,134.72123495897094,3111
124.99589812394956,284.59619526959557,76.24241772718963,152.28362250204916,1804
160.95285097540636,260.7478394503118,53.47335147061053,122.8394338085652,4947
158.5194785392854,238.04444517659613,66.30557564213106,166.01881301813603,1931
136.9737810872689,205.65146243880622,54.37433448135075,105.18119216963068,2760
148.6057541902681,267.76737747680465,99.44395596275066,148.4809897870627,2289
131.37821433057286,232.82017505376174,61.45129560366886,171.49957812893834,3209
114.18443976169851,246.77762649860347,81.79502097078594,142.9946058956773,4116
121.38012106627329,268.1728437055134,64.21725509724686,187.45864153189382,4902
110.55136464012011,291.17745470241425,82.6623107677963,163.21927812406656,2804
168.30695751901243,282.54369156049984,60.52008454352412,195.84929160587376,1024
166.07273931091515,245.05971291036,89.26350329550372,128.41218127749787,2918
195.0606371579873,238.7783157446379,55.540580141831775,193.87893308547473,1299
172.9678413647241,223.97797388440475,94.75752000451402,160.68225898856969,2248
105.20458387561314,237.24267511759683,92.02108462703973,174.51788992133987,1073
188.42451739289544,211.10463872918984,83.94036718191927,190.2161117043447,2139
186.26751629457257,297.11055083647545,53.37073135714239,155.1197187991821,1151
144.33203207726987,257.39174439595786,60.428451416446414,186.21807919496655,3628
158.58630505279217,212.7805842795213,92.9680797845538,154.16969395880554,4785
197.6078332472519,235.28060092659058,56.098721715129756,159.91989276172376,4886
153.23043638481664,254.7039143620656,57.796604815401004,144.50985728973856,4162
190.53218283760896,253.28856366408695,77.20016618777603,114.5638551840103,2585
108.30387578101865,203.55033687186324,63.70887198371719,155.35032333488667,2907
119.10518687086828,295.08410342291114,61.10378499719648,197.74482302661812,2955
144.07549434413178,227.53756814749445,78.79067159240903,178.71859957322843,4360
158.47568083373048,201.61846689318912,68.62883382290146,174.74984847534364,1091
181.62278518628003,207.64440089502824,57.02799483848344,164.33088027296296,3919
198.8262115143187,258.0194903247977,76.74268837727323,134.79086734872445,3794
138.88514964741165,213.77855206750968,69.35062016393114,116.96151944783784,2410
104.7415636140085,204.17247928535033,86.72583871368846,122.45516016426899,4486
180.11715032953248,237.96264664127114,55.13777211602946,100.63220895426501,3875
160.43807190828082,262.27611923401884,81.0306621972987,167.34804208983547,4612
119.85428588682016,211.18398048416122,71.82466634716238,181.1877558556434,4243
149.482845662142,231.33278321513154,70.30309375262021,126.89113511980598,1684
174.23102455337244,241.77606716245424,61.61438440041706,109.18503996442719,1371
177.04117870686437,215.9460097786767,51.52130141013556,133.5727067821918,2521
149.9618411998762,250.60738984667103,92.38445971823228,129.2051229416978,2259
130.5214530128859,208.52140869017708,66.32050430172129,145.0876360777732,2065
197.37425820384937,204.65184963450687,84.05455198649236,126.4102054321011,2172
166.3362610956493,251.98353671551348,97.37936998883538,133.97327053450292,3847
140.82375193462985,224.78969727508758,78.24951490410658,190.75547793492427,4995
128.04632242046523,209.53738078980274,69.85734512599332,133.4835352889606,3772
173.11029830035622,242.39125874876322,63.413678317435185,178.5518046729897,4758
124.21834455937677,291.5140739517395,96.70218963237467,162.58337002244593,1610
117.17099889736882,272.4192446654155,84.10384090255715,133.75379456313738,4549
152.98338889620703,281.56159153470276,83.26406966282798,181.77882697803506,1119
128.99873926441418,287.1913988758636,71.30791625726386,159.5076069596265,2838
162.8905144923615,297.2627741396419,92.25243564337154,100.86187275989003,2552
111.79386748742334,276.3246573514173,85.68360935047436,106.87282015723997,3588
165.49411045673216,260.84079219394795,64.1591635890508,175.26395594523188,3095
128.32965279977023,236.54258803022472,79.9789330012524,144.65277895851943,2409
100.02429344345127,218.1643236557716,71.50969773006328,140.55077917435406,3848
112.69360576741764,268.66598739832943,50.329508141485654,114.5827184195808,4199
193.3615377835094,299.4949986121942,90.38117157508987,115.73185939612702,4573
186.7354639115358,246.7358684618919,56.14151744598504,179.77524500959004,4518
123.36090320362368,272.36793680928076,75.49772530013071,182.9017133961455,2603
177.8371904545491,249.50924499931563,66.81130965424077,156.00025406387292,4056
160.85715931739742,243.19334233634765,67.10445206003388,129.51278098056875,3086
197.09047114498696,241.03056135599152,73.8682441706904,193.27008166678303,1472
137.3605659534059,250.46246829316976,99.85115520098725,162.39623909952266,2156
168.14606125171713,236.6895661865375,70.41898403157379,179.6642119451788,4190
106.35357224239186,274.8773321821808,59.11646149082862,100.32829202882154,1323
139.6247346816406,287.42720265915165,80.68031690246845,145.03196008753605,1051
196.38176611881806,288.2885306645184,61.81438540197606,187.09490863199557,3995
153.89808744501204,222.7698713425826,55.27745683564752,133.82332832327214,4996
128.78795033348445,289.5909138731491,52.508708603296455,172.65511768722808,1932
112.02709631286069,234.1551231855105,51.14406370098419,165.76748251286455,3183
170.35283401815303,230.93076654852976,71.55823241555319,115.22183663542994,2427
164.4856043429727,272.6756057398236,71.33628899366968,177.4903827254405,2782
137.39387136037746,230.46963400862893,59.27727000389765,111.25267903127988,3216
195.09413518658343,205.296640560971,89.20095268856046,172.79140965719407,4653
102.22028129878503,237.3617772310308,56.46353139599394,199.09683367790944,4619
130.37238516318257,272.1465600358349,95.76585963196513,195.79814318117627,2823
192.10694862995814,232.69584202701765,79.37879888216362,180.02417430570046,3564
132.09354383194403,262.95590559951467,51.380818805246484,153.4517424229702,1359
125.22528338551703,266.01194442631305,98.14863128713583,167.482457582074,2683
153.42204099312474,273.37360117263563,65.39706297729268,172.81083903440927,4308
182.3801749920538,289.7130466310937,72.49874797889267,100.84015242782387,1067
110.3146760878361,243.25644992684315,64.2134346497276,110.23662209529564,4814
194.3020709645736,216.6432076662457,86.42106490168888,159.70591320788623,2173
179.5072881181164,231.89257154318895,74.28401103597693,100.65345401429092,1480
118.12502555515519,243.2167255173986,56.61864797012513,190.89056507734972,2438
171.20079611981626,271.3891469328113,55.21019761797269,148.9662713225078,2960
138.4958722637557,201.31221255616336,86.26877066622873,125.77670756051216,1220
140.22946780763186,231.5785383439879,61.85407024656357,139.3821169597599,1260
178.32900924388665,277.9842581019317,56.88966873192363,185.0776410640003,3313
196.27848079807322,267.08577033306955,74.97137984989214,192.71928737641156,4530
112.6655872847194,273.17399735856054,90.1382643768152,111.623498047732,2649
142.06302368788192,281.1810769439195,63.93913729365652,177.79606339555767,1676
148.09416080843036,278.3235718877962,63.82158058504039,157.82271182165303,4127
137.63118169549978,268.2183166152778,91.69406301301885,158.55027576644866,3901
136.3189123716225,243.96615323705907,57.39168972843913,177.94521218958263,3455
105.22686675615965,298.3598328878154,80.83637958932736,122.28446867859574,3516
168.55386205626235,256.90731955900736,97.75067414912928,153.1044967974958,4939
143.62144171200453,220.27692093688393,92.06515747886539,131.93526154508092,3809
119.47938026439267,229.28128551047843,53.09076168898646,109.45123449765148,1242
181.60335023020684,269.356245597047,65.99554382808127,110.50794455566039,2935
180.25607481516278,292.47395651994634,57.118723279630814,113.64714706251507,3561
148.63916280888938,217.87201292058975,97.46203188435699,161.4899848904838,2678
129.84506611477605,208.23464957457864,99.29707831110406,110.583019837731,2192
163.80927257964524,288.1531048042006,61.749651027001896,157.01038425901737,3622
128.8152135777403,291.52779789128346,83.48495224143763,158.82970579772598,2456
123.6007930323712,227.63793453158996,92.08158660235591,190.38965101218912,1665
173.05146540263266,237.728572437124,61.684014220723824,162.63765963255142,2885
104.03252397209508,266.01879974978584,59.384031716048874,198.55878408815013,1766
109.47684710345939,232.99300208424748,50.560551162364014,103.09925799408349,2601
100.67881740235897,287.7158708270053,70.5981228470763,170.41461366451188,2909
115.29431864754261,210.75787027138628,94.97187311973582,102.64800780530433,4356
106.89900087104594,203.79822209601951,95.14898245281745,172.93775778747036,3501
199.58023677799184,220.84862067427895,56.387156375450814,138.58502092040354,1187
128.88099699540896,228.6087778204969,60.21762402641975,161.13077653925896,1704
114.92680126692473,211.2926591288875,70.40236654672668,130.95380720883378,4367
124.09962579959179,206.56904293406467,89.0312272581851,115.91050391526491,4594
193.61255715401347,275.56077135017983,80.59257417658642,172.35125180892823,1691
152.01602230243958,216.42765659022575,75.69248717601081,190.46203802700867,4453
136.48180963078568,291.39221990663043,79.59659421113015,118.35824437000349,2366
187.33914579092192,236.79996614480962,54.80998469011483,192.07030012036006,3649
139.49902705490325,267.0605809721345,73.88318211274535,114.01821092045438,4294
133.5008569957696,222.54021147688002,99.60316447695641,173.56618825495312,1334
120.72825225497355,224.03227684918667,54.42230734695439,195.9445158179006,3504
137.77968239094116,257.4709202867575,75.96233388174431,114.73708817562377,4519
131.6684356016926,256.0642925145986,64.78246308286873,143.50900467553532,1737
167.7303959298141,276.8729228012081,76.99566484309796,133.74574823583995,4686
128.9582704670727,275.7813305694266,78.69093800168733,138.8477750184098,3384
157.71997464225615,267.0687764663661,78.87364490597379,175.31397391317768,3402
106.58921650319726,244.91305658934908,92.61043926554433,166.11889325555592,1355
119.12891566965143,289.0640386280617,69.48737073368305,196.86869644628192,2922
140.74052716113488,262.2578490221299,75.8177081333248,118.54795033564223,1231
193.69492539086954,299.0198490462357,50.54641994838743,154.326086932588,4338
137.72519857156954,281.93698179343585,89.47753007898834,144.91261454190266,1795
166.4074121199834,204.43098112383262,62.974385368792646,191.88561089257496,1189
125.50872224213981,232.05939070803177,90.82775120202582,101.061923247696,1047
112.70335759732318,257.1875716470952,63.28193331901586,198.9170400767094,4355
105.85366000800501,272.14695378714873,50.53942481312461,147.97343143725288,1813
130.54134985427513,255.03364977619415,57.74156590967234,162.55396472335974,2983
115.76610267969079,278.6130422462182,99.2841451286084,136.00525558057154,3102
117.40104480161241,228.26556527573445,65.99006229739942,185.25266696954986,4410
176.075930838695,218.3912051232825,55.44119510063736,156.19879451183826,3166
101.58380709448743,205.39166837897702,55.93794018128753,166.28109362497648,4073
155.78101257354345,257.3313744571522,65.5171357028612,164.89047080606764,3271
137.94613805934648,268.85995206754956,51.88225205583815,136.39821398977324,3795
150.65499999085472,232.61497171193616,75.57442940609769,107.59909958066159,3250
156.2830237214603,261.35841848558766,60.68704577446601,180.770622609405,2679
131.3367694457278,205.2157230853329,75.96553206984362,128.97159191843176,3058
129.51088601842852,209.92933462968037,57.03821093496101,184.89302284777045,1258
173.34018493349058,270.1754772258498,71.49286145087461,160.86430087908263,2974
187.1276988121157,236.80697052172988,79.89584292006222,135.3703958097478,1297
119.25816324585278,267.13340311030055,53.099996916905404,159.42471489736226,3716
109.7618760535149,283.17211202799183,69.93746546255292,164.54926923614374,2220
189.7795806392026,285.2622437476117,65.12619104948439,170.66834077586725,2627
134.98954636473985,217.2167645464451,62.0179908244317,182.23381345070715,2438
155.1317390662814,248.62855723513465,80.22673130422483,115.97549422179847,3380
135.95431445200035,273.39267236324866,79.42709928827037,194.41443847686168,3200
112.58023363460514,277.39805962669107,81.53499033388468,141.08406144275108,2399
158.9331644947728,278.46759807288777,57.94413352162607,186.04502983763774,1133
152.51408517696296,222.81673343805844,64.28546224311638,122.04795953677852,1955
120.29935591911972,219.25348177237734,60.48393889975394,102.90289722047147,3163
145.18690446522777,259.0012468273696,77.02518024989209,157.33440436228506,4138
179.6947504015646,274.108579773822,73.05328446048082,132.4666279072439,3709
159.04261031078914,231.91395155341934,66.51468687963751,198.44620049479494,2279
109.69173270669948,210.47051568624215,89.30074044342166,110.44534547153829,1552
154.8021497229135,271.67463829100774,54.69868722041914,104.73028660035217,1692
170.2738299289587,229.96978313800045,98.74483443778212,104.50178185531333,3235
179.27034057807515,216.6362724311722,55.82720389076594,121.68736952237946,3086
162.9117578634267,214.77235283971316,88.65354062841847,157.91911163653384,4894
115.26581645407838,231.49095475267163,68.41150945804159,150.5563373644692,1479
171.01732665901608,259.26780659137455,93.26311145659028,135.00758048335615,3973
167.73418460815162,235.84022386938165,53.7084974392081,108.87931074169093,4398
102.44268829406332,202.06618515934315,68.73608550961688,123.37370947943188,3776
141.17476675902432,209.69084346778112,66.77217032501181,118.41470647847169,2153
133.29502469623733,229.05032471986192,99.65785191127677,174.56668371560482,3823
166.94120642536433,265.9704482147092,99.27744974448129,177.9946383001314,4697
121.61358123109207,209.8515073468534,59.4901979333194,177.701401306182,1062
159.08719229742584,256.0656853500682,81.49734803491694,196.90405444141487,1954
191.32059618141722,211.98858708240041,76.77597099554701,188.4237946334032,3144
179.78023722086078,221.16153273493813,57.71867456203694,149.7804747178505,2435
192.14577362165303,217.21885275557628,58.388985305221155,141.4936020909165,2865
197.85059669326898,206.72286355708104,99.46258642397774,191.57685177094618,3577
101.06701270061627,267.13298173865905,72.63649968104663,161.12252520481468,2469
162.27412763774777,246.34035473860345,56.290064600003674,129.43986670255953,4788
141.28393977589064,283.1053440897338,60.73950193696271,156.44640277151674,3772
185.98544903351217,209.88908399823168,63.41740336242748,199.2149422696126,2632
125.18147020091317,214.47329333380722,75.54586316593097,184.94700601523624,2814
198.1029489115076,230.64577313504506,66.77740647531547,128.12797160595417,4068
161.37079695437473,276.58659869388083,72.75058929449605,195.2954425917217,1235
179.3537402228831,230.57588231556988,58.32497755506814,198.14621114791157,4963
108.55995528227683,240.84187074986926,66.33643452937531,123.11669594154152,4751
118.34578847588651,230.16035662971646,53.5158296358877,189.55921185013412,4643
175.84036730342032,208.022429180103,94.48551367379244,188.32027176988322,2108
102.19865220393235,293.94336228961873,59.937623858428914,103.97535732340405,2796
181.68779858937827,254.8538992071189,87.84500677143694,166.9689193061687,3402
101.39490186919114,278.7833188185497,67.4775894101673,130.52807130311692,4473
165.71188390612733,265.8357092185296,73.71986594698967,167.46126264918757,2189
136.5093920231806,251.4254279061975,64.56305197306133,191.35586941902434,4299
161.1494852719199,208.96782566593802,84.82206355536849,149.87792479895185,2390
169.60314069891137,264.27335452703045,92.22732096373537,141.44128307886527,3972
134.2475219186304,215.5370355936832,64.3135092369794,192.15312711874174,2433
110.79624481108355,241.43831693562765,62.110882183179626,197.41149177385327,4131
106.96458677482656,262.91131434804305,84.07201327319484,106.22363277938027,3211
158.89360225625478,278.2229000472123,59.757653028386045,192.28480691482073,2253
152.06553537341114,268.50451757086194,81.99198828048861,108.27685335218888,1881
174.22010091211325,267.1533529054629,54.72140398468178,133.72862133835895,3641
150.9735510003937,214.90422091752075,81.00685799803436,176.25741224303266,4228
142.24457900308792,234.61285400715877,75.67033670052166,177.70369819396953,4065
139.80871782362308,204.2912272660194,55.69528577881542,172.58218906791663,1926
102.64469025976675,271.94768931764645,82.45518174322999,103.91124880610684,2726
133.5557201696657,295.2585981317419,72.32785785170378,113.29660480240933,3921
197.6020157524494,226.41103901790757,60.85575254085428,193.62164982197487,3956
187.3555576227089,208.76967091623092,67.66920778510887,108.14613883958907,4827
132.93780670342176,247.55700767536536,74.60510528194648,107.85459169731166,4445
158.7795405066372,285.6698223127569,54.5777113632191,183.56459377578702,2265
184.7296745535494,255.19741952717797,97.8804741564177,164.1265753222886,4805
144.12743367500687,204.67771501901132,83.27810781060606,135.16560558451795,3938
101.7957863750151,297.4272240527946,55.126749064384796,116.57104870716265,4239
107.451046181864,282.8649909962601,91.14310921642297,188.41704198928147,1120
151.03927213487066,213.159407705151,66.12774654730727,198.85377576285123,1965
196.94393756758785,292.1797756503509,79.8399768356592,104.99717284428291,3049
169.32095422188678,245.06882886051886,63.85714207897866,155.4113382090202,1117
107.09161914385695,237.18979905749413,86.67029724573035,126.1303584905815,4719
118.93608757918628,246.10533305271883,86.15044875000513,183.23868335497042,4913
177.132314321685,283.4571956870947,77.6021728436209,134.60730917748057,1638
184.1439759956245,265.94796782867854,62.046279623578904,171.46292891863396,4824
161.7694586188591,205.92484523997274,62.68519037560728,153.9523421526277,4578
164.44231696298166,295.7604371116171,69.14313983474715,154.15233815949702,1373
102.83374503833846,214.7784133478318,57.250608369814266,185.79994311804214,4179
182.85302595815085,274.5567951735351,66.88278565954619,147.04044259245643,4370
178.82752081708298,263.6136530428131,84.21773006241563,184.55995341444805,4504
125.90351441033471,218.75280479465607,91.54226400297107,136.34268280375755,3159
170.8676719965507,217.07320761130495,66.62911452466807,117.47829424643051,4477
121.48546064249982,287.0327593704692,61.679512912718195,145.5477377656615,3547
104.0330161051513,241.96949234995972,91.63212891675671,149.8355781377022,3722
120.11365425903773,265.45765141741384,94.53520136929606,147.83831976377914,2810
117.86288767542995,250.40710038566732,70.50107616560322,180.83304118792822,2923
133.77479967348472,272.73535170759595,51.345207692481694,156.4678941460097,2042
141.8449497175458,247.92423750393306,84.74808104470759,188.8444071758803,4816
150.8538891497708,228.73799152555685,89.20166180915648,151.4185494915942,4091
147.67538755083282,236.33833709964964,50.901212658222015,122.47150828820043,2776
127.06746059652893,285.90776944503426,79.75154266707565,112.94958402627526,1771
102.91706685740745,246.8034692922727,79.41843791220876,186.8362820944621,1560
160.51016222371507,221.34493322446093,68.9353954373957,105.61727989022117,4577
139.57448298473543,293.46053880772536,87.48836629254188,111.76096119197622,3201
129.86721573875496,279.6600456498377,71.40895190571803,106.36585189176411,2538
186.69410428305122,205.56661460561992,83.8387975895682,142.37341971818202,3867
174.674330779816,299.8942961980518,75.8558652317576,153.26156163935934,4549
185.77655483724422,269.4926696440102,62.4232302351422,101.98747310226007,3431
149.4982794712461,216.0266599040587,80.32504315050659,151.55861668916043,1803
113.09312521267775,223.71676812985964,86.84542474229208,139.3759471290626,1680
169.62214361212725,269.2445481241547,98.69528367185018,177.3645182455898,4269
120.60737799371752,277.9761055279122,69.00544734012067,182.99566217462234,1178
144.12296690917168,223.9035943149806,53.22362723331756,168.49674363862056,1614
106.50007889488884,225.69688538992708,99.3985610610676,147.3495535316624,2754
182.53084024229824,230.7120694872061,81.19033297127682,121.61485950419882,4599
112.59406410475006,259.8018364836637,97.32252290803845,184.711486730256,1046
190.30975070493096,217.1816178301277,55.191354300555965,134.16691400444168,4919
186.4230602261557,210.42431988847775,67.10169199352288,135.62918871949492,3605
146.4582764439246,267.88640890855135,56.69683494363622,191.6011547187045,4683
174.43682043039905,277.909793979317,91.77550772910297,197.5597255597913,3230
161.94450738181533,250.09294044165054,94.01713707146581,189.81309563845042,3401
180.30756423377449,236.38327102683854,75.06558499375103,199.8234723561081,3534
143.1805100785912,243.20427135264765,59.33031088310152,186.89088439014773,1215
178.580848424435,238.8407833871952,56.35594845198543,170.43575176200818,3939
146.2456817065148,295.9984908237675,79.40820550401034,129.3819399571473,2446
194.0965787842794,276.80899052191404,75.31881622926502,195.29570488998763,2669
148.63721008251474,220.80872148501103,84.73945511838338,187.66268316137536,3899
146.26192719337297,238.418915205398,65.26036313099956,124.07467924156532,3876
178.50718615635128,254.40122913631097,70.1183997512181,148.91624732418268,4080
182.15776917608378,261.29858620636884,51.06805369255787,107.00556606255502,2008
155.4489114321171,246.81838960287672,80.50715225377644,195.33088632672172,2236
117.97978134950753,281.0126635011959,71.15717606732389,157.27683277214558,4210
146.77582309575794,276.76060194582317,95.9882316906724,124.52005459281654,2007
196.80725029096783,250.51579186281668,82.08931488524024,129.23993136238758,1733
175.2986193039185,285.44293867817305,69.9347245724847,198.06563726298594,3368
181.1162603879132,275.1089530442386,63.17945904366752,161.56142918041976,3138
103.28254988192401,277.8581848720643,95.26424713038193,142.06831241064037,4961
146.78594626341598,295.6400779433417,50.813253705872164,149.9845461785538,1314
164.66211336575554,226.64669412092027,66.3456233626196,109.85500723773434,3159
183.0032683628075,226.7648162366849,97.17527918940175,107.5022760072876,4184
104.92736535827714,288.895225569064,82.7016503490787,159.27077433003848,4781
185.24388856418733,277.22263733856795,76.63595356416495,151.20040364403164,1373
154.84009367419117,292.65455414356273,60.17673589602137,135.91531913034413,2286
119.73139705760599,206.31301603244532,91.66873871271935,156.61139525113646,1367
131.72552164497,262.7757077261597,60.209953129638805,107.26759494371723,1377
128.19295517515607,214.46283381234474,62.412676576062495,194.39911714315463,1828
153.0859034288476,250.38971982925827,59.592557143592764,129.37116877842217,1824
105.16856799111318,215.57469318534442,57.9074730284761,107.17787906719988,4925
115.85361584999235,212.8078508984879,97.66562479894014,116.95042725741041,1673
181.26930433757823,201.21683453820333,80.10157980706542,109.54739144825169,2619
113.2603990746811,263.0238812382904,81.8918566005047,117.86045043596812,3604
123.3396269458127,235.90226166900862,97.71627328393917,141.67540548266118,4116
145.33706056041572,210.51882848789717,61.52875275627813,173.80508939355207,2294
151.71208881133305,232.283777773131,50.29587692988461,127.23483474550397,3542
176.36104796141586,216.8944091451585,79.94418247851456,143.5926621941644,4976
144.73324266661876,294.16948315016595,75.39224266120793,192.87572878882364,3769
178.9864621035539,232.0004885761348,73.8825188699147,129.58217393259756,3733
161.83463070454576,233.395352328939,53.094010562309954,179.47197532647098,3294
111.30997394238224,283.9858003399586,72.72174332873922,115.78168724823664,1173
115.63314383928386,264.7755761286004,64.37797825453495,117.83217462572476,1035
143.70337254497707,271.01716074030014,63.72823386121566,145.61528734762658,1301
139.68893930890397,263.60018039889604,61.11907900895464,123.41022504663863,4881
174.35442696372945,294.61962839485653,66.62641798772853,190.302807379426,4229
158.0737139797352,220.70008315580452,67.65665375717062,105.07522911234778,4722
138.81330810022493,298.90392417557956,65.43878881809988,159.72725661438398,1885
117.07602834503857,283.09561775565135,98.93763578597544,160.42293961495199,3080
122.68371023254952,258.8972588876342,96.63655427547437,106.60259275194477,4834
157.5501018469059,266.2371624396249,78.72550497624312,173.25642148708914,3429
142.34388048997926,264.8825876500614,99.0527419205155,146.8897544512196,2901
151.4927508860672,205.83962240591538,99.5599005159595,172.30733734948086,3471
117.06774353022337,221.80164985319385,67.79698550086513,182.692498593507,4909
166.29062523445657,296.1470884524749,72.25937728698722,132.2899351990694,2706
185.2538740855967,253.43644288593794,97.95308884923327,148.44858829354877,4693
125.79395067869007,237.8353603261912,80.43130996493433,126.07607797680114,2702
149.15142258318266,276.2038463389075,60.64645414186363,120.1513463522335,4708
197.55273290209018,252.45189426558096,84.46903341682503,100.05947580426574,3773
133.32417405507277,201.31627714318975,60.28730910230438,196.36315120798372,4366
159.5046344923761,273.6237596715118,66.9678871835923,144.09284693296482,1692
109.01957002002443,273.2217560052861,61.37800815476758,101.3069773058874,1594
160.60150024794433,216.51487121099746,62.24901079669211,100.89385775680482,4029
108.96317733046179,295.6660088424213,50.232779078339114,128.8352568551195,3462
195.9235435323822,222.39081315411144,94.0354416099726,101.39376787101185,1873
171.56626520723114,245.77493673821994,64.79952476378969,137.45146176585484,1318
178.81597881357064,211.47359612609148,54.31871897613972,106.29385014389479,4096
170.4104360771637,260.32823194505886,54.34937028405443,103.92515911503098,1757
158.97290360764657,237.54511200572125,77.80091382304761,166.938139407455,4624
144.99127810855055,235.31734622097053,99.64602752669686,190.68412894428846,2457
185.83733797610626,282.6976877220947,57.25112336350958,140.93865833022792,3106
195.6835667543063,200.95617128504782,54.981089047482975,183.67704302759324,1176
149.90361729040814,279.79467708924227,71.91519402010454,102.92654611357472,2565
193.15350491552618,257.1448565748079,78.16656269203978,177.76900559701824,4116
158.33329099885174,298.6098513480199,64.71901794389703,106.27999923228909,4523
153.83841868964333,258.9443220604249,65.12610462569332,183.84394231973516,1308
145.44827329553567,205.53791341479578,71.22382509244747,188.2366344872064,1153
120.92877615301198,205.06453264437263,65.7072807575303,178.59738423823143,1966
100.37196608180592,288.3152986371832,95.76657917842584,182.0749024411289,4623
124.15062268560612,284.1214145511053,52.09772856453145,156.1484566332319,3031
150.9723171603565,234.58900755820233,61.72850799351373,126.48849425826519,2163
137.99599522597526,261.8032484181137,90.42763981137107,164.32310026609667,3816
144.84852280026337,248.95913570556002,91.69790623324783,143.95416490763614,4653
198.06482195640496,296.7164055136052,55.57775394821006,100.5336560919046,1384
135.02723706693274,294.99609008768914,98.68817250063583,147.6825706434835,4719
145.21829393601078,298.38390085407747,84.66774249495545,165.11879245505455,3795
113.35155513528196,286.6448780634264,63.62965279917978,101.38836596913208,1623
104.79577324369876,290.95515907751013,72.80189324072273,162.13603361081576,2056
177.54095145924947,221.72787787671365,64.85693097839835,165.25319062168563,2731
157.06831750719786,283.10067889897743,57.50111249272097,115.81075782388967,4442
176.0704806043895,270.8857113204275,64.55890323744576,143.10741851565095,4249
114.98627988865516,296.278650882807,79.00459687448092,196.43326008891324,4431
157.1828771182691,257.12618284426196,91.29848474177344,188.41892277997823,2669
125.36424743413755,208.51671667105563,68.17645374447886,141.08214228582528,4774
122.80618169000199,259.73988911871527,67.39507702739209,134.98462680241556,2459
101.15260140529853,268.65809280212875,73.40003505406614,112.4080680976856,2922
113.03407235690719,222.03210287124284,82.22777999821731,103.51890845401599,2870
130.92681114996952,239.41133835127283,87.58081312161546,129.74627774420787,1005
111.68787605909391,259.850341405168,66.3399752399737,194.02833470822384,2828
198.58584404109376,237.41057373165054,79.31762339125694,195.86134513336674,1690
130.86326485239508,237.4947717238664,69.46804206404413,181.25193405762764,3842
113.03239467023282,213.30866391727974,85.8199925181693,135.08248135198596,2641
119.90823128279578,294.0746723077666,58.23374602585104,114.36264328821112,4829
158.77032283414763,275.04943844950964,62.846243252564804,159.55334756056794,2860
106.40435238647885,200.1243438866102,71.30302099213749,164.65050072061814,3938
186.24341301411567,276.56132840221653,94.47073949606838,142.4573569245604,2254
196.1499679237147,273.9794992657859,78.66628946753451,169.16467955586404,2424
124.67474206673809,200.9730960155523,98.26980594907059,174.66818856517352,3774
145.00952685908595,236.96042976137647,55.16388426405419,178.306166357478,1784
102.2134451029497,260.67476903255306,73.00877068254674,150.2298111357507,1616
164.07102247272215,245.27506518580358,70.95392650226921,179.16407775597332,1885
141.39260580525888,277.79861187205074,80.01030882029842,102.54764262694567,3070
127.00584661015557,242.5458332634434,90.59823043537891,168.04043667388697,3854
120.68371106166084,215.3862969453837,92.07240127915301,123.56339570504798,1160
165.40230776587606,297.64156242738284,83.50973043527542,127.05202916876533,2217
141.62170310323145,224.20399927760465,82.07681821227769,109.13017066067323,3313
117.96592890299121,271.76923105413323,97.45147710224037,119.23922635931793,1082
168.9109081486824,214.3156311664072,69.18437008192123,199.20082330020028,1167
156.50722830366936,232.90126137839326,91.63916570942442,141.53901305634753,4912
185.8672054929496,244.20276084304237,96.07518635461471,192.77653986886855,3702
111.7475898876493,219.22320045270638,74.57696221325985,116.2899528192798,3602
178.5666601944456,244.99595763686096,86.45512893016502,120.40588420985196,1343
167.3516786817259,215.716282299175,68.8509928335453,155.78133538150712,1011
111.50109368280978,255.900653898589,57.943950709770206,134.95325408790825,4605
169.48207298717207,266.3713252520194,79.32519407362126,164.3915208574796,2553
144.15472888798303,206.24342840280107,59.82358254247659,142.20465757204303,1449
194.4984785555843,287.1132121082168,72.87995654019345,181.1597237465462,1573
114.16113506178993,218.51408850420356,93.64396566641666,143.15590711710837,2724
164.28333908157379,222.5362425320324,54.30090937818402,157.2349182438264,3638
138.1980045462946,266.1349840083063,51.521426783232485,132.1073200023729,3537
195.68146705908777,246.8751060434414,80.32389236909438,170.4040987438654,2190
132.99748952902763,249.93955991710658,66.55306632974475,165.4734208965714,3709
196.21859094918,212.81549845631326,70.89688534629576,139.7001032774058,1464
190.14858511007492,280.5735821876408,70.28552943291658,127.60321027905965,3957
127.03832353106563,261.705424610421,54.33101145047818,161.4104374820299,2758
180.35417768264278,213.5382043309456,50.17832163397973,194.31516492110077,3664
199.5604201803506,237.39993670255961,94.92116214321322,113.26430240266015,2789
125.26630021712823,281.04099327350303,60.88992804518732,179.91166183455604,1006
143.67771693233198,256.83550459866206,71.30394959321441,154.29917728080906,4054
152.01807365667597,210.86487791329304,98.59628983355393,152.5559695173859,4234
129.49311358038642,237.27770457892868,91.33812909918262,196.16841475759793,3849
101.52648396460297,224.26943984557346,55.39654276313511,160.58747975685569,2218
122.01292441975266,251.74655536537264,75.42595158062929,183.0517827748518,1318
128.19368843417584,284.33611288719896,86.5039513247508,151.44772488756965,3177
144.35997013181873,243.626713480442,84.91963924996062,124.98533672550893,3156
117.11024784134018,243.33420303683232,88.04209262022351,169.44902714581096,3266
187.32543566916726,290.5350902327037,72.87273274440176,192.3176904444004,3553
170.4911132731336,257.6185412507272,58.7961464665141,184.12300956100756,1428
108.5200477559662,256.6191087397407,73.24362219596864,119.83636062400846,2854
165.00924511399313,226.19098918753895,82.3943624586646,131.68891190621503,3689
165.36564764056203,260.77227478371265,80.4296043302584,151.68806739736777,1243
195.62211736436277,257.59104674173966,53.526102689430374,157.16032952360652,3485
100.30208713561612,239.6851470341864,53.24762170410959,119.38141144585282,1306
124.79324498058072,299.0695565899181,98.2628915577606,123.00123400151645,2832
192.77914793753155,288.18909649480867,57.59027275198855,175.88310690354365,1900
193.2133915398283,274.95862900768157,64.7231232005861,173.03174167149425,2620
172.05864193706373,253.73455884130004,88.38172410780828,183.9208814628891,4326
176.576332104754,246.20598018946302,70.48385379115875,193.2929807280231,4398
109.14829579296472,218.48973952231995,59.073242663001636,130.82611189026917,3456
151.38758347782337,230.57374740146236,73.36161911548908,185.95949565705794,1748
123.15829912889994,277.396079982321,78.44749853816829,166.60117912761865,3048
118.12180436136173,245.37489539375514,72.63833046390378,195.77704238917994,1776
181.03032991233326,288.2269516569501,95.94730377360546,127.2074156023416,1193
113.50381366805475,214.7911136345529,64.23496475497521,126.96715016395255,4010
146.86516369963852,250.83470960136364,83.06660803498355,170.42934486927265,4435
193.85782395860332,264.6965684021309,55.614736070494885,192.84107740382763,2892
118.58320555653425,251.6848456307926,69.61427288320132,182.45558247864346,3169
197.79934237382346,288.9226891584987,87.04966257924869,172.70395577933562,3411
199.42879857610592,298.956328182914,61.24084702947327,138.73091980573884,2027
155.5617154682403,211.58346583413697,79.48855228272063,171.7767334701974,1148
117.01427401771579,212.9954904076921,57.67185146045301,180.10955764308144,4132
131.61048879408958,213.03241135601212,55.13508456806856,175.32856797906044,3841
142.44928326765353,268.11770960705275,76.16163744625213,167.6810798286123,2140
130.9324224358223,237.2676095495838,83.75054980430144,104.7131251690703,4755
128.06355798765156,273.3314661265906,55.668353311724175,165.97149331148086,3893
197.22297092163575,240.5471472886979,95.88881261864574,147.82946554829104,1237
115.33648274157457,262.76067213320636,61.288613134873344,196.15692715496857,2161
173.33279087168623,276.9858005678893,55.998765407965,160.71898833770712,1729
100.04102894391748,254.82159106549204,60.13494541751053,160.82272562352992,1457
159.61826694023767,253.9503590450006,58.4786228265921,199.40551873697498,3532
191.59430039540524,208.82343252856344,54.53373253064745,109.35877897809054,3042
128.7934094093219,241.07817429094348,89.89196173893538,127.63162851003528,4153
118.55259752577192,254.57771532249376,74.77688873720555,165.60794389690255,2754
165.1679794878427,246.198082566641,69.42597201893415,131.52362560343747,3896
171.26014072983932,290.07820001884255,97.53139634920666,134.61501479291218,1713
168.80305189519814,290.65306321194896,68.55041935323953,189.26449397971086,2610
131.9316880021374,282.1917380588762,58.348636302359466,157.93539050397965,4118
125.22024021593309,237.529807537312,63.702144596329816,110.28655828041546,1343
195.59187999620443,271.72991516875345,61.948326679429826,131.08625857326217,2362
192.32995082699296,239.52884610696097,74.93706397816524,107.6058376499418,3283
145.73166098928203,223.2593598975759,64.57525619772869,155.61299334471454,2487
184.61938661543735,234.29026435508817,75.8030586093181,117.32681963759896,1662
145.2323477634296,207.09646332855354,83.46467124733945,185.71151500251062,3423
142.43890180725106,233.17775090046473,88.8649392856629,157.73140264564998,4194
115.67629475992946,246.07422172611717,85.50788906336155,105.93756419310947,4019
142.64060564919728,295.548089478083,60.27953582281805,130.0875663624319,1245
153.7416938599807,231.3410586219625,55.79498596213769,161.63376672361267,2277
102.25043274286864,290.2453539205521,77.12250795506255,133.54983181938283,3613
144.41130051754064,222.8858275823497,59.94558956040726,151.31766685939556,3746
178.13562183952,219.09688977592495,54.246686088575665,190.93622946827355,3962
168.004605637427,251.8995456432165,76.35471714897085,135.00359705062783,3328
163.5156988863935,267.2511369297406,66.33970925538978,133.5872862469788,3114
190.95554284372025,204.43322508022814,87.8074505969252,181.97568413126987,4724
101.803200982523,222.10658650472166,65.70958152742091,131.875652291677,2556
155.7047586192234,245.56836665013165,98.93585685279069,107.79583441403923,2557
178.73488484097072,233.10043359831815,87.92615956303541,118.09449542374949,3222
154.13353827012673,271.2621079348322,52.88466107444311,194.88002507963012,2214
132.38955525803792,251.1160596041317,75.44363701781381,193.32927925777213,3332
113.62505650919779,216.03591056039002,78.13102506070553,122.48120907781478,1304
188.75630718161915,289.44653793150906,84.76513553407989,155.35018730986857,3922
147.0762392387603,229.29056754833596,74.88983985168791,113.73681004230028,1792
187.81151969857012,273.1131108964423,74.17217992072867,167.46776285115357,1406
158.58521224331685,277.99157791054097,68.39693058388065,118.53057960098107,1331
167.41921166150007,296.3157700256102,63.57306919495869,104.9790422921604,3352
180.426115437845,249.85074665241012,97.31001059883673,182.48968072087993,3037
165.91555446001342,261.58355154644323,65.87983348171859,132.54003827236258,3966
139.80548406789376,233.48762934795337,53.17106622901653,110.8522403560097,2796
151.3633383928651,267.81792934120665,58.36423696467061,183.39039508622253,3716
180.304552467588,246.33834858663198,92.86383180206448,176.23974775461483,3820
137.36502963729842,243.7652364724422,79.3316729561692,168.37584504319682,1550
138.8121456768497,285.54675291161055,88.93902746885328,191.1248709844529,4042
109.56901160580011,205.01688434986886,90.43907730698471,148.92260868706353,2360
191.45844352217478,288.19624278318685,91.16182196055365,112.80564975867978,2053
109.10363149454417,285.2069837828557,77.53068538723043,106.13464098951195,1439
164.8209177448556,250.6366253561789,58.85602978495524,131.84410179596586,1257
141.31944788027977,249.02028542056283,57.41163761180709,108.68308301374162,1782
140.56193902554423,236.18073680354902,78.69922101875562,153.55094403470855,3610
167.95518365726838,299.41737916817345,68.32571768428382,101.44990178231579,2814
106.70937326298787,211.11693327538413,77.90241206228836,144.37633015093758,1233
159.37057829514345,259.0215235628607,74.92389221189325,117.84602898535854,3073
177.20317859723548,268.1681590112417,80.10990398487742,136.82680438671582,3570
182.82127578865942,293.43300082169446,51.60558953682827,167.5034074770689,3431
117.05303893937753,278.02034968567614,51.641834031506164,135.09637710507016,4607
189.74190500781737,264.38472028115467,86.07975854242544,134.13398872002153,1392
165.6146091847442,211.68123168121227,59.65636219113599,199.0750732839502,1461
188.1854800820683,237.37335168314672,82.60992310960282,171.88147227262863,2751
148.52807171101983,213.88416425479852,77.32879553957272,151.38617118500514,1838
154.2033345097202,288.12127324655137,99.08972357023117,157.93756509975793,4209
191.90382770286712,274.9621155563643,91.77029394415311,162.0182631518811,3784
189.99095433546717,275.75367867972295,70.65672606656747,102.45753989408419,4936
144.8160873369002,265.2256517773544,80.82064100465826,108.02645905252476,1109
127.44126316356818,250.70435369367095,55.8644728612736,164.91893513566518,2498
139.3170434564264,214.99710594634973,69.31930214811905,136.44688588483137,2351
138.77643285297498,232.96948867050517,86.69438705449372,105.5444040231925,1205
128.68668749827938,213.69157924768905,81.13357920643269,129.7513246051626,2094
126.85796043329665,272.49131428523435,74.22356621886789,113.02834204213902,1209
186.10629364797194,216.0228776022005,58.826455202633454,191.63138422263214,1184
106.98619206846617,270.21135501716856,90.15729630787723,120.29253925531151,3649
167.76111820995942,269.2255389595905,63.65833022057885,114.36911973940525,3806
117.28200514564523,245.9304478991289,91.02395408309548,162.61688170886165,2406
134.45058933940632,213.52286541180524,80.58045313974968,152.19119302768325,3792
106.15430341348369,231.48008261340368,68.63657139743937,157.5932454035792,1890
126.9973636855462,232.00931090755515,52.03026109799958,143.59481480403153,1398
176.8421071117242,270.03851331432935,61.62094221721884,146.71693109321296,3592
188.50153245472586,211.37430194137244,94.4535462744082,177.87975558471294,3954
122.1527151902367,282.9068646216091,90.89871719478587,121.99221848256674,2682
146.35478392589218,276.1007290185914,78.74266564670489,139.6529302831234,3729
147.03240479372064,218.6306918174274,73.31612319810634,195.7825384927949,1977
187.3575305759734,271.91643817788895,82.35713396650546,118.99857011860452,4797
176.27990528758056,266.8513181467822,73.31240639216507,129.3773595041867,1313
151.307721836805,274.81208001109263,82.215242035957,119.15669242859906,1227
167.07472004717732,218.89285554486946,65.3702049830079,102.04954963581356,3705
184.73550539093668,215.75903221564687,91.92486089557376,126.98299250416704,2169
100.9538954025545,223.6483985922754,85.09589467326333,104.64674459622391,4093
140.28900310500487,236.58717031489755,66.49878142138459,115.46851264066333,4672
190.72431672770787,279.3664981035801,91.53330574117206,136.26820700676146,4957
174.03130308439512,273.792393747885,74.36712654265895,102.07212170689583,3739
154.28413743340747,292.54515922785333,58.73194323687308,175.29565659307167,3347
152.96445270351336,205.86295590986154,53.88562310017633,179.55890137695468,1926
134.77700976044378,201.15562810141856,84.98028738186102,141.1413802418363,4336
152.05205336415145,269.9138829700799,93.25604021040053,198.46659793742694,4121
165.53831994634533,227.92874957941657,90.37209942972717,167.8993914807699,3789
141.83630384287932,233.40788955338175,82.78255151110758,174.3721747980749,4446
171.4153146392174,254.68020259145123,57.0687527802384,119.23004236661335,3108
186.1232227260386,210.24131231267984,54.70220379883268,183.74376228217136,4090
115.46848481848612,264.26944165480495,67.25148115058627,194.50463980215062,3355
145.15470228174246,232.514744623115,92.74554451993845,123.63101665737918,2846
140.8020091285081,263.27151243009916,98.0868135153332,168.646429438638,1536
168.74648040497283,283.40069130733855,62.06804274235356,174.69410486633313,4278
124.98674652579294,217.11113333374297,88.104783529086,130.51691718095492,4396
164.02509149522763,293.087309291452,78.69346084536028,147.50090025722963,1074
187.7489241731488,253.06881410624436,51.590368353897134,109.7539093580724,2676
141.81315997936227,292.2927765173968,77.145817496647,117.3094803959508,2441
191.101569997922,220.77300822017781,90.29702014946776,106.15705236471948,4399
199.31637389334784,260.45626646042376,63.80613916720132,156.01654905452938,4352
110.6092049947952,240.38871173236046,94.86808119852304,162.52628972772692,2626
123.30531879848587,277.4222191156013,61.81302034373184,191.61195834337332,4146
195.0379751482093,260.59089432132964,53.82365663220271,154.21848106236015,2599
195.83276864813868,249.45154569583184,57.9969654719782,126.06113708081,3641
109.77072753867586,291.29854064310086,91.85014343604593,105.94735465911188,4833
101.49985003771367,237.71170641716802,70.8652959519764,188.4953052750837,4721
116.11000232564223,221.99802048981815,89.84727818108288,147.88580785280533,1608
199.60127833822483,260.81011868520915,76.56165304947976,173.73219894423212,1611
117.99996166106868,262.40284371728137,74.02795623972158,101.4649348595589,2020
150.2547606722023,243.90946215718753,90.34565757462326,148.81389226644177,1784
184.84177264305112,248.66100436893822,71.17438058561879,132.57226231664987,1240
102.04016106882064,295.95534142998997,90.10163655331841,103.03312726138269,3052
160.44889822584594,273.26856913968015,55.03310824817228,177.56728070724583,2238
127.70254488696243,211.0601751482577,81.81554077696282,151.2901652893613,2602
186.23349164397314,221.2130070870611,85.12935282759923,133.3180242991131,3534
128.34611492640792,297.5576634435559,94.95486980708714,180.57984839073993,3404
168.67557202819089,272.6465553793531,61.21619593580975,144.69234518501665,1393
167.4219632447397,291.5045126144653,80.21099400464257,100.34979563683012,4226
122.149354885964,230.3861463988722,71.66282818446115,194.44476320383257,2414
103.47991998683501,274.18668600865925,69.13858277720145,125.56827404623854,1368
140.92495737853972,271.4002708523511,55.335677760597875,183.05755220633415,3076
128.91931519658698,229.46899854393752,56.71166652974711,181.6415384081273,2840
180.89777496137086,255.08163254507053,91.84942307238231,116.23739313607314,2446
180.0364188455345,262.7415111270295,87.4876716162781,147.40026812147767,4013
145.70239521926254,248.1131810827465,69.11705651455503,104.0198978498493,1008
160.6512225323219,282.7178706658013,91.42432906948154,135.4551672888462,4271
160.4259515986925,283.28690417979897,54.03830924117892,173.097884336962,4516
182.71581484276234,285.06005483015565,81.23869585165843,123.70694701103577,1333
142.50024141231975,280.3423569098163,93.40880263571441,111.712793074231,1949
127.5446679790509,248.80834771971445,91.94321155156247,150.7123550935009,3277
126.50349181405474,238.14382981490073,68.63913799709299,153.6986384373632,1392
153.61922792822043,283.1376283714371,87.26169265284946,167.5828931321158,2851
144.91482027322127,249.02014585562668,71.37340727599388,175.91377468025905,2331
144.01207709849362,224.6371398627982,92.00690821949746,169.58095312646552,4960
109.11373390897072,250.73435323222162,76.53809750775115,184.54122082948507,4402
171.86037406901954,214.1849821919242,88.24285245525206,122.29064642820398,1778
121.37366879819106,269.1629490598799,53.928579114583584,156.9766746216496,4431
119.69536302087214,233.59212816239062,79.50129858044315,136.00953574213253,2698
141.27583202773934,226.06587984474544,77.51420887346694,196.21123570016422,4658
122.77783416178013,295.6508746234745,80.498836086758,144.02795234148238,4875
158.38582673080154,277.68809957583073,84.7820803957795,195.97139331335566,4254
137.14633393344715,278.70695027239316,95.9054485017071,176.9065654059106,1386
144.89117225927902,262.37219692791837,89.28410408880156,171.8463862068699,3156
153.71693216040288,283.9172810510297,60.98189957174523,149.1563711921827,3386
120.35355224818048,275.9162481163381,91.2948134646048,144.33781342556023,4271
115.57516228655298,259.87737041336163,56.10398388075478,152.6548187518407,4252
188.04219028736048,296.11244018517175,81.10992928375347,129.3633062926953,4611
143.37237028314212,219.1594949684423,94.13769041229716,190.45099398384667,3612
141.2093609632539,294.3379718994751,55.05610271074519,179.43306552653664,2783
103.56121502728415,240.1438161998865,92.48463266551303,180.1395854325044,2845
149.79763025873933,252.83989834014866,89.93103671151228,143.31535954494362,4508
155.4169721611,212.2739319544309,75.18877169195353,107.10889482442171,3880
155.88408709546664,254.0107438921791,65.4448801147702,168.30773179262786,4892
170.70311693228842,261.1206751858193,70.27191140357719,137.4413583971412,4111
117.74818349910117,299.7701541808524,98.43290678501059,187.04303124508255,1221
125.22231342306188,297.51924110715265,60.08487780759232,178.03384384498634,3344
181.07304652304128,296.6397291874287,78.98021439149477,114.53281419897561,4749
194.7170616843394,234.83880601020573,54.16203739393419,160.17157305385143,2866
113.59327473673207,299.1266498745043,60.89465320945861,169.22139259271842,2052
149.76495545052182,245.5478151595111,88.16581940372603,156.81375798243613,1926
121.41762527395869,285.18362587619004,65.12995201802636,151.40421761552614,4772
106.00731683549824,221.6319969018972,99.28830352813674,122.78630750059412,2225
132.55033381261353,250.58331796566023,75.040852154692,123.59068444211843,4042
114.36876251842128,296.60120961276056,75.82696626538714,176.80081386425547,2831
170.99330734342465,294.70313969234275,51.815736966786766,101.86897855635571,4036
153.37254136714444,268.37348778214266,97.82633747886331,177.89100627055763,3532
114.38344709903109,279.78143225530596,58.7116720442209,152.67987365391392,1129
100.92415884055144,217.64266966024013,76.91702994052213,193.6222652384836,3095
180.81570490242126,272.16585494841576,69.78373049793657,199.7321547722923,4840
117.61944061642475,261.8050808335372,70.77923503723028,166.34845651089614,1826
160.6216642220766,209.15517357512462,82.16500830180541,141.2257194420137,4487
133.69219130767456,211.31590065896762,83.10443385462386,147.50859085606945,1599
158.54859383150355,210.84436177512617,57.714430742904845,120.42154276515078,1769
131.5653626982324,272.43569348298354,74.97933265609461,109.9234323991481,3618
108.69395606922542,214.17152082475724,89.52387245709284,157.8763393302135,4970
122.29500085577536,246.77322711144706,72.16432417761148,180.54950979666006,1456
118.80585664790756,235.69818058777577,58.290223541329006,126.17665177292132,2072
142.80193524396438,255.0504140770218,65.66084715783454,141.965281024535,3775
165.82837834261574,270.6476487219403,60.61897820525351,155.47736617769806,4147
126.38060749463575,268.4722537221332,56.290873395741855,190.78978199700572,4617
101.2069935300618,251.55199159143766,68.87905637176769,113.8631227662056,2271
151.8937364264757,246.43348736103854,77.04681215990375,123.68831687296627,2853
160.5759489358972,239.78155951222587,53.63757626383159,191.85304517857847,3337
196.28704940018096,286.19099483043794,80.19116861140917,103.95355931546918,1534
158.9470803093247,233.0851804872645,99.65122200848037,165.61156340598586,4602
147.11725593781418,225.9365821167495,98.20624660100418,163.95258832179516,3483
157.3401625897704,274.3315493655271,91.45867409995795,138.3254433632564,3875
192.7900629862027,235.97634616967264,63.31705564012015,146.8164679007118,2406
182.83781456016465,284.69985997572684,51.120379823968364,185.49179514805613,2119
132.2978733363808,232.78887186371446,91.67708514414255,116.49820633467792,3298
123.72543636571373,270.19448245745883,52.78601159893566,123.1567478278927,3288
126.26336123660737,204.51090062853362,60.28140407353852,151.23504114398904,3971
150.4421039715213,238.556288011032,77.22266077233922,140.974542300003,4929
174.40494512285778,234.32301749675514,58.91890195718218,157.43724975451835,1304
150.3219207182962,281.6678739275923,91.68941656493209,192.08391860937957,3604
106.77963958281126,296.705540322831,88.85798481299145,191.71020177378367,2611
172.3580700439981,246.08812766929614,87.78847528686248,123.00183397149917,2642
180.59701286709537,282.4836277153758,90.80638079487883,130.21446128488404,2017
128.94978651197198,269.9694700957365,60.985089013230606,116.206868129703,1990
166.41257392833504,296.7385987663693,86.44461880748747,192.77903714639262,2595
142.65919010543934,281.1108514342825,67.76407512958824,139.78641301981952,2463
188.91193557274428,207.74780659637304,83.34223797841997,144.9705144883677,2511
184.52255581607398,271.3281722382236,56.10108643155874,180.26407807774598,2521
152.54319983096423,253.54997154223736,85.27932900322574,151.2973472810292,3179
169.15055458135944,201.64360579323272,98.60538639503898,111.97554822215122,4473
188.33497010221038,225.13129587254437,52.180018265935814,143.78487094426967,4740
149.57170100782756,292.1755245026893,54.69144505835424,163.05240432786317,4054
131.3250740488822,292.6061372786753,56.18183836690069,171.92090877570365,1375
175.36661379095813,279.88504602006344,71.52819524706507,164.53518527828942,2958
122.00662547846918,298.1779603277989,64.53900924665268,111.91807192323633,4638
138.8531148006042,280.65452246242046,90.34600767703469,130.43445251618184,2721
186.57272371067938,201.02041872852453,73.68936196004807,173.3564644963215,1686
172.4422340269315,228.78343403015117,74.22686713442762,188.01901943360747,4614
140.3811005247499,203.0624182237763,85.85190506626768,104.71864150622598,1370
121.47445024083574,209.41079687375594,68.09844912678729,104.22291080699772,4483
135.59683908322364,221.8840816950776,67.66036237102318,164.34045293390625,1154
128.4104149227433,250.35585463255225,87.84631938137403,154.8046154163281,3292
117.60892879438539,284.75320034620177,89.00208729183824,115.5339050517714,3589
174.33329135656567,286.1966756157108,50.719938626640975,154.82915816969603,4632
125.20698868501715,261.62018585572963,57.18952379203665,197.4487343500851,1681
145.41674701677638,292.81759390662353,60.65490905742399,163.0900220396625,4146
138.5859446836109,250.0062326590208,67.58002343789381,144.91411560497187,4277
198.20773786356307,288.9036044133202,64.57240417159765,182.75324879395754,2859
139.10922441482205,245.40652563320123,83.42600241941383,121.28224856521516,4939
107.99824827967548,227.72250074218823,91.4067616901479,141.43264308269133,3944
108.9825752572084,291.6412918100428,59.604349117801206,152.77678918108472,4499
159.07537213530648,238.79350756788693,78.14900303009742,150.45398920507554,3918
159.93635517382657,250.34041088444616,68.39081255405179,192.09724692111524,2444
141.8758990482655,232.88606325306773,75.2888937523031,129.26681072466758,3720
143.18436923120296,266.283760029073,81.0378920891697,105.65037207296196,4220
105.39325828408712,299.5031225006036,94.67999093410056,191.6377204513742,1087
151.65465103892623,202.55135488647696,59.61463339136404,121.70676571383427,2529
150.47394753803516,289.9848006007102,54.350329352803016,137.90279739767072,4239
114.95493185569445,200.39260569892653,81.36059595226763,153.0891624518077,4260
110.38393861109276,236.4227881146211,69.70654243863132,197.58804705482135,4185
112.35724905994905,216.86068062895143,58.145134664649426,153.52684416285982,1012
110.10282464912585,275.73417806725513,55.854358367742236,144.77433065484792,3928
160.970819553676,205.06108407571736,77.9454893437015,158.36384795176468,4041
119.64826524029186,255.34849535843279,65.02352972640978,197.0808159917138,2701
125.14301521874634,229.49261338453127,99.8713189792989,181.79445987564404,2180
117.35721441514397,213.3670248864702,70.2950409665357,116.8968136311922,4252
195.7835304448503,277.18182121026405,60.61433043825913,180.3260014904209,1319
185.46174631518355,221.74168342552568,81.44245225586388,184.10990598038885,1291
123.04948373515208,222.3675212054939,62.212744484525345,169.06941039584663,2639
132.7566293922126,227.5076785137923,74.70430216155805,165.72334591672643,3670
120.98928423049972,258.6766763828027,74.12880918605038,144.0877000847804,1772
149.18759594608238,265.9665931690748,72.67788148578686,164.1695387119454,2683
101.96105324742535,201.7602523701345,89.80428481347874,173.75749721522578,2500
167.1368008896796,224.18696361137904,60.830650073309194,112.2820248074299,2674
152.31581498176416,243.09708425052827,95.2153652535235,125.73299601834357,3887
189.86389283011033,233.19769521612332,89.5670251606767,119.4081878966294,1923
116.43926843284142,288.41706585108864,66.65611821216619,184.1211836906014,2456
180.41092460611316,278.7708730886419,59.03012531400692,168.00025915317678,4240
179.19610144667158,262.58902155388273,63.97675122533707,145.07785395751765,3449
112.7181189216887,233.80424159970397,66.63181234545391,182.60557504884682,1157
139.85592241441276,270.067234484616,77.84665844035234,171.6781339992511,1383
117.0152641144517,284.36380128457944,52.318408440682504,191.35930815452969,1397
125.47205004575488,259.4830377358987,95.71795649260267,107.68069960979157,3103
126.32461748305444,278.4461466893379,54.93374283305555,150.91573815412352,2096
155.62363940257728,274.9104961399748,63.96366970500174,170.6747903576255,1969
141.14109317604655,257.17373111603223,55.46437189764833,120.74931868048458,3807
194.77328040063054,231.2183216821511,62.83364132628301,132.7126231971364,3520
112.63701419470051,274.57821580012717,91.88369093044042,141.89762513198266,4251
197.36921348501988,220.67963663576063,80.75879056916212,179.43256182705892,4674
123.0638640214264,277.9488346471534,61.36616125447404,149.35762010571952,1193
177.2873936381853,280.4546692142533,93.58792648996689,149.28700328477893,2730
133.89699261728214,282.2144879570373,90.03560296092424,143.08876185521453,3844
114.30813954173139,247.29159709784577,87.68246411607903,122.85890892963154,4455
185.788918524624,219.24807677704217,92.38163491928564,192.30715356127646,1759
130.88608992364632,209.97236000660686,80.98248407591575,131.78011206566754,2252
165.88554042268422,274.33612504879244,75.07186801056162,156.74656607699006,1794
156.64436850866267,288.6261384529813,68.69675130856947,114.87797355223066,3883
147.17563093908743,265.08383588369065,61.18820102038492,143.4243392099047,3722
149.5819472648539,214.41600603883697,77.87058288234473,190.38035161692176,2626
173.22379140922874,293.4896448517574,94.47461728570443,199.5465238510592,4794
108.77729141234406,298.91020145393196,79.69908944961625,136.1751856733467,3313
166.81806619579052,243.3378609934922,95.98034308603184,115.39905463143356,2662
189.5812101398579,259.48252892737713,67.84586847965818,131.4451526730395,3841
105.77881970198642,277.72285200016574,84.75689862637489,132.72417683870194,2094
114.06533392336668,273.63897900500444,82.43327362313207,164.45087942823176,1090
171.66319367020316,296.77871919334495,83.52169220313709,149.61567244945604,4677
143.72816482446177,211.48830910787888,82.25210061203964,176.84597282656304,4147
140.35486208136882,258.0724866142806,61.08273374685584,170.1303284497481,2639
113.69666345442359,269.1931419673092,57.17954491415745,125.13087239252462,3492
150.6770040717788,289.009842418767,98.93141281160294,178.42556898857782,4268
112.65453111963772,287.4109627718151,52.26475644212506,184.7461866914816,4255
147.66204563105404,297.79997935612903,73.38682435141351,159.83901897540017,1076
176.36152989616568,251.2078453937679,71.2540158570931,192.7667709248576,4519
125.82643578871635,283.07608668132264,68.00094791075381,178.29481227345502,2320
148.07861681797272,242.72817081273277,89.09919267883548,159.5395906873199,4459
199.20159693968355,242.23138778560323,87.2675144156258,190.616599731333,3369
168.6650423354037,225.3348364472859,95.26124617649702,160.0358480240539,3468
184.13567713051987,281.82372870192296,69.77437630934611,152.11911273373403,3593
141.48476065605456,298.58151058135155,78.20897639647299,135.62583404111027,2657
176.78609231258554,225.6341728347258,94.61535236710603,188.28633305944453,4377
104.05091729413218,205.61315880210722,99.69240314276922,112.27271708728216,1345
112.2911182542245,281.55424374190073,98.46471811826774,147.35027142174565,3762
120.30705929200622,262.0230052534756,85.8921935634367,153.7413331875022,4881
140.19519246152197,295.9698800551005,57.16137789050898,155.4749106769777,2664
184.57448783257632,225.22392190769523,51.15930058965133,165.18898304852434,4873
134.62660507879303,207.1027658001281,91.26091782014709,150.57956242538157,3772
165.46211935154628,249.24422608665014,92.04710122459127,125.6818147639927,1649
170.93142948034836,208.54660229651475,87.31804541317348,185.69443961394998,2284
158.61823540883415,226.17900011027075,63.996174299961005,165.75253278355285,2369
135.72419681701362,212.59778608191684,81.99089297992633,185.8187813710306,4755
157.70533417135442,222.41321796600786,65.8124220907637,127.60434909803767,3706
134.2265592789746,210.61446528213918,72.53241230504624,163.70568949028217,3196
108.3873738552012,295.39059994272856,69.12175424902553,171.41737450763952,2912
199.28039781860144,227.85627134497355,95.68200433950278,138.34051603678384,3465
112.71824536325109,244.38975859925654,61.70786653719378,181.22441182069014,4100
107.23483838360573,289.8611807634222,78.88054522868751,100.25087748422968,4685
187.85307492071558,267.7321587961474,68.04907645169295,159.49197502142215,2486
130.1834660892895,261.8037480561774,83.15355559571128,161.35684703521304,4879
165.02969740735077,270.5563190360837,78.22815705887375,153.38430930386355,2999
132.90057296622328,282.8822257105382,96.19888406829702,163.00484869194494,4954
139.14542707944713,287.7669267851761,55.08060758506066,116.72268570232703,1765
126.21129720167966,264.26396706650263,61.03204198783817,168.47814818023755,2809
134.30440057930102,289.0007274694058,88.3173981915528,133.57889628366652,4962
141.0700400586543,253.53975274254768,68.43934199474216,145.20537425759179,2584
172.0416069092343,227.72908562684233,58.289189311436196,133.31093639962688,4260
151.15361942347917,288.00767088838444,75.1660629622694,147.39362034994855,3112
194.35652171569768,254.14728274130871,82.60710308056932,162.15692265117477,2482
104.18803938387755,290.6137587567234,52.24133570767493,183.8343470895551,1675
150.3068322632028,204.01678139505813,64.58109446837224,148.3435057640221,3271
158.4224788831718,239.75157515412354,90.47112688480215,132.3223827603603,1475
192.0196986074274,294.7805018362468,76.01222833050971,148.79418789253845,1325
104.91585236214276,224.96500927583028,51.768960758666,168.88036640705155,4590
157.3499584935216,294.15362460384927,64.09755026373504,134.67007167257955,4644
185.36299285279568,295.390246112925,81.95703279897107,141.4282074723406,4263
124.19277281192366,288.21423142258607,59.967973478901236,156.28398170087365,4943
187.62923485239375,256.3668045093299,91.36957031097072,129.400926382735,3135
101.90434092742919,264.6939449080638,83.82879535418321,120.90846595444418,4529
173.245462913373,286.9616998449869,73.56895304738966,114.0392283863262,1157
193.3113221168653,277.58970823891843,95.78118905333925,135.26099831260743,2296
165.71976616400622,263.00938494554117,69.59003854623309,104.8342906438057,1939
143.9029243980448,298.2259407870703,61.75367052820427,158.34825267095016,4403
104.4881016472718,268.5676636333694,83.07014962633505,117.59093659975245,1281
192.01138133226289,297.54819924477613,78.66475937350742,137.7394792330043,1656
147.02962226915747,205.73884746070908,66.76239504656125,126.92228153983726,3210
102.8996744335948,213.89603707422125,67.18322806619886,163.03899663417494,4245
168.9821071328762,245.14588460004904,69.9105154317051,185.03456614668664,4179
148.1837253576258,238.4879460884315,64.55692837396846,163.3301042988345,1900
112.43453174424107,278.2734841357028,85.51207031804611,154.25049286733937,4372
121.42718093102596,216.06140264692038,82.56792025256027,166.9083739322042,1330
106.44906804558462,297.6095179111488,72.03888262731964,102.99906377601998,1143
157.42935397085736,231.5065875260914,69.89273378896186,112.28446609621197,4129
162.20294792520093,242.89237077401594,68.25256346798525,109.49272359710443,4369
150.57422983554443,227.47450324400228,64.17341606961267,109.8197165748784,4933
181.7102133002615,257.93636173265475,54.28483315785297,126.04837151965481,4259
186.10088213080135,205.8628700422584,63.410234276125024,153.20522603832052,3487
161.56243966831266,214.96775055704487,66.06006743465325,111.46815786567471,3535
101.27564797074305,274.5797703418724,77.38420031326717,193.51162411893893,2413
169.52296557477356,218.6500583404804,88.68942545390249,185.42568026544154,2043
141.79992169203516,223.55144515566627,69.78510724170158,197.1644353832982,2235
156.5557483226387,279.2982235724838,97.23784529260459,104.25000450884906,3583
164.90806020188845,209.33011783572536,91.36749817205812,185.14024470893162,4674
135.02366143270768,243.74738227708409,99.24009239418726,180.37340754414896,4010
191.7098505171794,202.3063386997227,93.81015205207409,190.21058646024605,3775
113.39748667497813,234.68073993179038,80.83629746546896,152.79441676598088,2587
167.15118072810372,269.89814026107547,79.92396439083595,178.78890707756733,1649
100.43595799565804,209.01032797172283,56.47630633771085,105.12868793426524,1664
192.46511054051808,288.833462677876,86.11996244457839,107.58777894839888,4291
111.25041332380916,290.9499042940716,80.01034287963357,111.85322409495882,4025
109.48842301475746,210.4990375125135,75.34660516979923,191.4788863298208,3921
133.30076330522442,299.07324363757766,84.66434362786444,106.11693493884489,1172
137.35662860390806,229.7529553395489,72.20239214189968,110.0149526699111,4021
121.43000723228786,208.4101671131606,76.19298312041431,193.04104026295272,3048
158.51216609271248,200.50671144972623,69.91761524016282,110.73925818322782,4539
144.29140980419635,240.85228957638626,85.8685446685345,186.97562987253738,4096
103.41755890410874,262.98099857061175,93.8305485273944,178.92707880622862,2227
131.96520622553007,233.2179249903313,92.04224695663012,104.02819885321543,3927
181.04329135731706,283.6717365474623,89.30126360247344,102.184739688963,2894
168.97015348618686,271.660627556505,50.68938522722755,153.43883835135932,2224
172.48708535798806,235.01615319680326,95.59402319387297,199.7175403766767,4976
169.81169240835237,273.43096666086046,63.743786036169695,187.88301600989865,1937
131.09730213830332,294.04877369692497,94.3986971481688,131.00254333712846,4262
109.96639220767759,209.30959985430172,59.84840515446882,138.63092341154035,3920
127.2467184033096,230.6103960157617,71.98228757123687,138.79059962381012,1408
183.17853001851591,246.33259391166933,87.46993971634569,173.41788159050148,4549
198.0470797783071,249.79901277547685,82.01394726385863,134.11327526623836,4375
149.38470147415615,254.21956448860738,70.79609690147149,114.77970613752608,3791
100.97003549230422,230.06269065386485,83.93119283701392,174.71074085835505,4803
114.0044812134229,266.7259645982349,77.44747550233197,145.80156182451046,1577
132.2080575316266,264.508450352983,63.786815331776616,107.6778723686467,3008
157.858534859295,257.7821506271614,82.31647227485699,179.00522684920608,4607
107.5093645805314,211.37617217108766,60.21235431722617,158.5311263950229,1081
194.33572987098816,247.69678910959445,84.69941421295827,148.93693252687842,1602
136.50836732844007,235.62268874893755,50.15554388116214,167.33431671472798,4755
191.2584217924823,249.10384698381228,77.43862568808848,150.53676828203663,2975
178.05218027570217,292.1866435515026,70.05338137780706,164.8420147988499,3594
175.5437272515581,248.05313431584082,65.15518869009736,186.74885453653218,4617
160.6719579782232,201.39807918395118,75.78539836173188,161.35143681111253,4333
162.67838170518445,243.8836738084131,82.2655816267944,165.9600497854275,3224
163.80032352162482,282.0648180049382,98.26561331067325,161.38560694206745,3703
162.8721387025582,278.0060923218168,91.65322449440488,153.11797776332966,2238
155.37282313983613,251.3390073528181,85.85749415419053,117.19724109754716,1987
198.6414018482889,224.97690128593152,73.94834558395732,133.56776435588654,1140
173.2290567425696,246.50886629145452,69.60720598321771,169.3108967358122,3315
177.69463883925212,256.3702219418192,51.62648272929986,142.54761067017773,1138
187.24628150836742,299.9871438274134,67.9548451529524,140.6129011911023,4118
121.56397627258491,264.4178090169377,92.41885693363082,175.9269284130558,2083
108.38041590950608,269.42649300626135,69.2012290988145,100.55688606236612,3608
148.28944365985987,249.1454143568052,73.07924995310732,167.89944802453385,2587
151.40806956192733,235.448955078253,63.591721201245235,148.92265104900153,2084
182.91817799499177,281.2952983647206,63.70663794066834,137.6762581246352,2749
144.37835792823358,249.49323243392362,53.09358804458742,134.05366115735896,4166
157.08530255443128,299.46901299645253,80.69019628099004,117.28754953151696,2655
152.70709385134583,245.7120574268044,72.40347015226732,133.42520827486032,4546
103.82027837573911,206.80002836475774,80.29804037453974,139.1418472110373,3778
161.52148965969138,268.25781370900825,77.34434500144263,143.7448919424835,1039
182.80432857742522,204.6641450925811,89.94222936485875,167.23006386775273,2369
115.75005480758038,225.05015968847033,87.55059561557363,145.3571019423005,2350
159.43317339265957,235.37382527799033,88.57269265689396,179.62843042233504,2994
159.36105444464144,273.94835856213274,74.96195034708379,163.97379973783745,3484
116.41849640563588,249.42359264076129,67.69406756769652,118.95970794940894,2852
112.3463573730736,202.86459313102566,96.67182952664764,127.71731727705135,3453
198.00519429764847,261.6849851275922,52.7134886858277,107.92491864413854,1743
139.37191696530374,241.14362374266625,57.631065392511516,194.57217549233224,4282
122.74217287235292,292.1834509967107,70.97995460883199,188.65504812292664,1037
117.1324544454375,249.95623111402352,80.69788262840055,108.47962254509372,3515
166.7601713583235,270.8975145939339,50.410018740336085,157.407601584746,3364
160.9445297327279,221.8868492329547,85.96614096555709,196.04018188608185,4282
164.35521229874175,276.09735645316533,77.93632713949575,174.71427899461557,2106
108.80060275114522,272.0955310483672,74.23513793384626,149.18121939706725,4427
189.3534583498437,290.40817085413084,71.17475194139341,124.11029889066349,1629
138.92663968090483,203.38216417191992,75.97435158703122,127.90370750812956,1814
131.3369406430358,244.75006976174512,58.08928672408738,173.62379546713606,1538
146.2361447247739,267.915540273963,55.435586963849126,178.05752732438467,3256
139.00660657476283,209.51639000802152,64.48187393759193,152.86933243514326,4985
186.3577003139146,241.06040671489126,85.47523959926623,112.09487015167048,2660
192.9260975197892,294.2146603066195,79.41439419177482,193.38683736265946,4347
130.34532164496062,243.59344908911282,74.00615088095063,184.47627345667348,1491
186.39358074599548,298.5404783480632,78.57604829479801,114.05387790274229,3345
178.1523129533067,205.68390610798195,77.96290065196716,105.67275836288522,4880
193.08076723447618,271.78297761408913,65.35209627449626,153.58676827497337,1583
124.57503121858878,258.10162362482697,54.87279736223629,128.4142617729526,1057
157.6959150120979,250.05396771321256,94.83911843315252,128.3249709414568,4367
127.45445847404446,297.08474014850094,79.99556313119572,108.72215927504118,2482
182.4094490484374,212.96504004911287,84.88739998404259,195.33858352713872,2654
100.53241905710642,289.59989516809134,73.19986121834776,183.01664596598445,2949
156.4819162886396,269.124041113661,87.82402899882813,111.38345918759168,3443
133.9203431271918,225.89960732996326,79.22486319893336,187.65987676508303,2397
132.26837070778203,290.16691456322934,52.69005610485951,168.2956055963137,4133
164.4906323864917,242.92949178610132,94.50485176968456,132.54411318286088,4517
185.1484449313994,281.42273280730706,65.27680733939434,187.12505544151318,3134
160.9195391393326,238.88365170474,56.89453887106677,159.80221877819582,2861
185.31729786467224,285.0930827433241,54.40205038521579,184.8669844334386,1610
126.459711188103,263.6629118445049,86.02201569210554,146.92679244872522,4470
151.95018547649812,214.1046633583727,85.19841834021798,150.06510401618274,2147
145.0536539067076,264.96631634695274,85.00810624066354,129.1010029410956,3021
101.16448995030962,219.13447627018726,95.78763863407829,138.76926919447084,4590
155.681214314074,241.19226278941628,67.44715109988257,156.77520691282214,1645
166.1524324146175,217.02955842520336,78.05665281794616,194.70592237086174,3330
159.191440441907,202.20161156671185,80.97477914971748,160.01177599681347,3561
173.62798987834213,221.18865394499574,98.97409142832313,114.73781917803936,3949
157.1339528453077,253.63720237241256,65.61730718592959,100.69961854764867,1828
106.6750254850757,248.1560967777346,97.81655999519703,185.098785550868,2695
111.64455240847114,250.14970955360639,57.43671665411907,136.4325423366153,3204
159.64745775439525,224.76868784466012,88.2000728013921,131.4965939639833,3273
127.49791919736401,268.51612006141863,81.64429500102064,180.07311229423817,3880
107.96451290347659,270.4263286820346,90.84480186359937,194.53642990898356,2678
142.96027434485467,235.79678255596656,51.43427868199236,174.80450883519563,4465
155.43225980836553,288.1170088474174,53.90655214695279,117.38473129114323,1265
132.87459883496066,264.4023216635548,53.484788978457296,139.13782935910422,2289
172.04337022257778,271.3039275258632,79.64797277486439,175.93985524347406,4620
164.37706081012448,227.73399179389395,80.1468033787769,190.69258146705732,2311
133.2818361091672,200.06116351555872,95.30524446774882,199.86000639496604,2315
175.48725289085604,286.5375612102109,73.38017572592224,151.15609071381857,4391
164.86950425330355,282.2424384579808,53.402452750248194,182.25248183419498,1472
163.74453787179021,212.31918880428302,60.47647008112577,104.6631642777384,3446
155.3427700787068,237.41051349563065,50.403654740892144,128.5824749754968,2096
101.13896680885529,266.13393083885825,88.83572625642026,137.15134033474894,3575
169.6507183476889,265.2110857218728,90.77997184403873,197.5523845281894,2896
137.60417911091565,286.03503348085565,99.8970208142068,100.33936482148606,4154
194.26097101586555,214.02681616354286,70.60972245265472,130.8020737762593,3221
181.79847710772054,242.99397477851187,50.96491877007963,193.04122596129037,1889
158.76944695313122,209.72244179264248,61.73649407451861,130.66782350440113,4499
125.21819818192694,238.95952484386282,79.3884433831648,122.50667658145768,2611
120.37173932776666,201.51074455877043,98.09714835263682,173.00885114359835,3338
134.0384837677549,289.8273065110127,55.17892757353972,174.53388929998653,1380
147.65679435800186,252.70439968286811,56.07865100803714,147.21778826475085,3610
129.6065510038947,284.98022608023535,85.08794926394715,194.69174698654234,4434
151.4929495392483,205.99047010033638,83.36035275107747,120.27070795418419,1185
116.53704255131859,222.74581104729208,62.52531776559165,191.34158339795977,2028
197.77128128254998,225.93799952211805,90.65723955072595,175.55080765252956,4333
110.79245549649939,238.6691494638788,56.438937773873164,136.82083408540473,3226
193.1944139654372,280.2866372397546,96.287092238838,180.6908619723374,4213
191.3578011402695,238.65578737314928,60.05159651662107,113.3202176413754,2291
152.5360481819498,220.4653529646327,54.06761863615025,113.09824931932273,3673
172.49102718360842,206.49902603387685,66.97610432369274,192.9937203247406,3517
143.6048297972588,207.94917483526874,59.392064426727245,109.47805078454117,2004
163.0034577542438,276.00472059609774,76.34706125180165,100.40796068494046,4763
134.05759374211186,244.4802991036633,84.3423268685863,138.9030491584902,4048
130.11590197854454,272.6181122000015,74.54607892391456,110.38509744321277,4953
157.82297861695136,268.22871217636975,83.03036659054888,186.30364932442512,2091
149.81296741839805,213.53624617602577,68.24602571999922,192.26935134429328,3154
157.9536369149981,214.28879341922672,51.396129861931996,148.24263643564126,3618
128.6660581287023,275.53420154341336,98.70320621125745,142.54715330100368,4857
136.69578318169954,272.1268293485417,90.97067522699976,153.9039276944092,4508
108.38979606289092,237.80307668743103,53.670941204231404,122.61946248449863,4102
105.22763722722057,207.742226333284,72.45881980781672,129.7965861420336,4618
125.34571296730162,201.20980216984523,81.75095350359373,110.09771704840048,4843
107.42468593305458,228.8156949461745,59.529713528631895,144.64500911113635,1520
110.37747086347407,200.9222273587227,78.89943056813857,161.16916225336593,2644
181.2928405393937,223.00726211037033,76.68243090588436,193.02237343916022,1654
103.88736970166893,241.95007402113384,60.41325942673524,173.90731706267582,1041
165.89427939347428,212.14157653119543,57.06051546387266,172.30637335531867,4258
127.25577488154005,210.42777578315463,87.94811448093188,130.7998962094102,3644
187.15456807081264,289.64374357187364,66.12932230748169,188.82932975100445,3911
148.49922845774995,258.5470029022889,62.20202669211217,194.69556966799976,4784
130.55764593278258,293.4455686762781,86.89391764029943,193.2262936542037,4951
151.76389356894344,234.58261637856793,86.80343460114909,103.8803026524385,2823
138.1958019045269,267.7144937329163,63.82008281681146,160.43506363040217,1847
156.43010646698303,220.46916746217903,93.62842306259269,164.3225105725295,2324
111.45328683263483,261.8340317279941,84.41250825361712,129.50651602165036,3308
199.6990502812551,212.95857300099846,67.2882108910769,199.241218315793,2513
142.55558776967175,200.20806391762858,71.37448250923295,129.1187458818559,1670
134.82306397073688,293.1531801409579,86.3354842965309,121.66116581810557,4736
171.0209848316265,255.48943761752093,60.579191644774596,148.41456504431918,3743
136.38994064953323,292.69406627820393,73.4380396237612,132.31473797703435,2280
183.32743050287576,233.3831523702072,82.67791711290498,192.40294598699444,1828
145.42707243604252,232.77860691617568,76.97492740043566,144.00767313147728,4138
171.9558413265435,240.06550017730316,80.41641729522466,141.01495546725835,4796
110.74532164418865,270.60409839581683,77.31062497383898,162.58621301085,1219
184.61191855551118,256.5808634186174,59.961372189501006,108.11146712511234,4394
173.571798677811,292.5354907099118,70.51026724863107,175.67329468165218,1863
121.17167784619657,202.54409011324393,76.59927477387728,176.83988218048714,4807
114.52860097457867,270.8195937972537,89.00313711729731,147.40258347276676,3032
131.62923487256245,233.03276893665543,82.69521185847714,195.56979410004283,2629
197.60705860319044,218.02336518184612,71.32954725929673,157.93391107957478,4130
125.68315745670586,251.0395622520099,98.71999160795727,169.52364542449908,4249
145.6127208946633,250.5063784179996,55.389776083986256,192.43449555031015,1460
103.00202257173363,213.70110286884284,60.34024342774842,166.63453434247924,1289
139.72275295662325,220.189605613289,67.0656305015832,143.1826007725547,2135
157.13200154331028,240.8164664901555,61.42860384939551,102.47711756331483,4395
195.3124612507965,240.88114123923154,81.27209984030057,172.82993156318093,3229
151.67360449400644,231.75581396196847,51.977536466812765,196.4866011601045,3513
181.91073261776876,214.85451515099808,58.871839213670796,147.0235123535994,1223
154.71276425689007,200.43736791009795,64.66736188293022,133.9768637788264,3445
104.0785013435518,297.02350624280206,84.16728875396583,151.92594264137784,4231
131.50082751897742,294.3499229703927,93.7932441290564,172.84372056846593,1453
157.5549507831103,248.3650379176135,89.92458852765273,100.06904744820493,1362
195.05939659311244,299.5051753275006,59.104046662512744,188.72117227318535,3046
185.91303597512334,267.3654330782243,78.27028792205346,188.63628596783218,2872
122.83556141788476,206.88575376075414,51.50113226723436,154.12979336087088,3823
122.01098300191634,211.77181990826273,65.52683876764306,112.2378766175608,3722
120.11729671139008,291.61108438696374,90.29918974141634,167.18057946136213,2815
192.24988963025032,263.00522021496283,72.83328568716698,113.78456629633133,1002
185.26661531017209,284.3183626657351,57.49706611379173,150.75471514326807,1592
177.48834322529487,289.8269649633844,71.92766907441563,109.3629971981117,4875
139.27351142242276,244.79420112823863,59.90164627311141,158.90653382975012,1690
150.4380704298767,204.8525951576693,69.65957289319815,131.80693251179872,2383
146.4331744795153,218.8280348897322,74.39167363739217,183.09914147375028,1848
125.33981075593726,206.6571947302435,67.47790562555141,179.99461262084148,2976
150.5028046148767,218.87398456985073,96.84844752169305,199.8473875474441,4386
103.04965478527545,241.05329264558767,78.12651487781909,125.75031747043647,1605
113.18103734974592,211.81968105149855,92.14463369734483,106.18010927795804,1728
188.65895961689463,216.67332478053433,88.03642735277901,144.3003265148845,3069
175.16797670314233,244.5821782071679,83.05831546338882,108.34033349665708,3468
142.28684090590872,234.01709503884896,74.84443741512911,117.84997150657631,2994
151.71503622838773,246.7658124188041,50.10868918907938,159.73001413615523,2149
136.99988859599773,242.91720277590622,80.6733800276042,159.21308513442986,4851
174.07798671606724,264.44780259798836,67.79787265012489,104.33274777296904,2428
178.41871792320796,293.7189548875855,55.88810834006594,144.29047514182787,2678
176.32851902031592,210.78643384442424,72.23131318060388,153.02186928672415,3315
172.26117248344497,209.92601493091948,86.77766611416524,126.80242378199867,4925
120.45043386927958,285.2806111090902,98.0838897349352,187.2043181875494,3662
133.79699792404787,250.6396704652459,68.7052445561041,116.1098647646422,3615
146.9845434983675,276.6405023568442,77.13616493524884,125.39018050062144,1738
133.07929914276556,221.54219036072814,92.56221916817924,115.6994415032753,2129
175.49402001583292,282.8862573167552,66.69997099750074,111.6546633870558,1655
132.93535242499547,292.3846624192696,57.11286224854077,187.8979184007126,3592
113.82320867853372,263.54830155464884,64.09409156163446,127.78591650699819,4700
139.90404520483042,210.58790214738022,94.9561414904194,172.25240194678562,3218
197.99144327823802,289.5294814156339,57.969655423091886,142.798235972525,3352
122.58814129335758,279.24877273700713,66.4610530503391,163.5873480733917,3381
161.21586589432292,275.08777765144896,73.23201552501703,192.81761961722094,4089
143.29730498397063,203.67281889059154,92.355661174546,184.46078670432496,4819
107.10245676493267,279.89625252569715,96.88566418264872,106.89863924202379,3447
148.78766059980595,213.7951010468357,71.29051548166274,184.52025352792177,4239
170.21643286483123,222.23861761968885,96.59770241767578,145.18235152806972,4010
151.32199758278188,257.7134834869257,58.07295474288773,135.01457268798853,1874
187.2106063746581,226.4980772916883,57.84261459481852,167.23879254616284,4005
128.89370166575827,266.134820631192,97.46254098173989,195.0207873099248,3905
108.6249171303965,260.80704476990815,75.48400667641656,109.41354975881374,1334
193.6565611658006,210.81495980132627,59.295391767697694,176.8077030250239,2891
137.8196349528219,265.60145795915065,74.39951852877809,120.35080307579554,2178
157.64055514536335,292.395490982493,89.16055776895257,138.01361228269988,3799
179.2003126130196,216.11099051858332,91.34601828617619,187.382301626325,1629
132.43136638755806,259.70620209428876,93.19846283246211,154.57991840123395,3423
171.6164538177611,234.1865371936694,78.47854515437092,106.74566479504263,2918
113.5418849817828,245.96116717736038,93.34730071839402,150.80485501367383,1080
129.12937472055052,228.700017907897,75.50151044016273,178.96419016414242,1909
114.47106361365199,235.41306363476951,80.35299511955387,152.88805877655932,1449
181.12305584013578,202.89118232665572,87.93599011358226,116.68892389790523,4070
122.26492352267854,298.15517379172206,71.27176463552543,144.50410750575318,3970
171.74035554052102,262.47999220727485,53.67907435693874,192.43453680396493,2333
194.32983972456526,250.07055904938852,67.50831784288488,165.8203990094113,2879
152.7772209068877,238.37153495003267,81.19721083979802,172.98865065085892,2979
154.00291922606877,253.93745588240276,59.616618481973845,178.59365074494502,1679
146.1033568097812,238.01059987158038,57.419268174982,109.06934241933348,3732
132.58901433936427,235.99079274936733,64.65402722957188,158.15365592699638,4426
147.56550309249172,246.3946541722013,51.60557311389107,137.5915193185308,4395
160.28075322667593,227.5983033671191,87.171144904346,113.91591636720972,1729
198.59915721706594,218.00498999667855,62.93578010941694,120.27095583040239,4299
193.77645593182243,255.66058981802934,56.211919831829974,178.11604737247345,4011
186.2152958293122,284.2765436150301,84.95647079817176,116.14891052897728,3238
188.91305357048583,215.28281777258923,92.1464006271644,131.24186072217194,4809
146.7849183292043,203.27343406042186,50.99377979308892,128.48733382630815,4020
165.74443271774646,224.68117451540363,61.67998853706124,104.86303639145676,2013
189.50667229362142,297.9720643453811,97.26161624347917,146.21584492393586,1679
139.2950764991353,282.87580737433393,69.26270679663877,176.59298421692085,2320
196.17624783454687,259.58660535285964,96.92960316909657,102.21526327488996,3236
141.5786062069183,292.9248915243136,63.71062691853387,111.25514504798961,4264
160.10826653932156,244.52791168372445,60.9033817785966,172.01866795975678,1512
170.98047132723718,298.3280602575174,60.705420586399796,159.35809906729136,2032
195.05920130759384,229.6302045119284,54.261433021246916,171.5247614048682,1586
124.46162740522661,224.0305749515939,94.82161442545629,123.01039548771385,1847
174.61309782386422,263.8048201147011,98.99175113164506,180.3768783297405,3908
152.0815586144082,237.81539679503604,97.7254403635819,147.98710601102766,4043
126.85571406206411,262.6365541976258,92.6014069913637,161.03019741788572,3190
177.66068397963906,230.4995518302686,92.34439538254875,109.21534172008363,2850
155.22222801738465,261.7918256837991,83.05427335844938,120.50315833598214,3534
166.09738206496758,227.57462605850364,91.31068559753068,177.33578816103082,3241
132.2901068577901,205.097206881889,60.41711821715239,122.39084411887785,3569
148.1273951827605,291.21359019231835,69.39563151935643,109.25298275214587,4504
161.7354250988067,288.32052018734623,82.04181466473739,159.72032822521004,4210
140.4910814269844,297.0798149272672,93.73856662807981,154.7936516161733,2053
119.83725398477013,271.65271762214047,83.02347311843918,160.7893928983293,2302
196.16404923153038,268.2721177735303,91.9510979167103,161.83054963630912,1789
151.14675400426174,255.90030700748306,73.69747579246487,150.01973458645037,2065
173.39203702877006,212.59424163525227,85.86518688525221,149.37739205686557,4299
141.10471935560582,218.923531094927,98.99904031875434,192.41655652894624,4868
135.51317640257162,228.94696886725362,57.67442785648789,153.38817248797403,2964
140.71642984671251,289.01563625733945,96.3460346157945,161.7300202413859,2503
140.919664378565,217.29695246030752,76.11819739209514,126.69693919387446,1416
154.41801159419535,292.28731744878905,82.1609015365029,187.1093200802191,4272
154.34698699813632,252.27857330514172,93.89345034552564,102.43680926591632,2344
149.71538158828716,271.5569635473072,70.48270862761585,155.72267622977745,4793
113.4785784917438,211.02444866805666,70.93462874450253,138.38502951981087,3737
149.60754785005312,226.90335487759108,76.35909181735502,160.39041955604768,3415
116.91039004206515,295.85186081814265,50.95510422484253,136.01720497713802,3645
112.61357862957652,226.61499469297314,74.83330904716755,171.7687911717647,3607
193.26457173411677,229.65217203911462,64.55436324971151,102.03314429734309,1804
160.49500131477043,219.75973848410794,96.39770911958907,140.5889438769143,3765
165.94900581245844,212.90736653068296,54.38676493765156,183.12635997424138,4925
140.17936703333638,223.3257641453998,72.96602310099009,125.02007177794358,2952
190.8980891914864,264.23268919507984,97.37340851886805,105.27508783803219,2925
163.79304895796656,245.53677335035636,95.05176251592388,149.65240745651687,3906
176.91698695235874,255.37558363378986,85.0674221187275,197.653346052679,4397
136.85624690277137,212.23648287660242,79.46805259980374,106.41585615351366,1822
196.00118808191255,280.21164471629004,64.036546856642,107.00564927497933,2963
182.0461290158315,278.4094700579848,68.34785563762274,159.51165649466782,2841
185.39484630145438,202.15899111426754,54.50674323770636,125.00677128781291,1309
117.21942674257542,238.3515094510305,89.30541488791188,141.02312336372253,1702
127.09632078712195,206.8770601971148,66.19348839519058,183.0507152999391,2384
128.5626599683577,279.2105779414958,83.38909495151037,119.88486841825164,3575
127.09092232468711,273.7269683125704,67.87973885993067,171.9299936981433,3687
185.5408162104288,290.1988094293156,73.21652206981314,150.44855132675565,4374
103.1884795208592,223.64039589531146,77.75012361881974,190.49576924142718,1696
107.60999889807744,245.6295883127799,90.09262041953018,197.29620002935638,4713
127.39148706299036,218.44878771643977,60.55781887703402,148.4960785653396,4748
119.98729746494436,237.12349344741193,69.93826934149283,158.46470591154667,1604
123.18596138828484,252.2243251566884,56.50407859459088,174.58425407375535,4350
179.79431892533,205.3330789838589,53.788025246062965,131.8674141872005,4796
156.3126593892047,271.4870410677385,80.2337178084396,122.67403505232468,3700
100.5770661292968,254.3293360371075,59.454552217945135,196.46851724430053,2650
142.93227657041953,282.89590172106733,52.98996709630494,143.2615391219578,1320
140.7884926850359,227.17805011911972,94.85489656032027,100.15908265157736,4548
111.39452694445436,290.3321105269255,76.71572098926978,183.77182985250835,1303
167.61417886014573,299.86942530304435,56.731410370149234,159.96641612910855,1518
170.2097188379491,291.92984383776746,52.67130637237749,116.85585627203041,1926
172.08932190520977,277.7892475833154,55.993002670682806,103.0139693177079,1940
172.8470945558592,281.2368802873781,73.56686201603071,129.1482431041731,4127
100.00528269322967,257.37442425445863,83.42326275844488,192.78870954736647,3239
195.39208038467223,219.01538629126105,82.06400374930229,193.34911700356122,3069
181.4208767054663,267.70406851477173,57.22115431322493,131.1003486302118,3878
190.3981696589285,271.2753002059932,81.67444759188544,183.59309928207168,1079
101.56432953074341,298.53851402679055,70.24328121087997,144.18453232570957,2307
193.38587957857393,254.13013162563217,73.23718921497326,165.43447491365944,3475
180.97885286881046,227.13690150250565,90.07152031226585,133.44438758710902,1102
183.72191429586985,268.36725217395065,66.62496863398192,151.5972596270985,1728
109.32873847219685,297.93758196664544,57.34995235816769,129.37794465503265,1141
173.87780289185977,217.72139082690938,93.67265667831703,106.11143623564627,4057
195.9916689642091,232.59979185356028,60.6065287933169,113.93781861915389,4668
167.85473414181607,254.1880953772681,64.70149352773214,129.06744944732372,3450
157.05614046246063,217.02146348820048,85.32950294513111,197.625378397613,1955
194.5629677748997,202.22206395199385,84.17751585288036,196.56721502499917,4660
144.2937121734436,233.69831224412508,90.02000106419143,182.76633424845312,1769
159.92935663104788,286.5370801501058,59.193332072397055,123.2506051096087,1818
147.6338293494366,204.3468399323715,67.61399466571017,144.16021405418226,1739
193.2846221360299,242.89290590169173,56.29416194781305,143.97828384907044,2613
107.60847267655072,276.22007729260827,77.05195735843022,138.69732448181838,1161
150.1119700825348,295.31825969108854,64.62852962693506,104.48803050897456,1593
168.69524413854384,298.5475399004432,84.44678205042814,153.45273742243177,3263
179.1906538422237,242.19693806087417,50.017218399227055,107.28119921248609,4549
158.30186474441365,295.03842943791176,52.984149922978965,180.19186807179437,1562
190.8917744121454,203.54189732808638,71.62801502596717,169.13071428447816,1914
194.19914468838715,274.59169379985565,97.90920779877843,135.27370066435347,2699
106.43192231935835,264.2746034633613,94.54256936795915,164.7136382212463,3298
140.23705395413742,224.95218575861523,99.70045140309915,123.30370065590981,1724
102.34590217211544,250.7318500679649,70.84151124320225,126.52500649566323,4794
132.94166573744428,212.95537377604956,52.32842431368758,131.4133516925405,2909
153.68682179706022,287.1597150951561,65.29780710098812,179.701159993533,2433
191.07949305099487,235.7898085545648,83.78854260869758,121.06913468460846,3722
184.65543224654027,262.60444704657164,56.758190488370765,156.27812274860386,2342
112.74997266719858,215.87762862872623,64.99860893800005,120.0467114421485,2895
109.30303747408956,220.6164844631207,52.80830822724293,128.50374250624148,1387
158.9267338756667,299.19563708031524,73.74835191951172,123.54812929864913,3132
153.21179724587827,275.30863944413295,60.4460338847544,164.50046710732857,3562
126.63776414300239,296.1971869774071,54.56240134495012,152.67289444557804,1004
189.94530845538353,229.5851165212044,70.56079047412395,172.12991459055533,3282
192.73664094615535,216.45628766198203,67.56127021870775,121.99434373329858,4484
140.26114383401625,250.3068463478831,76.87588684727461,100.91485357260372,1374
189.03025571135203,249.46682822273434,87.45193276568196,168.0509567130335,3322
138.39488942629725,217.49465137579878,55.62843682132526,111.4853958495076,2394
173.68168318297,273.321956958141,89.55627951050042,124.6305224423956,1912
147.5942217547724,236.1777534438734,51.314498993759,130.56861524612228,4873
112.2583156507183,218.63652309305172,72.15509512479238,174.6802092290868,2555
192.79342012370216,233.19833945432885,79.3715143442941,162.5891810657427,1923
145.40965933775365,256.3658699635015,97.84993365698988,118.42654365258288,1840
173.44870403224036,272.64709321804435,78.69615134348248,159.78878106197416,2730
136.71738144312923,248.18908860574845,57.93745966356943,170.81479951106118,2417
101.88808785762346,252.55949898283734,75.87709026719546,138.88972027901715,3708
110.05303586918359,213.89459359427485,69.7891973595708,124.5952914027852,1627
149.62194794899244,291.4690924708232,73.96777838001219,167.8982772914789,3051
168.99643571263624,292.8724197992044,59.85485073295436,161.08912001414973,3581
133.4735326579279,268.3426590418004,75.0413521155636,107.79121584708201,4910
169.54884591776505,201.76314089340246,57.50198821454384,166.66796402337542,2725
169.86355894319559,253.70742159033261,87.2021540345435,148.85179328352987,2547
170.39359073278308,262.92189720886137,79.6953130112799,175.33689569777275,4978
149.25218540205083,299.465422295811,53.92638457958917,119.07175418798268,3453
191.4886150121504,299.6066955194797,94.48072339644898,125.82164179013765,2436
148.91965179806155,285.76112353255576,80.81898023078192,154.33127390975213,4260
145.02651934966383,206.38309920261136,65.80535275639157,148.1733527892199,3364
119.9380819010627,295.32763907787296,52.282119976365514,138.63653710564967,3586
130.76550873563366,261.2661247151999,81.61133478858164,174.60333144297888,4502
104.23344925183034,280.08867704791794,68.67201306741684,156.47515636282824,3387
163.353529361617,240.71928496858536,95.38090524392439,171.02718538941187,4725
124.85357439270929,231.96694712345897,51.74389163570873,115.32549623191157,1518
130.4155254485465,246.3244145483808,51.95512176711217,172.8988295145537,2934
177.08145216643211,214.6874512968827,97.46496434534677,146.1528108100292,2453
132.72211831614538,235.70661387533062,98.24369728397531,103.37679356845871,1923
124.21958920131422,285.76174997682784,51.38711133863193,123.44915539964991,2450
116.90577491337058,203.79504862608815,85.80166174706638,102.5756391740578,2545
177.4858402181956,215.08780468246044,61.07474261644202,145.68745219910437,1690
112.97062579900269,212.51161596494856,85.06963831430363,132.58797605550853,4586
145.37537602503534,240.30755427002282,93.43663983289917,198.74495599132513,1971
150.69301160771943,299.6986900890862,55.04157394311377,186.85041169568632,1972
168.73899126857145,217.33579302113827,61.9383208381021,182.5670860343149,3662
163.32834823329955,214.54826495992603,51.20388341632474,150.11165490312453,4371
181.07206729451747,291.50557297761543,52.19149227222204,180.7087499350767,4125
104.47514339262382,288.20505169659657,51.48089291088871,126.68696474627552,4233
129.64407247793972,203.22403699965545,90.03411782132073,156.06494678465248,4520
128.01341187753798,275.17059601793153,64.91463392153884,139.291806131941,4813
114.60169055921082,265.54657014764297,74.66057197859945,117.13419115227296,3904
128.9178253856443,276.77408098527087,89.39221317985081,107.26134313684041,3258
130.97653141429035,249.4502454795922,74.7471831353359,155.8218382971615,4864
152.18844619274782,299.1379218448296,71.4598031312298,109.76391348802062,1446
166.3704478926256,204.38470187109633,50.57866032447294,171.80030966859823,1069
138.1100513611814,223.43715864038057,78.40197512683781,192.14684787261558,2324
171.9470231313381,239.6545986973615,56.23715390685432,116.21061097115609,4139
133.616533857958,244.97779415657033,88.23241203955132,147.09385785102282,2817
129.02836773147604,292.1367402699519,62.88688619075098,173.8774593059825,3329
154.11880558570243,256.0004364077259,83.70937054043276,128.68396610330268,2177
102.37163603057905,204.51109955203938,82.31117639123397,192.07645196329372,3509
107.97891236340004,240.78629634256617,80.833780146501,188.8465558869911,4295
141.7969543586527,241.64904123690698,63.34760037685963,110.3754355729678,1367
194.29127113917565,296.54909384377845,63.35448885877841,102.73997715318401,2883
172.15117798434238,259.9197091021108,93.1524021720665,197.64584829794018,2212
108.81265695005578,263.56510711589385,50.64036663152135,195.6475024771131,3433
184.63180127808738,271.3253031251271,59.0761316726979,142.2285604465963,3088
173.2300770608181,277.00393156821235,80.50854588209926,105.05633241059724,1684
161.0946525702653,263.50510702024894,90.8523127201585,161.8875552746028,1980
182.02929606091772,223.71943511339356,67.91727543364293,129.34101073886563,2773
140.4109847742957,287.4045914341164,82.67217293054,193.6722986900554,3829
122.15010508538528,273.21198004106304,77.85782098101181,179.46619250543034,3724
151.20233891087594,274.1870485096956,53.227005224101774,164.95937841334435,4713
154.8841755593474,299.6556739234749,81.0875098465339,128.45038475135286,3564
153.8326372009912,280.2526534863316,90.69517361362468,170.12685794417175,4941
156.50737914801053,282.9151403155153,99.62241601497047,128.9168266759204,4201
194.8704918239181,295.14055157101586,51.48200363258614,103.7630984151876,2920
190.22456230962314,215.11339998488938,83.0029086291934,150.8434587620274,1687
187.57170365589394,249.7727376478068,70.72747765739811,148.8684544788691,4093
180.14168109086273,258.05670235907877,50.48939443531027,176.30059730262334,3088
194.34281072652854,232.92757292224576,80.71804718542558,186.56738823544447,1152
109.84946416794033,283.9403343894505,56.12136492778178,135.44684886942622,1557
126.51232614457395,276.2419621645723,68.92834250945683,144.9473010203671,4421
149.5055945654585,272.0883074508124,63.06835462442012,147.04004196445283,4080
184.6534493123405,299.7149439758167,68.05817011355497,132.42240843723795,2636
150.51657115227326,225.93813734083906,74.63477907504748,174.33869236251903,2070
174.8034739341589,273.5457251675421,67.96047662447572,152.21011852062995,3377
113.89599052489162,255.14044749059008,77.63659352947695,191.395577438864,4790
125.24138129765602,231.2989182493876,61.932484511642684,165.0310771895586,3800
173.17760950376726,216.05868707231258,81.76808837141908,121.18965588939724,1002
116.4734008887724,289.5883837067547,92.68815020624267,116.48086487470364,1775
135.13559346549266,259.54554827078454,61.20335234576062,137.2384337916292,4480
126.48662578135713,282.49338376407945,75.39386079278113,134.69265402569732,2059
134.98616942224785,254.5344984001545,82.43448922749442,140.71318248625101,3858
170.832404907797,221.99770806540195,78.2313065606708,118.3591070304442,1242
136.7847181142801,233.75488131003252,68.2824723096113,197.8222670026489,4821
155.52633226079402,238.15388424735465,82.10998540028741,114.57097728687289,4505
109.99318770544096,297.29348125037023,51.41231031050381,165.2648774224321,2854
180.50176932346278,200.56332783813826,68.49531159982165,101.30692350645899,2441
136.98886256481248,298.5666023024507,76.63061073205016,140.69610383190133,3266
164.85341590333422,298.0461635109831,51.03065794179324,130.91833990950363,3248
172.53896016618324,299.6150790530137,75.382441484215,138.20246377394184,1393
120.96609221117004,247.65881789196345,82.71272303828141,149.80773447731136,4610
188.467498495335,296.38089696209994,87.96038488565225,160.0375001524318,1600
161.6224251606953,239.55991818498273,55.66870407047152,158.35113447943002,3316
142.87251417514815,202.62944406683866,99.52824374458474,163.0713670121113,4890
118.23351835782195,222.43471863717645,80.30838506675478,184.45476825537907,1835
194.2300937901207,294.5296244937385,68.1596896306165,188.67171556146513,3171
175.50682041316253,201.37646933354,62.454642722835686,173.72503005607976,1399
120.80245627332488,254.5994135422975,78.64484308417073,107.8942242924404,3955
133.77107747242246,207.5601588894679,94.08558235832854,196.12923915099344,3328
180.96742580880732,228.63965784275786,76.02826980706824,194.73980863470462,2007
169.5677663215339,208.80928507118867,83.07360278024801,171.17037945453535,1766
176.57842927157242,285.95286211130565,67.88482197702801,151.7439071401924,1432
144.12011022129323,259.10707096477057,69.40761440444862,125.06183583358921,1399
171.64762626421668,290.21064657183126,64.3087552885946,175.6351139498876,3918
138.64937228639138,268.83531995402285,85.28186471841198,187.78601787162893,2025
121.12629169381964,297.10291312451,67.95937767082825,166.5187600889938,1328
163.267703484136,250.98776547604066,59.53582020206196,162.90726328617706,1634
197.6013925598794,263.8710581762875,68.4700285583119,119.30047045705862,2771
131.06009713953296,257.6308819889057,92.69136039163782,135.77965228941895,3430
146.09695922125397,248.42604294466128,86.91260217884617,172.3136222032512,2612
167.40013710698537,284.5959365423013,66.7320422231782,101.68987388512234,1077
154.1506282122488,264.452513567036,95.34044824183512,164.1264277188886,1331
184.34277957090492,280.13122648554724,53.74163175587335,176.6670301010248,3210
176.17427064695158,278.6363936602413,52.487689570682164,133.47044862707816,1149
105.8297203862357,219.10451606552954,56.37351773926206,107.6167769200789,3004
199.8421233923774,265.0163532517644,55.822737792930155,181.91193788839985,3607
175.24024537194674,219.96480191813342,54.391715750617024,114.18368294850228,3673
186.39033162941132,258.33204782437707,83.06713059989963,137.08011059697736,2528
165.11977120953463,267.74346844463,80.0421189827712,170.725410506778,3623
185.62851280467623,299.7235071587587,82.38027552908574,181.69859876514334,4010
111.23829749287094,203.05419781497383,84.41830270810149,186.23819184885159,1149
134.77378355593157,209.1242394113721,87.84398762403399,153.04171916111156,2608
187.64209436044928,207.70266963712314,60.35884637432052,147.58716964558656,4118
120.16552112668923,239.836128626674,81.11517566173998,184.83172770180298,4879
107.82420985800228,282.1588361485814,79.00243296681866,156.30770950474712,1361
178.81189399452188,284.4056332787136,97.18300129017368,157.8650728415231,2716
183.54861556432962,273.69795957211517,61.618386211982425,143.39733679938007,3421
116.26522181899006,289.68782418299475,52.93614671871657,137.28139719210395,3818
185.43459827827155,232.28599441694524,82.67475348572717,148.0540857289829,1094
168.67677955971698,208.81546442522992,87.00864201183559,136.48474936961273,4172
152.0082683216584,205.81530279898502,64.15980029037753,134.35464499692387,4461
183.0250192781385,285.21327196193863,78.54242154698345,199.3664342007894,4981
141.92492493189658,273.0436294353691,52.97680327670753,133.62134940718482,2618
119.39939562233972,269.8615306011121,98.00224205841445,125.63837475326672,4001
128.48526766106136,233.96763385456688,55.49624866495843,135.39240898426266,3129
150.51640182933147,237.99051886182264,53.37852680759978,159.0781340636106,1632
153.13307926731758,295.8113528899319,52.20550797473095,191.0990486623165,3950
180.55808264412337,206.3804744097935,71.36359532516764,178.78642501977612,4043
179.13527236523345,277.3731736937793,54.8579871728595,184.22411390757014,3460
158.1366557204575,230.9633323708393,87.23241204777877,185.90086106838578,3050
178.07854833654764,203.9054618412556,94.94370803132028,192.05283964468674,1012
119.1773458293671,274.2570110742456,63.010946616242855,123.50712329088799,1163
105.00645270932944,233.09118856783746,81.43865596256995,145.83660310374356,1616
187.36338226347002,272.21475187427967,52.11692235059089,138.51976665764465,2368
107.55544937627695,270.765438311812,69.32822358463977,138.18769946135004,4931
124.66884297439972,253.4786875433115,64.64710567138641,165.22836517021847,1165
169.53189496243846,277.73731292105487,61.43095482201794,140.18030603177434,4146
140.9447937627309,258.10383241712435,82.23617448143494,161.63303059172037,3107
187.6313969915509,228.66368528482607,56.511397317926814,138.2279363727808,2768
129.79797946622696,273.4115301064419,93.03552616484941,131.1128182724423,3429
101.18713466693593,258.91398158777235,83.24179531843674,135.30771784431806,4144
130.0655640560744,201.27272816899205,85.53675893440291,180.37570560137598,3837
157.80750491848318,290.16441777703096,96.7672154328834,160.1051036228891,1660
137.59383754032933,254.56436183243133,97.11864357512573,197.39977330166147,2146
153.48727557587551,286.8627265479532,77.58261619096179,183.26562263797325,1466
187.65981188350187,288.2736838982245,74.76899086429903,148.57806083340412,4360
191.24850542303685,244.49666567350886,66.7690804113455,124.23763350940759,1515
126.59740646541121,250.7659996451231,85.77858051012342,167.3909111455145,3528
146.21404732699006,241.5754387675602,76.91044434899065,172.66460273119355,3284
154.91440152414512,244.94367753080456,96.64375398700622,146.4175979791959,1719
194.9112456888247,289.5147158971728,61.93129743563027,122.99221324106907,1171
199.8617319164385,278.8144013967911,65.51263431252454,155.7238317863265,2408
123.54072488415267,212.6525676315578,65.80452237099844,125.38292523594467,2469
172.69798713458152,261.03077815400957,90.29992272783535,193.99983176304374,3254
137.8031062233195,299.59066403863426,54.95201659210762,162.88842480337195,2173
100.81081968862132,259.5550701232486,72.78245604944898,129.1930961669215,2759
100.92525224359024,278.58716255931057,71.37903684865236,121.57306883345245,1570
146.05660075622558,276.9061473381171,53.65698105068793,171.6723283385121,1804
148.83349130043348,235.03175258723286,70.53984992721736,170.7793280241753,2174
102.25696965734427,237.18493027039588,75.66889916419906,159.7132231508575,4744
168.69274167743026,272.4076421790403,53.25523462524566,161.43010251792214,1112
129.40033885949532,249.9983531604835,75.49310642223337,160.3869002825623,2255
155.98931015359494,257.0570709130388,97.96189523417006,136.01034468105172,2941
130.0919073165419,271.2905790364838,98.9457161580766,193.74144100074733,3535
116.71343148693072,277.757502703905,76.58398892949056,147.92784642629178,3430
140.71737385988752,227.15165777330714,75.75484663014795,102.03279001455898,4005
123.22733647905008,214.6793759436963,64.27540832081957,134.83613423883253,2397
153.4800976919168,229.17946467237252,99.85577358560508,113.02825786475995,1697
119.882853028648,250.75383250920754,63.7114585512613,136.33837910478834,2774
150.8405976644627,234.21413172970392,72.64506502199782,160.82624850357325,2270
115.73785148688675,256.8362758847594,50.146702890133824,102.26644745219241,4211
167.0974709485785,205.34657241256284,67.46161454545684,187.02005312278686,3671
175.3937684441424,250.97504116137674,53.57201503044119,161.03091184681756,4473
111.03942342499337,236.7984906937708,87.19123851925661,129.53718762589946,3754
146.7802412037339,253.46667548928824,78.05072265149661,131.12051739242816,3172
107.08717006548736,242.25333548849767,78.60859386438283,146.56681765161508,1355
159.81824455420025,228.42258506375424,64.32556429498516,124.80918060017935,1238
126.44042979296454,290.4107905457636,90.74481451264867,100.43419277609462,4053
152.7624456838708,218.4764988421357,50.163546266562506,102.65574481792632,1512
151.74610093842912,268.136557558056,66.6800589582096,135.774067197202,3680
192.43543461938003,292.4644712582414,82.9748745229434,112.42216766086082,3648
154.90832225687228,253.8669959685433,95.39612687084605,102.2363674647082,2023
158.29984797183158,287.6408488579482,61.73079784626165,185.92692700348402,4603
140.16531257643803,212.48514784332843,77.0550025863709,127.41373136428533,4344
194.90796031828168,249.3788770256408,76.89957102666605,150.3122577166801,2200
177.71859094396098,245.70252804809394,93.708718452185,117.94090841916231,2429
128.54052903028415,200.81188070369947,52.525844477992116,104.67249722437623,3161
184.4209585776232,244.32573413593343,71.22377805353537,174.48662994885814,1928
143.239636018509,236.9029756382598,59.12328373959657,112.49568546467835,2817
182.86671435335938,266.97987277746154,51.076630014929904,102.57169024036587,1026
182.28880682935022,293.8329778576518,57.35154702602414,158.72303282634098,4771
118.88701867628544,208.57910882620365,98.82353364240996,101.34675724214496,2441
170.1141131383577,232.7476386714623,60.742425476013395,143.62859448103217,3646
129.06429693065311,244.4064737394252,96.75153866679,128.8836048477816,1591
129.7492669992668,245.51853780343833,60.262717131547085,131.94179849377528,2485
129.63480768805806,277.48097208422536,96.56476136922421,100.38990431140297,3227
172.55682475599482,244.3395665833441,82.73104676001572,196.43460803827952,1566
122.9826041792536,202.71613014536533,55.66092887509634,151.6963102483538,1246
100.09058352460902,271.0104094592831,79.09575775632888,157.25121330416837,2523
171.5236853482633,288.4829695145672,65.92570187701394,166.6122484912028,3364
117.11847438351253,251.39047125496728,69.15765779890351,179.75217910497668,4505
110.44823953078347,258.11085216985055,72.00854789174865,160.79091163091758,2256
123.75161205940601,216.2936438969046,71.13535112651672,176.21981054933087,1958
137.9900522322704,222.0645944678957,83.20544452415145,144.87352943628755,3829
147.59063274732006,223.51702391246118,88.41840342953816,137.12751404044883,4965
104.45700407126309,243.07419748812953,66.45888446005607,182.31339074821852,4692
197.05733326273605,292.8145220895642,96.2181980842845,186.5310524173463,1985
171.60630534195582,252.1784766714886,96.92331570094382,113.78066697869338,2773
132.31940653243362,219.20976452013525,52.034521857557166,154.2660186960061,3937
131.86972572853972,226.60877358689496,50.745439444150925,168.36424304861595,4890
144.85425493684593,238.40150297271842,71.25331650755305,108.35987366319668,4440
162.6244822763033,262.32589756927996,79.53226254938292,192.95968167427515,4738
114.63730665889678,244.00331530040054,63.89523737260308,152.01097727171307,4239
118.89298137649523,239.2444844176925,62.970687554288716,164.5457417316752,2091
185.94345828335508,256.4728600398995,83.91669148545952,117.82427480903536,3824
125.62549238890725,224.18349949544654,80.0852142327785,126.44346899554273,3010
138.01949979751777,207.89032725845823,58.357343749655485,112.10012166812024,1746
187.12718509501173,202.4414314822222,94.22504816325794,126.39987218538889,2574
166.31478293998225,225.1259163467127,83.9988035080535,149.23967652917986,2678
134.17118793416884,209.15920341444686,68.12881245845041,183.36295994572964,1344
168.36995457246206,233.63406385207668,84.18123449955749,153.37234150203636,4601
101.96832153814137,277.29335403597554,55.63265433839079,124.44635982310962,3099
173.56426600113653,271.62943304868384,73.4128062287028,104.46210748907279,4516
148.70160405162395,261.09276227880287,58.44922047797797,162.19698359070046,4805
181.31821472844612,285.25002438794786,52.07156230642183,142.0159897366648,3852
195.46376520064683,228.20676245442766,66.91631351441498,198.435386681707,1591
192.57885494945685,288.5053753029966,57.53677417403917,177.9759885411693,1692
190.92650434553406,239.92391696691791,81.67589784769123,180.83628192733693,2163
151.21699559338873,240.08933182666266,83.70339470088551,101.22350228803968,4792
136.0142114138938,240.53516136255215,57.43461531133017,177.7795332904057,1408
146.50353247306728,209.80943662409814,51.23065028017131,119.46133106754928,3382
168.98960033133608,297.5490498331056,89.64052808175802,158.57958722883058,2304
188.39977768711867,213.85067778251593,50.10285103642811,144.74215723157187,1404
120.69863030001196,234.08857244691845,67.19565445918943,157.160385057768,3169
191.8193158461703,231.9300320326757,74.72916490228349,113.34435294229962,2746
181.5180231969889,207.46794328167096,90.93210942692164,145.68916814111464,2879
197.88560151782346,215.22601301118766,91.92793213730704,103.69446859516631,1646
188.0251773281687,204.48583361853858,86.24697203052277,104.09993481596308,2483
127.99373296919066,229.24044935605136,62.35988112699489,165.773813077407,3736
110.59559113440477,286.6656924028906,86.00934671595854,195.169837347218,2062
111.22410719915887,233.94422057373845,62.32695989384708,177.73929187047833,3122
129.12233185782762,212.36918320673792,60.73040958658508,146.91557805709772,1864
161.41837239845393,264.5693868383918,77.35639771152663,105.58707400923728,2584
180.43203260971725,299.6600912054911,83.94272219170313,104.50201494571041,1216
189.9250306981565,223.23237895319275,52.65258829558403,115.78922611080581,4317
162.37533843692327,227.95710053705693,53.00113005623042,197.58105039340268,1742
100.56313127480537,297.18470542807887,89.20853434083949,139.86610664411631,1417
118.63167765185335,217.8776287550487,92.97486254827399,184.34072918726451,4838
109.9726203853368,251.12140674591637,80.2220458170947,170.5142438948597,4274
136.332447556901,223.96521330160948,71.4414004853443,160.54286592160662,1655
150.1350993633746,293.23518979012437,92.2658239799593,194.78261116537416,1863
104.33971785785609,298.1521014576294,86.4408516387665,123.0411570619022,4982
134.84779757956554,281.46978461200155,78.97970992156343,145.48896624691537,3855
117.91796746253226,231.47838158128104,65.98785609743817,186.47229656745952,2542
164.70701662588738,240.3487475280505,59.89975308284081,155.17613076422438,4684
146.427236932434,224.23056836664213,70.93365196357578,124.6445139626111,1295
149.53176469339087,289.07579670089916,64.34112879801057,120.89164168422768,1449
142.7691788033461,291.4558277688158,66.96292938672305,175.28810010423012,4909
195.6019710486567,241.88706622460472,75.78155276560162,101.27888942520887,2251
121.47351251215632,265.65330699030017,58.45469784758049,191.4192077402883,3150
151.66642598438744,216.55531797746937,90.30883400369127,101.8417988115203,2115
173.60173683653358,243.4935900363409,57.276473085738374,163.0989046880704,3837
155.68444131345626,263.1499106673498,74.04968197104762,160.47479614420072,4428
192.9020885716801,238.54031185180196,87.29856690402184,157.8411151054781,2722
137.7968355641284,235.75995256864599,74.25103538447982,147.43430508667555,3948
146.3675805773178,200.09989922669428,68.05110317943193,185.2430332688611,3193
108.85223152147285,280.4293463777114,73.74456529113755,165.93328702904842,4338
160.89991110519284,288.9337612021448,92.43353494370703,178.18622814993935,3166
128.8211968448106,296.94635295458323,99.52158491419789,111.55218059791898,2526
116.0309039515569,271.92713850692155,81.55716446447178,104.98986374574424,1263
154.45312929045082,254.87923123698846,89.67220213243505,102.85285089297787,2299
153.23102633799107,226.92845198087093,50.72443430796444,114.72059854735927,4786
107.58716412240476,299.92994759634985,94.01822047622863,166.70078902544157,4130
169.82154534944726,258.9752854532106,97.70248799639592,149.40217557411708,4418
162.37721906508528,268.1154072330446,78.75846708787853,175.2252256162071,4036
118.90172827464971,268.24061619553174,87.690243103011,119.17303367421076,3712
146.9434862154044,284.52517957571814,75.63723714800375,136.69630419704617,3233
172.032291647856,200.96725388469193,64.31018702277949,188.84975485495448,4186
152.94357405412765,222.02469404313717,92.61239859915065,193.57145460285335,1786
139.54890761835702,266.5534000170014,79.8418355997971,192.17291549891718,1892
132.23384580809437,289.5145736824568,78.96915418957035,181.83050442007624,4969
161.03938666440536,268.5338781921356,82.95661019206031,168.8235878597892,3409
193.91086983102406,241.34912914936803,92.80015829144241,191.36778940274638,4046
167.17448404774834,236.15554958702614,86.59530628854822,171.41815918326392,1235
107.47459036363155,273.79480082833203,60.556209710787265,195.39362487254937,2465
146.06849734821338,274.12376971371935,73.34117722036598,102.47883320368885,2601
189.08241315106275,260.70579925056904,99.01491659931031,192.1642085894577,4334
109.44624258010869,229.1467024097337,77.72803568813873,155.57405361393748,2074
198.8875712137543,292.51548183905436,96.91226767353993,111.17977518204583,1350
194.90693936454213,255.1879942118639,90.66847431565279,121.49112697372946,1416
107.82744807298758,279.04923562483305,83.30117209043794,185.21592839149136,3890
193.3413320449555,221.43082621618316,67.46826013298777,150.6116954846516,1743
136.31325902594622,234.40407886147278,65.21596737627195,198.28177234952364,4943
184.47091670758624,287.45795163873424,82.17105326487939,111.7531109504971,2005
141.83833377132714,205.01070299399683,71.62806204232054,141.2503463900129,1012
144.08551127025157,251.2315311256662,89.93768114083636,133.187444308076,4465
163.42430909775425,248.1705479844009,88.0228369770098,151.61354360649216,3928
177.44774192759832,275.1230188908082,65.60652433692572,163.34378188697184,2850
103.37891509482486,228.18937705993324,85.1364391530881,166.16294693816545,1805
159.31559955271342,221.90668218595994,74.7275095048592,100.1295879911778,4603
118.6732994097371,292.6132838773234,66.16460504069985,108.89604337815679,3260
134.59495178632028,257.17096519584646,70.648329638232,103.50638336559518,1269
134.79686661552165,210.46895682836544,94.76759336061309,186.45991463982773,1983
146.90603402211536,219.3036162214321,67.97588460612702,131.32922531596557,4111
133.41364118761734,299.8826059514248,64.3699636659729,136.70634418763643,4718
110.73611184506677,219.56089962521924,67.59036103550689,145.03712489466926,2988
114.56287385254514,261.0475511353679,60.73092181043459,184.9304397253576,1773
103.34379855610976,242.0128078995618,77.23174936981644,101.41662609621349,2959
147.02490853287543,288.55990948498356,57.37182181612661,111.86182743798504,3228
195.44476948529885,275.51685922953277,90.87218932184582,168.51631221409002,2762
111.56752236481165,259.6951396261816,61.27901236228131,196.3892522707597,2288
194.6264493003082,201.07389817979825,79.90275137698228,164.27864212970076,2016
173.33615147320936,287.97952074934597,56.25127494599468,126.11234684675232,3153
163.7498802934163,244.4667470838716,98.92265741071631,151.98644287866173,3880
164.5277755323563,293.15776530185764,72.72877294468236,197.4980475581434,1486
182.6727648396282,249.55390128542012,91.10856703794073,152.8076546567791,1403
110.69198643798214,269.42244891827255,88.4323917824992,137.35076297282023,1389
150.47543235655417,206.9292649466642,85.68465235728394,138.34255548387205,1607
169.70911382607585,274.5151653526786,91.3682435602305,196.70335085917307,4878
158.68204450735635,233.7996031311923,55.02318043298529,171.8916526731706,4047
183.27790710232946,235.13590143317808,83.92485987359811,168.71728556220472,1122
107.22717090113515,211.86558447093898,63.29136176368905,123.20543216907468,3836
169.0701039499166,214.6857148640202,89.29358320332949,155.94846377635744,1036
153.40277303847176,218.57590562062103,97.84343799239444,135.67451985223136,2803
137.91608639799435,232.82061685714223,95.07447649213479,124.02015258539498,1709
134.0274982234031,289.1969912775605,55.747611123683306,189.55522860141045,1766
162.0832632774193,236.82602382300806,68.47762103364104,138.31558087626135,1502
189.09953746442648,272.4362706563218,68.21613785987999,128.27871624713978,4598
149.61759261011153,208.27475038898714,56.11481331797653,193.1720396608368,3964
182.472316407692,259.10987992719924,54.90630266734137,119.73463964561253,3644
140.21563818439677,248.18912312704396,69.24450674845909,174.55047847165227,1091
110.23944627931766,297.79579469545047,99.60357752482557,165.2747144464263,1099
106.15057364586386,284.6207769878963,78.44713255331376,192.04844283722855,4024
105.13343713236776,245.48297724386498,81.08908143021281,183.2047137567278,1685
138.01501419576698,277.51427640453386,73.55094550093412,170.52952179396414,4526
133.7237750835842,219.30387412937776,83.11652761520114,131.45716606970956,2750
171.79370236225697,256.2336327391778,97.83310403723848,149.5569011270549,4948
174.2821501584866,207.46190555687082,79.43489768071959,194.44957613471797,4669
105.08539688337399,234.8089032251683,53.25192298605966,102.32026305814935,1393
122.1123262889015,222.58621816221702,74.64452845840992,179.4331823820039,1593
127.42618501588997,271.8909815325211,99.63756366259756,125.18103504538793,3881
154.76119841428095,249.00906912143614,69.37013602971317,118.50169432937918,1885
114.45152239069503,275.10704788480103,79.69406186072361,123.22246144223196,4052
113.39412194000003,251.52954376314455,55.33183817144085,105.97509914968471,1504
194.37888892079582,208.64844421516386,57.059024936828344,199.1979824286168,2140
180.42029072977812,273.5367649732527,93.73407265769814,186.9869143225145,4750
118.06549020911703,283.32292639878057,65.01723141258057,152.10559686322273,2777
140.6567807905491,290.35312259127926,65.27256366772966,171.5103178557092,3837
135.56219992575654,257.1991945306708,69.3606498001164,155.65953629235077,3538
179.10040740654074,275.3585358999495,98.32393364522613,181.15789444508323,1341
151.0212916478122,275.2044336882627,54.21952480184382,184.47651915570114,4497
112.78497369934671,215.57497597989445,90.93820512756675,123.27904281532012,3517
173.89920631562438,216.42206874595706,67.07789382329932,145.97477706502457,1133
139.6887978224919,207.08855058091262,92.47340129927375,163.4847734189571,3925
126.29242476321471,231.99136351403016,99.58778247522713,197.8440830608275,4251
137.549862202072,247.35085877410646,67.4333705105874,168.26893790961645,3724
149.77565636068965,299.7897852754217,56.46781831061776,189.76350107441573,1211
134.31155164170093,243.09933420681696,57.21877489914641,184.61120509870875,4589
124.19057725917578,272.6242588507371,87.9370445474593,158.2063063678564,1584
139.85020288039803,269.3397026272535,57.246077616906824,189.3655360061889,2436
101.91729107498982,220.44819502505797,63.02107842673183,137.74217278252343,1356
177.24978460963138,205.85071514494365,60.21991718310399,137.92835304483114,3500
117.09448935675857,254.60067515335874,67.78392820154913,178.0965643242669,4506
104.39046136306372,270.0305592314476,53.71832875748437,113.4543665635011,2100
165.36986929050792,299.8251790186256,92.8371241203629,130.5825217458419,4354
177.39361288236722,235.86110522811708,93.00731559004967,160.85724508733423,2750
181.38291315928433,289.6364562081097,70.64664492413449,142.00655988669484,2700
149.35091826605998,238.19324558691864,80.60437845117377,194.07237098882285,2709
120.53681846899853,268.9411708430513,82.09757854521524,195.85060696191366,4681
173.72276772498267,259.8252930517052,87.46290576729643,150.25813088137892,1536
169.9713077154337,205.2978793302597,76.03450437720255,153.90618903656812,3468
124.62707341031732,207.83884269702585,75.5168022720843,172.46270918237713,1150
190.34077558627928,202.0764089724461,81.56518886641055,145.72649252341733,2755
110.4371458082829,237.08340845939895,85.15241978349388,119.00984679404768,3550
198.26882395913256,274.58010487660107,67.33451885146259,174.69691686229308,4737
186.02478109774646,217.27553939907227,66.51852366344076,173.7785889352998,4659
168.7898645479075,260.5852968383896,63.48592020479546,124.49811033917794,1887
193.8749888279833,228.88277800310777,77.44232776563743,183.29165197810076,3995
172.2311168323708,279.6992623979072,68.00778447778862,161.36491964201608,1742
119.0456997030046,279.8396149002991,77.0156633853816,123.63016103153655,3562
144.21561381128117,277.54145149664237,70.29923829134609,165.20391441687042,2608
107.15030243316353,252.48335138013766,91.83670912763304,123.36095262905607,4694
138.96574222881154,228.45667100798516,53.656511987273035,126.52329540800179,3382
174.16030197372086,280.9444043878635,78.61052968023373,184.80093068031562,3631
138.64433509308174,218.61005619392415,78.78118752935988,192.9491569239819,2435
133.02941754681342,228.9759602028656,69.18586552693499,125.68826583582111,4326
159.5355722510312,218.39477061606215,71.05104472815717,192.80510370851857,2241
187.2204528998895,267.4210160387648,90.00656804414643,123.87988465023535,1207
104.75831925461124,268.6236028115818,64.03368551301674,111.72673655425857,4832
138.54704346997354,265.2509992786753,93.57018957130813,105.82238780712612,4361
115.82407418152627,241.5601466864668,94.81716520673467,124.21132408326334,3899
169.53542507318696,210.01710072014333,82.5309652201098,138.52465406772353,3624
110.57245604311349,291.1169584515021,88.64288568540492,192.75483801093048,2308
166.48077585802446,250.77309640122382,80.64737641772442,124.21579997060287,4587
128.61808707979074,240.69721949110914,76.26295568732958,136.54653449508933,3755
119.89168137372246,258.8824893248293,98.33388771251148,173.4155874743572,2654
193.63525578249852,219.27904358191057,64.13274821137321,130.20740879872815,4773
101.85245767459558,213.25487791048744,57.707547332155606,168.43681516795806,3725
143.7777271889569,240.55252214579434,64.37426815712577,143.20778192485022,3279
102.16269924617937,222.72206940999106,80.73128041897226,119.64449526591723,2665
148.3593048104329,224.42902945371645,59.25917190505719,173.4058900969136,1988
150.10473777944182,289.2511487778529,95.4407021613157,102.70388333566841,1880
132.1662471394747,253.0759177185825,70.55122003326963,129.23348250729788,3651
113.21617775250238,248.34690643233512,92.49814391459218,135.61815391683785,3379
137.63875377344755,268.9479593728597,62.46182722644083,145.8218254987636,4708
167.2262939932566,295.154811367674,65.65841775413737,167.98692319761392,3859
178.2395808644459,211.2198564470564,52.96116985862483,145.94049941860368,1206
153.07506023881422,283.35345671092574,62.888384609278695,159.43241122862162,2649
158.98343944397556,258.4019179867846,74.51569094816507,159.57790784178172,3408
120.06163711246526,214.61653538118372,97.30684588616211,137.32716498960076,2374
128.73303332276495,229.71493186889916,69.44514869457491,193.39712657546983,3420
116.18956100523584,248.23614164647395,81.9871939741673,195.5853830876443,2124
124.92953500046113,269.1177144577423,71.3855058734394,158.1850884094466,3591
122.48867802255317,224.26070169534523,52.33959253839706,107.16908802954319,2493
151.94487863912377,253.48788154675898,75.17663129483513,149.11275642559357,3178
156.26887557907293,268.4671627415862,53.29568233519604,118.44193267940072,1528
194.49474208215045,244.87407508475061,94.1849962298768,148.32145218729036,2500
119.5570647101523,286.30259611201757,87.6518480975457,118.84831544985418,2271
164.1675710161496,286.94591028404045,68.9325735626183,170.38552456488844,4446
181.72592689875228,247.06912176404458,82.01093330956448,108.04291200663425,2419
156.02414637830526,297.29257104089,55.60140776566661,195.3304076395924,2599
125.50036525010756,207.55850924054474,85.12774934813254,119.53758894333527,1077
126.25502300200003,200.33623783229365,91.13662044957348,166.06563360492453,2735
103.92530530709999,238.0668263803919,91.08728242691173,191.69623507294892,1040
130.54442265484818,260.10970613725095,64.2138773845328,124.78863139840624,3305
174.460367900338,262.92001574496607,63.187309763841334,193.42968990371298,2204
104.75177572071104,247.64457362938288,76.06988439513393,138.86746656602725,1289
121.92952825048306,212.48833132406463,98.38860809649242,196.053081725259,2148
170.6232498531782,217.04975217878942,96.02614888030426,197.13638581345253,4927
178.26515628228765,285.21479838520094,67.98192408779909,118.80799050692397,3671
145.53184100619285,286.79111317392614,88.99147530915221,183.10873369310542,2491
169.8074338478649,267.389853786072,96.06588820457287,119.34210128335502,2258
138.7952168654892,266.42179722788825,63.04632328588025,122.64406203310816,2523
115.99132450241275,259.76821280278074,91.51478248014699,108.41265040233984,3761
139.81494935229065,220.29258857019883,63.394781345458824,115.6536946498178,3599
157.9967820203143,242.82507002599033,67.16410629436054,163.2218968247108,1710
194.80532818528903,269.5894651463379,59.94103454253771,144.92527300517864,1960
106.87509520886773,253.72522720033388,75.35398995363568,179.0944237168835,1822
150.73940938449607,201.85803340550993,92.16554471306206,133.1996814826622,4709
132.89197782107243,295.35568067200984,76.40260687177562,196.8624567301059,3121
150.83116942766947,284.48160525721437,56.17200048465487,104.98725408193746,4762
102.39754473765316,226.05450141097378,62.588796611358504,106.29359544024415,1004
131.30253547015815,261.6458935166296,78.14309336406694,170.13748988181362,1823
181.9868147527005,292.32393837281876,79.15937277852801,188.75388849728597,1117
155.39417338546374,209.60110121136515,78.84529517724349,179.55001916341496,3791
145.05824928161172,250.30294807967005,53.8501746253108,148.98170878669137,1660
128.55250717153396,245.62430258462945,87.6847946317377,126.964136130502,2337
129.8042522791356,241.02050052835324,95.47140994945033,101.3451529304715,2224
138.31014335905843,283.55886088929253,75.52594738649499,150.94514539197758,4932
183.55707099645605,238.06461466974574,85.94146433859314,147.56361973092766,2566
196.72132068082684,206.36633332410076,95.70077460182756,134.424589947024,3796
143.86553813503747,206.58377421643024,82.1311377474008,157.8072787972485,3477
139.33528387477617,204.2744606524609,83.71628622155256,172.88146973812732,1666
184.6550775819863,240.91454218740373,86.07022066919774,170.08882362282424,2733
142.69053206363037,271.840627769836,63.02512257270325,126.32528417842155,4690
155.2018172295651,220.37224619305155,79.13389373584137,158.53036886145932,3206
123.09416645987444,264.6468520431549,92.10875572722281,114.87744785839985,3728
174.35025357790752,268.70884721037044,64.80813651303754,112.16018438883546,4372
153.19883182707818,225.5202124015598,94.85852497984301,178.5855836259118,2443
180.90345502403414,260.05576560606295,81.0190974882816,169.3745902095536,4329
178.07327300286698,268.48683400268476,71.15874257165281,176.79289006316287,2085
121.50047682700286,246.6613622802126,81.15914807001465,115.24622742042209,2015
171.56355505577625,233.6716597280095,70.09299528445382,191.46185893704597,3708
180.00544079513713,261.91515515743276,91.90178009240873,113.31116132223588,2185
134.6107240782395,297.7847087328057,74.11592900337985,187.00369681977287,4157
117.26091129022745,242.6841409368978,95.06066798771684,135.23792913059313,2036
100.26321555795882,239.1735096285121,75.49040404239132,110.54340930341394,4346
145.09036530931482,246.42669024261133,83.01841948186936,128.6768960565526,1416
135.24327315388416,207.62183934450482,99.88722105034253,118.14480142138831,2147
155.4909833825409,255.316327967139,57.348292050427055,149.06697186917143,1869
118.80410925887858,232.86973872172638,86.83645743667029,194.97453480397687,4066
185.9665547666475,212.14221223312626,56.94361139579668,132.78711615825185,1615
125.77552156281097,246.62567411173734,91.94331828821981,161.20989856821137,4120
122.642960508765,200.33839865739773,79.82266905810059,189.17208757399635,2026
148.0714056484356,240.1785245162759,96.90797803032297,163.0073929696232,1933
149.88510237442742,210.57352679264505,93.29783009724342,136.21991408697644,4070
121.50852287850928,202.42927033997802,53.74360187344117,199.0839127175879,1761
127.18607267259158,282.4475046244502,56.865127083943044,118.74136014405337,2788
116.9705239155245,291.6248803282635,80.05854643034127,152.3256014895508,2746
171.84601783231668,220.76746483591066,75.91573199710373,179.67054987367973,3630
177.0089031254082,253.92982638342613,58.42825653067223,100.06488695772244,1270
146.23284974592826,227.79581571309848,56.467961413582486,170.20432521424368,2573
171.40870226850174,249.35774386721823,78.19953917208065,126.64988967059386,4224
173.59353919374456,243.66313208941602,52.44607739874998,116.97267226918771,4388
113.82755276778086,226.90510550804856,93.68676514767195,127.41944633682914,3005
196.61780248345366,270.03935796352977,90.35414599013103,196.68164258397843,1726
182.1031947096431,212.64909593202543,89.26849858555447,189.19352592396854,1433
120.44834611958235,205.3072782171367,50.79985735203705,121.37544564637025,1521
118.61650357460702,276.7675433037279,52.382047170636895,111.70267731184445,3659
112.56611455795827,266.593003122068,77.49195605753643,136.41526045144676,3916
113.83785625419183,249.8526124146398,99.72128444470889,159.23364801000736,3993
174.81617990286964,246.77897704725416,67.11581004856758,186.71446285811206,4962
146.96542569516237,249.74113794914263,67.2187408202672,196.60901250400778,3537
178.29341727398673,243.7024076098673,56.71389834309917,175.11533681730987,1809
174.62548943502054,239.2892295831179,83.71679018697506,159.90072127016558,3793
160.46127135052217,249.96906028861204,82.33383444970028,114.2332026131017,2222
168.63666065786794,252.85151711597604,55.066120818957955,107.4028376373311,1435
101.83557243791418,269.1902314083621,73.37061435341755,159.6026878529201,3733
131.1777646805022,271.12071607340226,83.35374544109871,153.9064105766927,3264
163.782217925941,237.76290801401447,74.67580681609635,184.6088107734102,2533
100.93449534862442,241.35405227434887,83.71817909323778,132.2605850855104,3087
103.29769436825934,237.3697169736223,90.81351987157448,103.96908573498102,1697
185.18879824703833,253.65357736257104,84.29077165608838,142.37082690910333,2512
168.40248616920718,245.33535379141952,80.80571179152619,196.9182303937739,1791
126.53697331203439,288.9596463136194,92.67951284722466,179.55749049365232,4652
168.7962840118709,269.6361266916473,95.02942839348941,103.37721736422732,2272
179.24566691392633,289.8656383754446,69.4443218587902,187.46789038981754,4156
130.67942831101013,270.91369915594254,58.6624943861943,147.16894896213174,3727
103.60373774991875,297.0992148523814,90.89302020040253,136.4768031817956,3451
193.27791246877345,263.5736778255269,60.68765536497416,134.67395408027915,2052
134.51798382956304,296.3550138163055,96.44753348745428,159.51442530388644,3084
110.64817632847064,215.81698904094262,51.14389726109517,153.05994184407626,3554
149.18568713931472,205.24776808294038,96.06355913096517,165.6627244168263,4603
176.84677956641337,257.9125185203859,79.45914963060314,157.36414650400468,2681
122.16473146175592,298.3493205799775,88.73710582564408,114.39445748417185,3307
126.94900501333633,241.7605247302397,69.92462935322023,125.72360087583182,4722
124.27149867985833,221.20433621929595,99.585814595444,184.10295721018343,4326
199.16730528316782,252.15414491935138,61.37757137831452,166.325851469563,3036
119.74037337305425,264.87986245788886,63.21718313190874,144.8400625414741,4007
157.5520216966124,231.5178695515889,52.571622201873645,118.26014318338653,4157
192.52646416569644,271.47693584992595,97.02366815307191,100.76910359773119,4635
114.68965688777793,297.51145070457255,72.80146517993381,131.18874031886182,4882
197.08541978677002,289.69631217106166,83.74262073596746,105.48469569266688,4725
194.74772343956246,229.15853735121954,84.37203637314204,148.2284133087455,3681
188.45719870582627,232.67236831445985,93.72510461413388,182.18014527582085,2964
121.45565213300023,237.15412244495886,83.24626253232046,128.53986613822974,3459
163.40550560109833,239.45527783936453,78.10105911520935,184.77541615550496,4459
176.089147296124,210.03194991932793,85.51592620955218,170.45643960865894,4471
198.60279281964296,276.1962838889289,87.54853995015633,112.52623293548653,1421
118.04238220813704,236.53392636107003,59.2963973124241,164.45618912695835,1958
176.60258995192964,287.98199767054524,55.48335194883765,115.16798073055432,3710
133.8801169927113,292.6940623120109,53.742442524278154,165.47909202749187,2356
117.56264655680023,202.4431309307688,68.70267472612683,114.27144847281062,4062
142.1376941213855,298.8503069928206,74.90001199188725,139.2511366015566,2683
179.38359121486164,271.0022731500185,80.78249491449304,156.65942702381938,2476
146.48498037040522,252.03922259929624,97.9017259844805,105.03741714239418,3046
153.75231002030483,238.9527608372553,66.53939101035031,115.33083448545274,1594
199.51594102001212,251.85181326097128,88.04370260386372,132.04088250522466,2172
139.9109299557426,232.46247239784444,76.56788097974425,146.23200857718615,3217
161.54007547092397,262.26878136965485,61.004496604345846,185.84872939214344,2348
136.5244201615372,209.29802764447913,80.76527145643796,118.72730883539822,3829
139.27856463287048,262.11226029118103,98.35880891448518,134.74709505025257,1227
169.5640753445408,227.5344850138444,56.21541496256362,147.57762362801805,4397
193.78869760948834,201.76348290523464,75.36398822746145,129.57785559893688,1004
154.23589504923214,255.27057661628777,52.58041770752641,162.57477787208708,1151
176.83999289487798,257.84477558526964,66.0608149448181,125.660243477597,3268
108.92065588169638,242.65690047115362,81.03013387969956,177.23504211132433,1156
121.1158037431927,207.2286232550317,92.05284680153773,150.51540948511834,4329
150.21316409195325,289.33429528041916,86.51642108630355,108.63048834611102,4077
102.00117236287748,261.1430807227889,73.14283891077369,162.69988952319576,3337
125.28549787625587,211.57132995689696,95.46113785520733,156.92435037987573,4275
151.74012898249663,251.09305765941477,65.13573325118853,133.85973542066728,3325
101.49611982563007,249.72543159484715,87.69917051125832,101.11570783890214,4971
126.45462862260416,206.0401868792927,73.70045108738313,120.07015421743725,2004
151.40308194758694,260.68597036029473,94.93178773363879,140.57095288823524,1880
157.31492479812457,280.83263989215646,89.871641082688,119.99140337932974,4205
192.57516930553055,274.9008054248478,95.07348306535476,157.74911209396777,4906
164.5345623250608,220.29694141641835,60.71239244710367,171.23248939262567,4660
141.47358025299937,286.22925295542115,83.40752160581039,185.60176567508358,4518
193.03511771330676,234.25421656593508,86.923170404082,164.69826186837486,1982
178.48829833877943,294.65083782919413,87.12071326412968,168.90092212548126,1994
120.00089211127477,207.17479642257138,75.20002252336687,160.84418652305243,3393
113.08423613488198,248.62086885198426,50.562526117397624,198.54860576127038,4187
167.5811635742733,259.71243771775494,63.071539193453745,126.10005690799082,2736
155.9883165576984,224.76500984746048,66.16504375021906,126.62586805127583,2622
178.9673613792756,277.13801887202277,92.60183086408807,112.63336414218597,3627
173.88050500786863,262.6895679810717,92.04429085521102,148.56843258695324,2953
162.52115338575152,201.81094372879556,55.23400520188916,109.6161703630922,1612
198.63821716288922,260.8368590696236,97.49179408856287,127.01465968981037,2991
153.35897301104086,249.14782344184465,59.12287433257455,148.26809287713917,3721
111.31057565017198,219.60292017035076,70.71797256504605,195.75956159300173,3360
182.82735648159883,299.57482270595295,60.75784830553777,196.38129938401676,4492
125.1853362345709,289.7162194827615,93.01662344146787,174.37402341365558,2925
177.73021481439184,229.25076950290634,87.47010159296559,138.9250161575685,2606
195.71070960000515,254.10709207986162,67.6764403443902,186.5161273376546,1172
169.67955139643414,231.6502139910291,84.09393130130277,187.54558019076404,2192
159.60301609498012,277.5495751636078,59.218344208577115,191.0197380796552,2126
146.03861756750405,293.0331433196455,69.11485461880008,164.0025048215213,1227
136.44098659954034,235.88286069143834,68.85537941690541,120.17927956078805,4204
135.30047509718364,280.5584249143627,61.89683408606989,109.10807727706818,4643
163.63727057095906,249.8407542713205,93.81560247914413,191.47755040401302,2986
175.12731169377457,239.65785613115773,83.94228677395631,105.55461081216029,4728
167.85170694844143,293.842185209877,63.99696552818996,129.5890059437995,2234
119.84101011935627,251.04046887190316,62.10603803145187,148.69617670377372,2132
149.39871801434913,246.7410500257465,50.89767354996195,102.19766928734758,3240
179.1640072183063,267.2434401962343,67.32911268961773,190.6912258678244,4428
147.5704078189056,226.12342010182846,76.33856416576592,128.7120994872235,4766
153.6623279735494,232.4792870788316,63.88554709541882,102.85047989205752,1520
177.1136048170822,293.2045836238623,85.0229138214885,199.35899972265184,4715
166.12653062650915,267.8529845436942,70.58747645056332,131.13931808175153,1425
140.93449208823927,282.66371477710055,65.81589185053339,187.67649074853728,3989
189.54127111942188,227.11117619354297,96.95288293951657,145.3474453920881,3121
116.25670686634786,254.3790189929872,63.140043864406955,166.3125901054999,4167
199.55164485903248,297.1396266989498,69.91288100483281,124.10901495373548,4200
111.88525784762372,231.87038990282176,69.11453942603859,150.2875326977022,1342
101.4949971104239,216.0476476317042,62.05991728356241,125.76511924250269,1370
189.00189011487646,251.0886008224664,60.873836990520836,195.10838812651036,3448
124.4953508365956,238.7821088724876,65.11900094067018,106.09454124162463,3931
172.9699627446721,215.95772327867135,93.21180849655904,127.46739275048475,1221
181.10153749320693,288.8551382703368,88.35414436146453,189.31088765498788,1639
185.89863910321168,299.0723910553778,84.04997570800262,148.00359575072838,2535
199.15942356641668,256.8582180689998,72.85514963212466,160.008411190417,3906
129.4039710039999,277.4676768373454,75.38769923163017,165.16933714956426,4576
171.02433419272592,285.9038369546299,63.35694227467302,107.09275117735633,2358
111.53998582808282,270.0982006021827,53.71579569179588,101.77387409085851,3421
140.68092913568495,204.41560491117312,66.55202783602411,193.78410517113065,4557
184.79716933125906,215.76342317168178,74.77918779961831,127.15028452968807,2030
136.76580460591083,207.09891911513864,52.86565232596662,138.03131104355288,1736
159.1095380535614,200.98796066420564,54.41166510285532,168.20931707235496,2412
150.3773443724634,230.59964087572365,63.15126164422836,123.63038770727212,3483
164.59515311120452,239.23559604815597,68.35401867963807,173.30713701675182,2139
197.28943893876948,224.10297323359256,69.66584055593526,145.82421821632698,4174
105.57355265014021,206.46046480863208,55.894303314400254,185.66098052873912,1737
157.39615175016297,252.98630908366778,61.29106772673944,127.85406357654824,1564
186.3028779250285,227.33193199571417,63.082362603180435,120.38224804632985,4958
148.13827117484274,279.60371548635624,53.38174381006231,183.1688353874872,2026
107.85271859415728,200.80526216252812,66.30498502948487,132.63260649928338,2853
156.0539352416771,284.252705128761,53.611078637775364,141.1868646000505,1543
133.20738908238204,295.4753678945957,85.17289215548351,179.3707832687993,4841
115.49417853379359,271.613506315357,69.30238832786551,163.55765373745749,2103
184.9034513283473,273.36440652625663,66.33761946891873,144.1725890432269,3683
152.15995129911215,293.3562311602733,56.32610857518034,124.9890508904558,1848
193.32764123790668,220.90712853003492,61.32518277224479,176.4200968851764,3868
180.6016504603069,299.45655682085766,61.63526044695618,118.04310344900571,1395
169.29717937736672,277.3481203378542,99.26021074366514,192.82796005864282,3939
100.50255033653119,272.65707083277937,91.76746897542466,115.03160691229972,1388
142.782345663825,236.10905789952926,50.76311458167158,180.4933691947296,4331
119.74862816520323,254.57774854056106,80.84182953842398,142.4248866728134,2335
191.0797911048868,265.3917788273347,62.79550482109619,118.6006232933512,4407
117.45839846763603,262.0342861317216,55.21884644097921,140.23789382367713,4281
128.60600516592854,270.4984638477581,85.27998815598774,122.15518161999336,2534
151.68367677344992,208.23817390784106,56.58027747341746,113.59936508358473,3495
126.33636189980793,235.5648432831697,72.18703897648678,123.91553989305585,1044
120.98646772791211,243.4000016595477,81.60825824199621,186.73984725382525,2979
159.90993251027524,226.06292978749664,77.72473780774943,110.59423874798242,3451
108.89295227550238,217.2627270269224,98.88145491513714,197.2539587767891,3356
105.81677587209248,213.89274799128629,89.28713065612612,100.49984536876768,2864
137.22452951860714,236.6383392256585,88.70966880637448,165.8238154391243,2807
172.06644545078623,249.3441700562566,67.77976970405156,185.6511984838086,3274
155.4806758273948,206.29764401466608,50.419774604207085,193.39576481267642,1348
142.2876468466779,294.64580945905493,86.7205464835344,114.39855934567545,3160
156.57515642245824,276.52433228607583,99.98660421478363,169.820849645234,4101
136.54514846532737,273.08517731854664,70.29395538718077,110.73492161556473,3323
193.61463354321128,217.2860524988727,99.27592494785587,135.26114938744337,4433
105.49048909107744,260.3800768012189,57.08540547671732,173.19263575069937,1725
167.33914790298354,252.97249468086676,64.82561758183587,134.59732261630668,3134
189.12826648277505,298.2468845786694,58.53634658712353,131.3374728281068,4507
180.38847087352534,274.7671770080158,73.7587986463408,111.60546188024082,1803
118.40410348214468,257.5761883716231,89.84907007536103,106.6438094328088,3069
129.59263489802885,285.0812666470122,67.03308457689769,111.5277991281757,1384
171.7047938707105,215.50942708607096,95.31144685759358,187.54747749452244,2044
108.42705591807655,201.52165296909772,77.24152066648925,101.11985253809253,2711
181.18616998325842,269.0233333414523,73.27122068709386,169.2865869535289,1490
171.89069446047904,209.83114602372376,89.3517921097638,176.8624229888298,2490
172.96066492353424,211.5433639983509,55.072174852089226,156.78883041274287,2479
110.02413702675913,274.4680726424531,88.68762356053374,173.07753611831487,3820
171.77605448162308,227.0534844133989,62.147600008641334,165.22696690251001,4062
167.981812521997,262.86312155688927,64.04062735916187,145.55584890946926,3935
183.09224908218505,291.74069260927484,79.97268866600399,138.2710427876267,2703
104.15959562564694,231.64745316378583,95.09672125231026,194.13319884051737,1220
102.31106684677923,221.71441578399188,78.92034748854324,197.1937992570468,4665
137.30070998785607,210.65628837410517,82.44746743972435,165.12714036250298,3012
114.8788283849153,213.0462361419726,88.82972948026371,119.72988398984717,1590
155.8384477570222,206.22226953788427,62.966237949624336,144.78991624377875,2521
191.7348901506749,208.76423788297402,91.36168364020713,149.65374900826072,1812
139.14797303340157,243.2004588809154,70.89800745335748,175.79700524606616,4230
184.4950377272604,232.08650450239696,58.78278467455812,166.77771313223192,1142
100.02408745178664,270.6560814322998,67.50590397305625,151.4814429427895,2849
116.85146434591843,287.02416582470016,62.30655558591127,168.03645577871572,1044
103.04235396540857,278.47732031423845,61.43568025678229,102.4056846733774,1450
132.81471805150687,253.06372566656523,64.12815993595831,177.66353218843636,2259
190.81895956965027,210.24421162326536,59.04654073710448,121.16322340069443,2003
109.69521235989878,270.9767283941554,83.38508785413214,165.6409139561149,1681
160.64097767438005,236.28287247268736,78.99958785175586,111.39732521370091,4296
145.1495939119444,208.565039391541,82.42209464917141,111.44608359247015,4479
193.84682123658126,284.24664072126257,67.18623619140803,103.5657643836702,2317
112.25191425370939,233.82165171825056,88.48667012870222,191.0232810153512,4890
121.2027850502229,221.82488325115713,56.480437047708236,160.4558757691812,4351
102.95419686114933,287.1452064618843,78.556835473068,136.19619362291482,2996
143.39352496313737,290.2133868447005,63.77264861232369,178.77777410193087,4674
127.78328995646542,233.897083719156,76.38049503488057,162.60822006246656,4488
186.99059338903209,235.48014192813736,66.18185876201196,162.00805179129404,3194
160.4940813197755,257.9628527583144,89.52558825456477,148.70427943630068,1792
161.40907379757016,273.3441493810658,94.56359194190472,100.79267786682087,4653
153.19106968813026,206.31492019068634,87.12906116858156,125.84625064249398,4040
109.1850337229201,259.33436571884715,58.77918564246234,110.9076694600083,4032
144.5018683725355,295.2820061783582,63.743344919418114,166.2409852352776,2494
199.95051897085165,226.20938971799538,95.96790327592079,124.86208217869978,2072
183.5229290846015,290.8827214096934,71.86100638291006,145.0166664051207,1016
189.3459054167116,295.01683407630935,97.05902046746334,135.34302982898828,1148
182.32263592464994,226.91536409710898,69.62258444311334,114.3198737925364,2578
110.30416934309827,275.42018658853505,97.58873302953319,195.83702328827192,2235
122.74482540647996,223.877500831956,96.28694938666655,193.3419311627216,2739
100.31216513564097,273.7611161732133,83.0263444993308,108.46081860366405,2015
130.35101248781115,279.7419971288826,50.441352423075145,182.73653535279965,1716
110.86074023464926,224.72057037106495,70.01673409879685,148.83736827163733,3897
147.2793345301583,271.5869543583235,95.56175648477979,177.37358845808512,3965
167.71274885739018,281.21045388640897,94.25551445540574,115.11571309137669,4134
187.4505295038077,235.85788721069116,59.36939000480568,113.22741377775438,2559
174.92171650908983,216.77027759897268,69.95912479845512,189.0757500895204,2568
193.8585595778505,209.19645673175137,91.77549639397358,189.78194918410608,2986
105.38982903937888,257.5381703609942,78.89389266250272,146.59121627536086,4792
101.21798354165415,297.8098119315713,92.36496167231003,187.0157797614898,2510
166.13381138362126,282.2950320022216,91.32836922242815,166.74589515036303,1479
128.93524102222463,243.5839638934553,95.37410034762415,118.5009742610992,4856
125.35010161057731,253.66209028549585,55.861029409729085,132.89542646821488,2711
133.08870876937942,227.9527885411819,57.26075707267579,113.60606505086699,1043
126.97960578923642,216.30658673600635,54.14045144845262,177.3948668930933,4736
151.14364063015873,248.20811582322733,96.76344205477159,198.52507246957498,4527
144.01484472241324,246.35015661671852,73.75811921889465,154.63783265660118,4582
151.24285513766563,252.192995280376,53.21626417412241,165.58644141148926,1874
167.27136115004362,295.2804585563941,66.07649512570205,174.6092568133637,3402
138.71305089711484,260.3895300144772,67.57063205649834,122.42591024304905,2723
125.13076871421568,260.57718366223736,90.47799117383786,133.60012476334342,4868
116.62005368087455,212.8024762861077,86.77384460854614,141.23212113242346,2035
134.94741195326256,299.648886617682,84.46935247812846,159.45883121454722,1355
174.1806475246172,277.28449442346687,51.093177629568935,185.04925781487756,3942
175.67049101114696,287.7203344094005,95.53478982131894,125.42035445899062,4208
166.69053866842103,241.4300411830994,60.77776334578708,147.0888800727789,1473
123.40281753068746,250.21280957856249,81.45307023463388,175.15339112047116,4669
158.80862458546977,252.20838091622764,53.090952150570956,108.73849995046243,3100
157.0689661576848,219.40945392896052,54.07630459360273,151.28934583261784,4644
148.42661981097254,268.94891563269573,50.47886480650611,114.4379703365725,4998
154.99789863838643,290.29767236174564,78.29638222726653,153.91488967273494,3036
149.1790632623668,216.3705818138419,81.46898348084524,176.78227613154368,3160
156.5456366074108,208.63182734861644,52.52311516166144,123.69474110449397,2839
171.55059546211288,273.8218905540342,64.52424423820194,184.94784454847047,2643
110.96281944034398,227.3201831672982,92.57272070890083,133.480411008175,2501
174.96257521490236,262.38625416173295,55.06541834114571,119.07848635577702,4406
113.58861501275942,269.57583379921806,60.827358227666565,146.5323395070852,1814
106.66279984103747,232.1910763581822,71.21956042362135,187.6075082105205,4488
197.60796862214676,281.5144597425784,92.11370513165579,106.89330611741029,2090
195.69917688704413,254.9988982114217,62.74245272376021,132.75714662166453,3367
106.0436544940564,286.89994079518027,99.8568507681671,165.3163168969113,3681
144.32534414749622,276.32935525589477,67.76309065692641,135.75808686955855,4325
118.62449382997747,286.85756320374537,69.32243292418116,107.08239947326156,1400
148.53448971344181,202.0161382117894,56.10531021153972,133.19989687804738,2323
183.01772429995873,224.35062607385947,84.00989504282654,182.09593861365303,1004
195.06117747428902,209.00079404459387,62.17325913922408,196.8037522505026,4933
163.42526534515372,244.20830171893493,81.44337976475231,103.97791973977183,4517
135.3905667211817,288.99601216153184,61.157886420146326,156.92838176350693,2258
160.33255656445982,246.7540262266869,69.39361336132339,110.53034330268481,3034
131.20013061084504,284.9713044580394,92.83360459772088,168.03965291560058,3494
190.98236408320605,232.7178238019318,86.9452955737035,100.78922260080509,2870
187.0400463105837,233.95700728052523,57.729544997186174,101.47416257073732,3045
155.8231750279661,289.55617303268775,80.38540836870507,177.6879826430574,3086
132.47989153803604,242.58171465117016,81.43203258369047,107.44353226972979,1199
129.33896755829784,278.9765487794666,54.52842367509305,130.51816742870642,2705
103.34179947050595,223.66435478819014,73.29028271679678,195.8040424103831,4941
181.5820851025295,294.88008296776354,63.033419783380396,198.52471174474712,4931
145.0383213039008,257.4578246530571,73.35650713817415,116.14028618860668,3068
132.51329284002645,275.9323568578402,88.85354956614376,156.090192143585,4758
147.1110354997754,208.95156997948854,57.912977990515984,155.91488284903,4145
181.8737990454652,249.26642258305287,56.16521027940219,145.23806905326134,3843
112.46142077075211,290.1038497734023,63.46582475528865,192.47001582639956,3196
185.76559882418275,287.70386290433044,97.61377251732915,175.40339091241603,1624
189.7508835108354,204.68139572342275,87.39121055924832,176.45269356819438,4355
194.6707915033888,230.36984691289467,50.972793140727326,126.95694317693432,3133
139.74879924226278,244.33200064790802,70.05024212416883,143.43197722016387,2125
121.71404040376719,217.22648143557882,62.86989895401926,148.74236984754532,3578
